sample_id,media_type,edge_blending_score,facial_symmetry_deviation,lighting_inconsistency,ela_difference_mean,fft_high_freq_ratio,noise_pattern_residual,color_space_variance,temporal_jitter,blink_rate_anomaly,is_synthetic,synthetic_confidence,trust_score,risk_level,verdict
MED-10000,Video,0.6199,0.2763,0.2491,6.557,0.5851,0.0922,0.1627,0.1121,0.0052,0,0.01,96,LOW,Authentic Content
MED-10001,Image,0.2036,0.6901,0.5205,31.967,0.1889,0.4658,0.6251,0.0,0.0,1,0.7899,19,CRITICAL,Deepfake Detected
MED-10002,Image,0.7301,0.0488,0.2783,17.924,0.6632,0.1331,0.2705,0.0,0.0,0,0.0195,91,LOW,Authentic Content
MED-10003,Video,0.7975,0.1966,0.2599,11.33,0.6106,0.1076,0.1501,0.0246,0.186,0,0.0693,91,LOW,Authentic Content
MED-10004,Video,0.7915,0.2278,0.2516,13.434,0.5606,0.3223,0.1264,0.0801,0.1163,0,0.01,99,LOW,Authentic Content
MED-10005,Video,0.276,0.6482,0.6602,44.517,0.2727,0.6911,0.6177,0.8669,0.7263,1,0.8191,21,HIGH,Deepfake Detected
MED-10006,Image,0.7595,0.0368,0.1421,7.0,0.4237,0.1103,0.2323,0.0,0.0,0,0.1932,81,LOW,Authentic Content
MED-10007,Video,0.5758,0.1548,0.4017,7.527,0.5562,0.1179,0.1065,0.1571,0.1651,0,0.1275,83,LOW,Authentic Content
MED-10008,Video,0.529,0.0708,0.129,8.549,0.4596,0.027,0.2055,0.0469,0.1484,0,0.0248,99,LOW,Authentic Content
MED-10009,Image,0.1464,0.802,0.5477,41.23,0.2846,0.3928,0.6022,0.0,0.0,1,0.876,16,HIGH,Deepfake Detected
MED-10010,Video,0.6576,0.1681,0.2563,8.812,0.374,0.183,0.306,0.1367,0.0627,0,0.0349,91,LOW,Authentic Content
MED-10011,Video,0.2171,0.4745,0.612,49.044,0.1608,0.8435,0.6446,1.0,0.7141,1,0.7094,28,CRITICAL,Deepfake Detected
MED-10012,Image,0.5949,0.1321,0.2443,9.856,0.5113,0.0692,0.0788,0.0,0.0,0,0.0532,98,LOW,Authentic Content
MED-10013,Image,0.7332,0.1547,0.0771,9.452,0.5873,0.185,0.2843,0.0,0.0,0,0.01,95,LOW,Authentic Content
MED-10014,Video,0.1049,0.8231,0.8112,34.717,0.2407,0.5263,0.5516,0.5326,0.7123,1,0.99,5,HIGH,Deepfake Detected
MED-10015,Image,0.134,0.7624,0.5421,67.168,0.3275,0.8681,0.6795,0.0,0.0,1,0.8515,17,HIGH,Deepfake Detected
MED-10016,Image,0.1345,0.7557,0.8412,24.096,0.1532,0.574,0.5016,0.0,0.0,1,0.99,5,CRITICAL,Deepfake Detected
MED-10017,Video,0.5776,0.0915,0.0648,7.369,0.7446,0.1188,0.1254,0.0353,0.1137,0,0.01,93,LOW,Authentic Content
MED-10018,Video,0.2455,0.7407,0.8474,36.071,0.1849,0.7535,0.5951,0.2785,0.8921,1,0.7885,31,CRITICAL,Deepfake Detected
MED-10019,Image,0.323,0.5916,0.8389,42.784,0.1246,0.7939,0.6169,0.0,0.0,1,0.9313,10,HIGH,Deepfake Detected
MED-10020,Video,0.8168,0.2742,0.1404,6.772,0.5514,0.1207,0.2745,0.0738,0.1769,0,0.0656,96,LOW,Authentic Content
MED-10021,Video,0.8354,0.303,0.2759,1.928,0.4664,0.1923,0.1043,0.1385,0.16,0,0.0381,96,LOW,Authentic Content
MED-10022,Image,0.1427,0.7721,0.9101,33.3,0.1963,0.7395,0.6847,0.0,0.0,1,0.9654,5,CRITICAL,Deepfake Detected
MED-10023,Video,0.1483,0.8086,0.6976,38.272,0.0998,0.647,0.5454,0.6781,0.5759,1,0.9019,17,CRITICAL,Deepfake Detected
MED-10024,Image,0.6772,0.1556,0.2685,9.858,0.5265,0.2565,0.2325,0.0,0.0,0,0.0541,99,LOW,Authentic Content
MED-10025,Image,0.1551,0.6563,0.5303,50.891,0.0352,0.344,0.6235,0.0,0.0,1,0.9071,14,HIGH,Deepfake Detected
MED-10026,Video,0.0407,0.8569,0.6543,17.942,0.2883,0.6317,0.7285,0.333,0.6101,1,0.8505,15,CRITICAL,Deepfake Detected
MED-10027,Video,0.3283,0.4747,0.795,51.225,0.3033,0.5175,0.5435,0.6636,1.0,1,0.8615,21,CRITICAL,Deepfake Detected
MED-10028,Image,0.1412,0.7768,0.9116,26.921,0.2349,0.8193,0.369,0.0,0.0,1,0.7317,16,CRITICAL,Deepfake Detected
MED-10029,Image,0.5309,0.1488,0.2517,7.215,0.3202,0.1196,0.2322,0.0,0.0,0,0.1474,79,LOW,Authentic Content
MED-10030,Image,0.5904,0.3144,0.1513,6.637,0.4629,0.0711,0.1553,0.0,0.0,0,0.01,98,LOW,Authentic Content
MED-10031,Image,0.7592,0.2181,0.1242,5.623,0.5895,0.0872,0.1018,0.0,0.0,0,0.2224,76,LOW,Authentic Content
MED-10032,Image,0.9202,0.0722,0.1872,13.533,0.2252,0.0714,0.1276,0.0,0.0,0,0.0688,92,LOW,Authentic Content
MED-10033,Image,0.7622,0.2344,0.2388,5.141,0.5196,0.2625,0.2812,0.0,0.0,0,0.0536,99,LOW,Authentic Content
MED-10034,Image,0.9525,0.1522,0.1915,6.935,0.4914,0.0925,0.1499,0.0,0.0,0,0.0571,92,LOW,Authentic Content
MED-10035,Image,0.7704,0.1432,0.1281,10.844,0.5801,0.0613,0.2079,0.0,0.0,0,0.1251,80,LOW,Authentic Content
MED-10036,Image,0.2799,0.2689,0.7564,27.648,0.2311,0.3842,0.5721,0.0,0.0,1,0.7289,26,CRITICAL,Deepfake Detected
MED-10037,Image,0.5877,0.1038,0.2796,10.901,0.4332,0.266,0.0584,0.0,0.0,0,0.018,98,LOW,Authentic Content
MED-10038,Image,0.6155,0.1704,0.1265,10.259,0.4818,0.1009,0.2435,0.0,0.0,0,0.1421,76,LOW,Authentic Content
MED-10039,Image,0.5129,0.5288,0.8672,28.377,0.0536,0.6526,0.5513,0.0,0.0,1,0.9323,7,CRITICAL,Deepfake Detected
MED-10040,Video,0.9088,0.118,0.237,16.147,0.5418,0.1349,0.1633,0.0575,0.1698,0,0.0286,97,LOW,Authentic Content
MED-10041,Video,0.1076,0.6133,0.826,27.434,0.2496,0.8669,0.6296,0.9578,0.5839,1,0.7255,28,HIGH,Deepfake Detected
MED-10042,Image,0.7935,0.06,0.1617,8.364,0.7339,0.1554,0.2173,0.0,0.0,0,0.1065,90,LOW,Authentic Content
MED-10043,Image,0.1392,0.6611,1.0,44.787,0.133,0.6287,0.7085,0.0,0.0,1,0.7917,15,HIGH,Deepfake Detected
MED-10044,Video,0.0327,0.5572,0.6837,20.462,0.1603,0.6064,0.2564,0.6102,0.6654,1,0.9196,5,CRITICAL,Deepfake Detected
MED-10045,Image,0.1454,0.6889,0.6104,46.591,0.1708,0.6748,0.8884,0.0,0.0,1,0.7393,24,HIGH,Deepfake Detected
MED-10046,Image,0.5747,0.7106,0.5229,29.166,0.0912,0.9304,0.6923,0.0,0.0,1,0.9772,5,HIGH,Deepfake Detected
MED-10047,Image,0.1652,0.7534,0.6709,35.749,0.2451,0.4995,0.6082,0.0,0.0,1,0.8753,7,HIGH,Deepfake Detected
MED-10048,Video,0.9595,0.2912,0.133,11.872,0.4355,0.0355,0.0755,0.1303,0.0432,0,0.1853,73,LOW,Authentic Content
MED-10049,Video,0.767,0.1475,0.1473,8.001,0.5569,0.0174,0.0921,0.1372,0.1303,0,0.069,93,LOW,Authentic Content
MED-10050,Image,0.9528,0.1941,0.2726,9.854,0.5507,0.179,0.3332,0.0,0.0,0,0.1409,78,LOW,Authentic Content
MED-10051,Image,0.093,0.7098,0.6344,21.62,0.1061,0.4337,0.4629,0.0,0.0,1,0.9554,14,CRITICAL,Deepfake Detected
MED-10052,Video,0.2284,0.6983,0.4835,50.345,0.1518,0.6888,0.6016,0.5597,0.9963,1,0.8453,19,CRITICAL,Deepfake Detected
MED-10053,Video,0.3007,0.8516,0.7096,45.948,0.1942,0.4363,0.6256,0.7299,0.784,1,0.9581,5,CRITICAL,Deepfake Detected
MED-10054,Image,0.2799,0.7112,0.8346,40.106,0.2157,0.6159,0.7155,0.0,0.0,1,0.842,20,CRITICAL,Deepfake Detected
MED-10055,Image,0.8743,0.2522,0.1632,6.661,0.6936,0.1318,0.2825,0.0,0.0,0,0.01,99,LOW,Authentic Content
MED-10056,Image,0.7444,0.1538,0.1334,13.133,0.7959,0.0982,0.1644,0.0,0.0,0,0.1672,89,LOW,Authentic Content
MED-10057,Image,0.8697,0.0659,0.1769,9.02,0.7061,0.0601,0.2787,0.0,0.0,0,0.0672,93,LOW,Authentic Content
MED-10058,Image,0.2322,0.9232,0.6307,32.128,0.1301,0.5611,0.5035,0.0,0.0,1,0.9689,5,HIGH,Deepfake Detected
MED-10059,Video,0.1125,0.7749,1.0,49.754,0.1128,0.6764,0.5365,0.7251,0.7815,1,0.9584,5,CRITICAL,Deepfake Detected
MED-10060,Image,0.8324,0.1493,0.1334,8.983,0.518,0.1913,0.4022,0.0,0.0,0,0.0481,93,LOW,Authentic Content
MED-10061,Image,0.3528,0.7258,0.8349,44.587,0.2653,0.8371,0.7459,0.0,0.0,1,0.9149,6,HIGH,Deepfake Detected
MED-10062,Image,0.1232,0.8718,0.8345,20.627,0.182,0.6644,0.6704,0.0,0.0,1,0.715,26,CRITICAL,Deepfake Detected
MED-10063,Image,0.1783,0.4638,0.6575,40.829,0.2659,0.4858,0.596,0.0,0.0,1,0.78,19,HIGH,Deepfake Detected
MED-10064,Video,0.2928,0.7366,0.7017,14.077,0.2386,0.8228,0.3759,0.5468,0.5155,1,0.8322,11,CRITICAL,Deepfake Detected
MED-10065,Video,0.8436,0.0582,0.3462,4.455,0.3369,0.0785,0.1964,0.1122,0.1055,0,0.1011,84,LOW,Authentic Content
MED-10066,Image,0.4051,0.6455,0.7998,43.873,0.2314,0.8627,0.6036,0.0,0.0,1,0.9209,5,CRITICAL,Deepfake Detected
MED-10067,Video,0.7745,0.0355,0.0368,10.176,0.4438,0.1797,0.1778,0.0987,0.1096,0,0.0387,99,LOW,Authentic Content
MED-10068,Video,0.8664,0.1462,0.3962,8.121,0.583,0.2269,0.1299,0.1019,0.1038,0,0.0748,91,LOW,Authentic Content
MED-10069,Image,0.7987,0.1958,0.2048,5.405,0.7374,0.1415,0.2315,0.0,0.0,0,0.1209,85,LOW,Authentic Content
MED-10070,Image,0.2712,0.7096,0.7762,64.69,0.1504,0.6827,0.4562,0.0,0.0,1,0.7971,20,CRITICAL,Deepfake Detected
MED-10071,Video,0.6486,0.7646,0.684,18.477,0.2119,0.7536,0.522,0.9033,0.5161,1,0.7036,21,CRITICAL,Deepfake Detected
MED-10072,Image,0.5249,0.8125,0.8321,40.651,0.2226,0.4494,0.7452,0.0,0.0,1,0.9277,9,HIGH,Deepfake Detected
MED-10073,Image,0.7485,0.1267,0.2289,6.903,0.6126,0.0,0.2919,0.0,0.0,0,0.01,97,LOW,Authentic Content
MED-10074,Image,0.0642,0.5738,0.7134,44.224,0.1861,0.4447,0.6996,0.0,0.0,1,0.8006,23,CRITICAL,Deepfake Detected
MED-10075,Image,0.0815,0.9915,0.7708,54.085,0.1557,0.7108,0.5408,0.0,0.0,1,0.7949,24,HIGH,Deepfake Detected
MED-10076,Image,0.8016,0.1859,0.2625,9.413,0.6398,0.0,0.3671,0.0,0.0,0,0.0716,97,LOW,Authentic Content
MED-10077,Video,0.6329,0.0979,0.1628,8.961,0.6244,0.1497,0.212,0.1182,0.2642,0,0.0765,93,LOW,Authentic Content
MED-10078,Video,0.9317,0.2035,0.327,4.188,0.5563,0.0747,0.1949,0.1164,0.1393,0,0.1053,95,LOW,Authentic Content
MED-10079,Image,0.2138,0.7655,0.6783,55.008,0.168,0.6701,0.5592,0.0,0.0,1,0.8516,8,HIGH,Deepfake Detected
MED-10080,Image,0.0692,0.4815,0.7438,30.099,0.2672,0.8954,0.3101,0.0,0.0,1,0.7817,9,CRITICAL,Deepfake Detected
MED-10081,Image,0.7516,0.0041,0.3046,10.174,0.5914,0.1712,0.2607,0.0,0.0,0,0.0969,90,LOW,Authentic Content
MED-10082,Video,0.7727,0.074,0.091,4.337,0.5416,0.2035,0.2735,0.0215,0.0606,0,0.1364,82,LOW,Authentic Content
MED-10083,Video,0.4896,0.1678,0.0366,9.742,0.5176,0.1531,0.2179,0.1682,0.1275,0,0.0542,95,LOW,Authentic Content
MED-10084,Video,0.2625,0.4855,0.5459,30.185,0.1225,0.7932,0.5446,0.8446,0.599,1,0.8779,23,CRITICAL,Deepfake Detected
MED-10085,Video,0.6899,0.1396,0.2902,13.882,0.3356,0.1361,0.3168,0.0157,0.1389,0,0.0799,93,LOW,Authentic Content
MED-10086,Image,0.6152,0.2803,0.0809,5.71,0.4496,0.1081,0.1393,0.0,0.0,0,0.082,89,LOW,Authentic Content
MED-10087,Video,0.5641,0.7361,0.8173,61.859,0.1592,0.9263,0.5916,0.4974,0.5514,1,0.9129,8,CRITICAL,Deepfake Detected
MED-10088,Image,0.1433,0.4689,0.8898,40.201,0.3655,0.7129,0.603,0.0,0.0,1,0.8191,20,HIGH,Deepfake Detected
MED-10089,Image,0.3885,0.4803,0.7322,46.997,0.1122,0.3938,0.8387,0.0,0.0,1,0.7369,26,CRITICAL,Deepfake Detected
MED-10090,Video,0.3904,0.8549,0.7574,42.36,0.1266,0.8087,0.559,0.484,0.7805,1,0.7602,24,HIGH,Deepfake Detected
MED-10091,Image,0.2527,0.8027,0.6289,44.856,0.0,0.6602,0.5354,0.0,0.0,1,0.7508,25,HIGH,Deepfake Detected
MED-10092,Image,0.6716,0.724,0.5506,45.699,0.3025,0.845,0.5544,0.0,0.0,1,0.99,5,HIGH,Deepfake Detected
MED-10093,Image,0.7962,0.1636,0.0419,11.394,0.5799,0.2573,0.1165,0.0,0.0,0,0.0675,92,LOW,Authentic Content
MED-10094,Image,0.7721,0.2107,0.1773,7.59,0.473,0.1191,0.269,0.0,0.0,0,0.0322,97,LOW,Authentic Content
MED-10095,Image,0.6736,0.1963,0.0036,15.412,0.3768,0.1176,0.2935,0.0,0.0,0,0.0282,87,LOW,Authentic Content
MED-10096,Image,0.832,0.2332,0.0361,6.776,0.5094,0.1753,0.3128,0.0,0.0,0,0.1529,85,LOW,Authentic Content
MED-10097,Image,0.2998,0.5783,0.6879,39.581,0.199,0.5772,0.4837,0.0,0.0,1,0.9799,8,HIGH,Deepfake Detected
MED-10098,Image,0.1304,0.5738,0.8594,29.418,0.0663,0.8902,0.5413,0.0,0.0,1,0.8249,20,CRITICAL,Deepfake Detected
MED-10099,Image,0.471,0.8192,0.9238,60.091,0.2397,0.7449,0.4776,0.0,0.0,1,0.8859,6,HIGH,Deepfake Detected
MED-10100,Video,0.6588,0.1235,0.2077,11.055,0.6233,0.085,0.1866,0.1141,0.1051,0,0.1764,84,LOW,Authentic Content
MED-10101,Video,0.3023,0.6845,0.776,30.684,0.1377,0.7438,0.7286,0.6238,0.7463,1,0.99,5,CRITICAL,Deepfake Detected
MED-10102,Video,0.1595,0.781,0.6849,38.265,0.2463,0.5017,0.7346,0.5439,0.7391,1,0.7099,23,CRITICAL,Deepfake Detected
MED-10103,Video,0.9433,0.0615,0.245,6.895,0.7272,0.096,0.218,0.1466,0.0349,0,0.01,92,LOW,Authentic Content
MED-10104,Image,0.2337,0.6356,0.9359,62.573,0.3449,0.8433,0.7029,0.0,0.0,1,0.9093,9,HIGH,Deepfake Detected
MED-10105,Image,0.7745,0.2264,0.0,11.003,0.4682,0.0668,0.1325,0.0,0.0,0,0.0719,94,LOW,Authentic Content
MED-10106,Video,0.1127,0.9581,0.6711,41.64,0.2718,0.6013,0.7238,0.2713,0.512,1,0.8849,12,HIGH,Deepfake Detected
MED-10107,Video,0.416,0.1344,0.2262,6.336,0.3796,0.0,0.1978,0.1886,0.2197,0,0.0526,92,LOW,Authentic Content
MED-10108,Image,0.2639,0.6982,0.706,36.056,0.1098,0.5177,0.5528,0.0,0.0,1,0.8867,9,HIGH,Deepfake Detected
MED-10109,Image,0.7389,0.8126,0.7546,39.548,0.2362,0.6655,0.5669,0.0,0.0,1,0.7896,25,HIGH,Deepfake Detected
MED-10110,Image,0.6418,0.1778,0.1139,5.364,0.5441,0.1889,0.1187,0.0,0.0,0,0.0837,93,LOW,Authentic Content
MED-10111,Video,0.8273,0.0837,0.2193,11.364,0.2364,0.0594,0.2495,0.2029,0.1212,0,0.0363,95,LOW,Authentic Content
MED-10112,Video,0.9136,0.1092,0.191,13.886,0.5588,0.1049,0.1767,0.0218,0.173,0,0.0753,91,LOW,Authentic Content
MED-10113,Video,0.8113,0.1045,0.1902,3.166,0.6303,0.0799,0.3499,0.154,0.0932,0,0.1569,84,LOW,Authentic Content
MED-10114,Video,0.7266,0.1158,0.1499,6.787,0.4054,0.1454,0.365,0.0466,0.1215,0,0.1647,83,LOW,Authentic Content
MED-10115,Video,0.4143,0.6417,0.8862,69.575,0.2264,0.7021,0.6033,0.5564,0.7508,1,0.8205,26,CRITICAL,Deepfake Detected
MED-10116,Image,0.977,0.1014,0.1351,11.674,0.5855,0.0696,0.1548,0.0,0.0,0,0.0554,91,LOW,Authentic Content
MED-10117,Video,0.021,0.6153,0.7253,40.127,0.2098,0.5236,0.7234,0.4182,0.6397,1,0.9024,14,CRITICAL,Deepfake Detected
MED-10118,Image,0.0517,0.4825,0.7691,44.37,0.2308,0.8276,0.6292,0.0,0.0,1,0.8259,12,CRITICAL,Deepfake Detected
MED-10119,Image,0.6665,0.1072,0.1719,9.362,0.5429,0.1626,0.1652,0.0,0.0,0,0.1108,87,LOW,Authentic Content
MED-10120,Video,0.0774,0.7351,0.9773,35.818,0.1521,0.6469,0.5436,0.764,0.4576,1,0.7446,20,CRITICAL,Deepfake Detected
MED-10121,Video,0.684,0.2087,0.1216,8.491,0.4639,0.076,0.2029,0.1174,0.1898,0,0.0959,92,LOW,Authentic Content
MED-10122,Video,0.1526,0.9011,0.6707,49.13,0.1984,0.9868,0.4464,0.8399,0.9624,1,0.7486,29,CRITICAL,Deepfake Detected
MED-10123,Image,0.8966,0.1535,0.3326,6.021,0.5434,0.0755,0.0944,0.0,0.0,0,0.0433,95,LOW,Authentic Content
MED-10124,Image,0.6527,0.1566,0.0488,7.118,0.4297,0.1392,0.3072,0.0,0.0,0,0.01,99,LOW,Authentic Content
MED-10125,Image,0.3254,0.8414,0.723,61.314,0.1751,0.5367,0.3984,0.0,0.0,1,0.6697,25,CRITICAL,Deepfake Detected
MED-10126,Video,0.4142,0.7017,0.6339,30.001,0.2074,0.5168,0.3149,0.4601,0.654,1,0.99,5,HIGH,Deepfake Detected
MED-10127,Image,0.725,0.1421,0.1817,10.679,0.548,0.1772,0.223,0.0,0.0,0,0.0433,97,LOW,Authentic Content
MED-10128,Image,0.0896,0.6607,0.4565,31.915,0.1874,0.6756,0.4567,0.0,0.0,1,0.9766,5,CRITICAL,Deepfake Detected
MED-10129,Video,0.5679,0.6401,0.9207,44.837,0.2191,0.3589,0.4968,0.2896,0.8757,1,0.99,5,CRITICAL,Deepfake Detected
MED-10130,Image,0.709,0.2548,0.3056,6.232,0.4949,0.019,0.1355,0.0,0.0,0,0.1379,92,LOW,Authentic Content
MED-10131,Image,0.7317,0.1121,0.1787,10.112,0.5208,0.0938,0.1912,0.0,0.0,0,0.0747,91,LOW,Authentic Content
MED-10132,Image,0.5191,0.2058,0.15,12.306,0.5644,0.1136,0.2358,0.0,0.0,0,0.01,94,LOW,Authentic Content
MED-10133,Image,0.2829,0.4098,0.644,29.047,0.1303,0.6231,0.5233,0.0,0.0,1,0.6521,38,CRITICAL,Deepfake Detected
MED-10134,Image,0.7147,0.222,0.0693,9.938,0.4642,0.1136,0.4115,0.0,0.0,0,0.01,99,LOW,Authentic Content
MED-10135,Video,0.3261,0.722,0.807,34.065,0.2102,0.6453,0.7151,0.6107,0.434,1,0.9762,5,HIGH,Deepfake Detected
MED-10136,Image,0.5447,0.1679,0.2875,7.021,0.5698,0.2095,0.2933,0.0,0.0,0,0.0677,92,LOW,Authentic Content
MED-10137,Video,0.3718,0.6217,0.8533,51.714,0.1472,0.5305,0.7174,0.5243,0.5658,1,0.7816,26,CRITICAL,Deepfake Detected
MED-10138,Image,0.7422,0.2073,0.252,10.84,0.6627,0.1625,0.2281,0.0,0.0,0,0.1442,85,LOW,Authentic Content
MED-10139,Image,0.7271,0.1061,0.0096,8.947,0.5201,0.071,0.2527,0.0,0.0,0,0.1363,79,LOW,Authentic Content
MED-10140,Image,0.7325,0.2061,0.1562,1.186,0.5963,0.0456,0.2048,0.0,0.0,0,0.0966,95,LOW,Authentic Content
MED-10141,Video,0.3259,0.0468,0.1989,6.479,0.6169,0.0616,0.2381,0.1253,0.1836,0,0.2456,77,LOW,Authentic Content
MED-10142,Image,0.6798,0.0742,0.106,12.124,0.52,0.1194,0.1738,0.0,0.0,0,0.0893,94,LOW,Authentic Content
MED-10143,Image,0.5789,0.1109,0.2036,8.878,0.6221,0.1118,0.2312,0.0,0.0,0,0.0738,93,LOW,Authentic Content
MED-10144,Image,0.1273,0.5575,0.7324,40.868,0.1306,0.5994,0.6539,0.0,0.0,1,0.9704,5,HIGH,Deepfake Detected
MED-10145,Image,0.2532,0.4969,0.8929,34.659,0.1483,0.7272,0.5355,0.0,0.0,1,0.99,5,CRITICAL,Deepfake Detected
MED-10146,Image,0.0637,0.8015,0.5535,58.212,0.108,0.7521,0.5406,0.0,0.0,1,0.9103,5,HIGH,Deepfake Detected
MED-10147,Image,0.262,0.5308,0.8291,9.581,0.1738,0.6524,0.6446,0.0,0.0,1,0.8458,9,CRITICAL,Deepfake Detected
MED-10148,Video,0.4101,0.7088,0.7343,57.088,0.0809,0.4152,0.5998,0.6292,0.726,1,0.8744,5,CRITICAL,Deepfake Detected
MED-10149,Image,0.7075,0.0185,0.1174,8.056,0.5845,0.1231,0.1835,0.0,0.0,0,0.041,93,LOW,Authentic Content
MED-10150,Video,0.8783,0.1697,0.0632,13.723,0.3796,0.1709,0.2511,0.0882,0.1042,0,0.01,99,LOW,Authentic Content
MED-10151,Image,0.9004,0.3172,0.1834,10.246,0.5205,0.0224,0.1576,0.0,0.0,0,0.0935,94,LOW,Authentic Content
MED-10152,Image,0.9111,0.1287,0.2203,9.499,0.5258,0.1399,0.1661,0.0,0.0,0,0.01,96,LOW,Authentic Content
MED-10153,Video,0.2178,0.6829,0.7081,23.58,0.1031,0.7829,0.7471,0.8316,0.7348,1,0.7297,25,CRITICAL,Deepfake Detected
MED-10154,Image,0.684,0.0484,0.2594,6.618,0.4636,0.136,0.1651,0.0,0.0,0,0.076,99,LOW,Authentic Content
MED-10155,Image,0.9166,0.0217,0.012,11.726,0.4378,0.1674,0.0424,0.0,0.0,0,0.1336,81,LOW,Authentic Content
MED-10156,Video,0.9534,0.1526,0.1434,10.602,0.5327,0.1551,0.3581,0.0218,0.217,0,0.0863,87,LOW,Authentic Content
MED-10157,Video,0.0462,0.6192,0.5168,38.355,0.0798,0.7082,0.6864,0.5443,0.3094,1,0.8699,10,CRITICAL,Deepfake Detected
MED-10158,Video,0.574,0.7279,0.8166,7.8,0.1215,0.4863,0.4564,0.4852,0.8826,1,0.9321,5,CRITICAL,Deepfake Detected
MED-10159,Video,0.7866,0.0592,0.1262,13.178,0.7287,0.1787,0.2068,0.0596,0.0702,0,0.1114,90,LOW,Authentic Content
MED-10160,Image,0.6124,0.7989,0.6662,41.502,0.3397,1.0,0.6528,0.0,0.0,1,0.8317,22,CRITICAL,Deepfake Detected
MED-10161,Video,0.7576,0.1837,0.1318,10.09,0.3641,0.0467,0.2847,0.1469,0.158,0,0.0853,81,LOW,Authentic Content
MED-10162,Video,0.8067,0.1443,0.1746,9.792,0.6129,0.0599,0.2155,0.166,0.2292,0,0.0824,90,LOW,Authentic Content
MED-10163,Image,0.307,0.5506,0.7727,48.218,0.128,0.7735,0.7134,0.0,0.0,1,0.99,5,CRITICAL,Deepfake Detected
MED-10164,Image,0.1682,0.4527,0.6319,56.905,0.1371,0.3768,0.446,0.0,0.0,1,0.9736,5,HIGH,Deepfake Detected
MED-10165,Video,0.2333,0.4811,0.6788,32.164,0.1394,0.383,0.4206,0.6339,0.927,1,0.7887,11,CRITICAL,Deepfake Detected
MED-10166,Image,0.9312,0.1398,0.1987,8.443,0.4334,0.1306,0.1563,0.0,0.0,0,0.0637,99,LOW,Authentic Content
MED-10167,Image,0.3112,0.8321,0.5628,27.49,0.2614,0.6934,0.6462,0.0,0.0,1,0.8841,19,HIGH,Deepfake Detected
MED-10168,Image,0.5037,0.7571,0.7046,44.47,0.1492,0.7173,0.4763,0.0,0.0,1,0.8359,15,CRITICAL,Deepfake Detected
MED-10169,Image,0.8235,0.1431,0.0637,10.614,0.4596,0.1358,0.2235,0.0,0.0,0,0.0659,90,LOW,Authentic Content
MED-10170,Image,0.4562,0.1259,0.1278,9.038,0.58,0.1483,0.2061,0.0,0.0,0,0.1246,89,LOW,Authentic Content
MED-10171,Video,0.0911,0.5871,0.8702,66.866,0.1171,0.429,0.6165,0.7499,0.6654,1,0.99,5,CRITICAL,Deepfake Detected
MED-10172,Image,0.7724,0.2188,0.1179,8.214,0.6152,0.119,0.2202,0.0,0.0,0,0.0574,99,LOW,Authentic Content
MED-10173,Image,0.5511,0.1772,0.1175,9.355,0.3991,0.053,0.208,0.0,0.0,0,0.01,90,LOW,Authentic Content
MED-10174,Video,0.7392,0.1296,0.0769,3.428,0.6049,0.1205,0.2852,0.0,0.036,0,0.0809,93,LOW,Authentic Content
MED-10175,Video,0.1995,0.5104,0.5817,44.917,0.097,0.769,0.5935,0.934,0.6578,1,0.8925,9,HIGH,Deepfake Detected
MED-10176,Video,0.1961,0.5911,0.863,63.561,0.0531,0.3492,0.8045,0.6901,0.5698,1,0.9035,14,CRITICAL,Deepfake Detected
MED-10177,Image,0.2689,0.7183,0.7807,28.827,0.1422,0.4445,0.5641,0.0,0.0,1,0.8677,11,CRITICAL,Deepfake Detected
MED-10178,Image,0.1178,0.8238,0.7593,59.603,0.2098,0.7123,0.5736,0.0,0.0,1,0.9724,5,HIGH,Deepfake Detected
MED-10179,Video,0.9217,0.1449,0.1552,11.492,0.5795,0.1227,0.2153,0.072,0.1084,0,0.0402,94,LOW,Authentic Content
MED-10180,Image,0.4877,0.5016,0.6939,31.089,0.3209,0.6047,0.7347,0.0,0.0,1,0.9468,8,HIGH,Deepfake Detected
MED-10181,Image,0.0849,0.907,0.784,55.97,0.2364,0.7762,0.5901,0.0,0.0,1,0.99,6,HIGH,Deepfake Detected
MED-10182,Image,0.4136,0.7495,0.7958,55.801,0.2427,0.6997,0.8038,0.0,0.0,1,0.961,12,HIGH,Deepfake Detected
MED-10183,Image,0.8562,0.095,0.1814,11.358,0.4111,0.2112,0.2409,0.0,0.0,0,0.1418,83,LOW,Authentic Content
MED-10184,Image,0.5101,0.8458,0.8036,27.12,0.2171,0.4313,0.6818,0.0,0.0,1,0.7267,30,CRITICAL,Deepfake Detected
MED-10185,Image,0.9192,0.0,0.1501,9.92,0.4554,0.124,0.1012,0.0,0.0,0,0.1499,87,LOW,Authentic Content
MED-10186,Video,0.1611,0.4497,0.8826,28.765,0.2095,0.7005,0.5683,0.5293,0.8822,1,0.7902,26,CRITICAL,Deepfake Detected
MED-10187,Image,0.432,0.2004,0.2148,12.018,0.7615,0.1814,0.2199,0.0,0.0,0,0.1427,86,LOW,Authentic Content
MED-10188,Image,0.3602,0.597,0.7715,13.3,0.23,0.7916,0.5089,0.0,0.0,1,0.8624,19,CRITICAL,Deepfake Detected
MED-10189,Video,0.6105,0.1503,0.0619,11.237,0.5685,0.0587,0.1035,0.1187,0.0961,0,0.1892,84,LOW,Authentic Content
MED-10190,Image,0.5997,0.2183,0.0918,18.917,0.3876,0.1012,0.0676,0.0,0.0,0,0.1123,89,LOW,Authentic Content
MED-10191,Image,0.3426,0.6123,0.8504,41.635,0.2066,0.7779,0.6315,0.0,0.0,1,0.8159,21,CRITICAL,Deepfake Detected
MED-10192,Video,0.6569,0.156,0.1335,7.512,0.4953,0.0752,0.1859,0.0226,0.0905,0,0.0629,92,LOW,Authentic Content
MED-10193,Video,0.3543,0.6106,0.5516,25.995,0.141,0.5937,0.4876,0.3867,0.6316,1,0.8681,11,HIGH,Deepfake Detected
MED-10194,Video,0.7997,0.0821,0.3017,9.188,0.5484,0.0562,0.1067,0.1009,0.0344,0,0.1269,83,LOW,Authentic Content
MED-10195,Image,0.7867,0.0992,0.2288,13.944,0.6555,0.1609,0.1669,0.0,0.0,0,0.1284,92,LOW,Authentic Content
MED-10196,Video,0.2499,0.4692,0.2545,20.873,0.146,0.8157,0.5472,0.8098,0.6211,1,0.6536,33,CRITICAL,Deepfake Detected
MED-10197,Image,0.2118,1.0,0.7614,20.3,0.2982,0.4632,0.606,0.0,0.0,1,0.7403,21,HIGH,Deepfake Detected
MED-10198,Video,0.8716,0.1676,0.1321,12.383,0.5339,0.0693,0.2321,0.1234,0.1512,0,0.0213,95,LOW,Authentic Content
MED-10199,Image,0.1175,0.8643,0.7001,24.293,0.1228,0.6081,0.6795,0.0,0.0,1,0.8473,10,HIGH,Deepfake Detected
MED-10200,Video,0.4742,0.1335,0.0,6.451,0.4569,0.2033,0.1692,0.1191,0.1285,0,0.01,99,LOW,Authentic Content
MED-10201,Image,0.2526,0.6032,0.6798,41.948,0.1764,0.5821,0.5116,0.0,0.0,1,0.883,7,CRITICAL,Deepfake Detected
MED-10202,Video,0.8071,0.1787,0.2479,4.286,0.6091,0.1268,0.1488,0.0917,0.212,0,0.0883,88,LOW,Authentic Content
MED-10203,Video,0.6816,0.1672,0.0745,12.214,0.5598,0.152,0.123,0.051,0.1795,0,0.1423,81,LOW,Authentic Content
MED-10204,Image,0.4862,0.1127,0.1378,4.159,0.3886,0.1379,0.1956,0.0,0.0,0,0.1091,82,LOW,Authentic Content
MED-10205,Video,0.7082,0.2717,0.2309,10.647,0.5963,0.053,0.0634,0.0223,0.1038,0,0.1156,84,LOW,Authentic Content
MED-10206,Image,0.6825,0.1293,0.2006,14.194,0.5125,0.009,0.2624,0.0,0.0,0,0.01,94,LOW,Authentic Content
MED-10207,Image,0.5683,0.0823,0.3518,11.035,0.494,0.1716,0.2373,0.0,0.0,0,0.1104,89,LOW,Authentic Content
MED-10208,Image,0.4558,0.1982,0.2181,15.483,0.3107,0.1549,0.1947,0.0,0.0,0,0.107,87,LOW,Authentic Content
MED-10209,Video,0.6811,0.0432,0.0121,11.8,0.5715,0.146,0.0269,0.0836,0.1892,0,0.0489,90,LOW,Authentic Content
MED-10210,Image,0.7884,0.1941,0.2236,9.816,0.4249,0.0,0.2329,0.0,0.0,0,0.0688,94,LOW,Authentic Content
MED-10211,Image,0.8345,0.0714,0.3351,9.947,0.5038,0.0776,0.2213,0.0,0.0,0,0.0256,98,LOW,Authentic Content
MED-10212,Image,0.6539,0.1231,0.0395,13.029,0.4642,0.1027,0.1145,0.0,0.0,0,0.01,99,LOW,Authentic Content
MED-10213,Image,0.8152,0.1234,0.072,7.177,0.5384,0.1811,0.2011,0.0,0.0,0,0.01,99,LOW,Authentic Content
MED-10214,Video,0.3012,0.9354,0.9986,42.711,0.3101,0.5696,0.5442,0.6693,0.7228,1,0.9755,5,CRITICAL,Deepfake Detected
MED-10215,Image,0.0432,0.2804,0.4655,47.617,0.1724,0.7171,0.4763,0.0,0.0,1,0.9779,8,CRITICAL,Deepfake Detected
MED-10216,Video,0.4883,0.2356,0.2199,4.168,0.4342,0.0583,0.0201,0.1631,0.1003,0,0.0597,99,LOW,Authentic Content
MED-10217,Image,0.1163,0.9283,0.6677,32.413,0.1325,0.633,0.59,0.0,0.0,1,0.798,20,HIGH,Deepfake Detected
MED-10218,Video,0.7254,0.1097,0.1837,9.751,0.6342,0.0587,0.2379,0.0866,0.1708,0,0.01,98,LOW,Authentic Content
MED-10219,Video,0.1206,0.5977,0.7045,27.74,0.2474,0.5909,0.2312,0.5525,0.5442,1,0.6869,32,CRITICAL,Deepfake Detected
MED-10220,Video,0.107,0.5758,0.9577,28.119,0.3054,0.5125,0.643,0.4152,0.7785,1,0.8174,13,CRITICAL,Deepfake Detected
MED-10221,Image,0.6258,0.2278,0.0807,7.042,0.4264,0.1998,0.1043,0.0,0.0,0,0.1336,90,LOW,Authentic Content
MED-10222,Image,0.6334,0.945,0.8198,15.902,0.1502,0.72,0.6022,0.0,0.0,1,0.8925,18,CRITICAL,Deepfake Detected
MED-10223,Video,0.8995,0.0958,0.2328,6.814,0.4656,0.1737,0.2721,0.1844,0.2174,0,0.135,79,LOW,Authentic Content
MED-10224,Video,0.9456,0.2106,0.1073,10.685,0.6487,0.1395,0.1771,0.0,0.1075,0,0.112,87,LOW,Authentic Content
MED-10225,Image,0.8989,0.3029,0.1309,5.154,0.5463,0.1246,0.3298,0.0,0.0,0,0.1971,77,LOW,Authentic Content
MED-10226,Video,0.7959,0.2118,0.0902,11.828,0.7482,0.1347,0.2089,0.1076,0.1909,0,0.1496,84,LOW,Authentic Content
MED-10227,Image,0.6286,0.2649,0.2849,3.84,0.2836,0.1625,0.1392,0.0,0.0,0,0.0972,96,LOW,Authentic Content
MED-10228,Image,0.2027,0.8833,0.7235,34.895,0.2287,1.0,0.5919,0.0,0.0,1,0.7658,15,HIGH,Deepfake Detected
MED-10229,Image,0.8607,0.172,0.2949,9.383,0.3752,0.0555,0.3341,0.0,0.0,0,0.0233,93,LOW,Authentic Content
MED-10230,Video,0.636,0.2062,0.2279,9.466,0.7313,0.12,0.1055,0.1225,0.2452,0,0.0191,96,LOW,Authentic Content
MED-10231,Video,0.4686,0.0986,0.1977,5.036,0.3341,0.1355,0.2883,0.1238,0.1199,0,0.0446,91,LOW,Authentic Content
MED-10232,Video,0.7857,0.2529,0.306,3.503,0.3561,0.1111,0.2402,0.1898,0.1624,0,0.0654,89,LOW,Authentic Content
MED-10233,Image,0.6776,0.5032,0.6473,34.409,0.2143,0.6623,0.5087,0.0,0.0,1,0.8334,10,HIGH,Deepfake Detected
MED-10234,Video,0.3366,0.4269,0.6901,50.019,0.3067,0.4712,0.8191,0.4797,0.7259,1,0.9011,9,CRITICAL,Deepfake Detected
MED-10235,Image,0.1236,0.6258,0.7908,29.761,0.3532,0.8405,0.6055,0.0,0.0,1,0.9527,5,HIGH,Deepfake Detected
MED-10236,Image,0.9653,0.0858,0.16,4.177,0.4292,0.1304,0.2962,0.0,0.0,0,0.099,89,LOW,Authentic Content
MED-10237,Video,0.1161,0.6652,0.7983,28.738,0.1719,0.5712,0.896,0.7157,0.728,1,0.8973,6,CRITICAL,Deepfake Detected
MED-10238,Video,0.721,0.1028,0.0637,6.337,0.4471,0.1154,0.2341,0.1209,0.0134,0,0.1438,86,LOW,Authentic Content
MED-10239,Video,0.6016,0.942,1.0,49.168,0.2259,0.4458,0.4254,0.6727,0.7218,1,0.7886,13,CRITICAL,Deepfake Detected
MED-10240,Image,0.2778,0.618,0.6446,36.87,0.2029,0.2502,0.2948,0.0,0.0,1,0.8161,18,CRITICAL,Deepfake Detected
MED-10241,Image,0.4972,0.1642,0.1958,3.521,0.4706,0.1279,0.1636,0.0,0.0,0,0.0669,92,LOW,Authentic Content
MED-10242,Image,0.7215,0.1605,0.268,0.83,0.6584,0.2032,0.1758,0.0,0.0,0,0.01,97,LOW,Authentic Content
MED-10243,Image,0.7526,0.1906,0.0968,2.608,0.4808,0.1072,0.2397,0.0,0.0,0,0.0479,97,LOW,Authentic Content
MED-10244,Video,0.939,0.045,0.1841,8.379,0.4598,0.0377,0.2258,0.0969,0.15,0,0.048,99,LOW,Authentic Content
MED-10245,Image,0.6407,0.1726,0.1084,9.685,0.6735,0.0,0.2402,0.0,0.0,0,0.01,95,LOW,Authentic Content
MED-10246,Image,0.7176,0.0565,0.0151,4.52,0.6997,0.2315,0.1917,0.0,0.0,0,0.01,99,LOW,Authentic Content
MED-10247,Video,0.7342,0.1001,0.2591,4.429,0.6852,0.1388,0.255,0.1733,0.0533,0,0.0779,90,LOW,Authentic Content
MED-10248,Image,0.0584,0.6458,0.8097,39.977,0.1709,0.4421,0.6079,0.0,0.0,1,0.7743,25,CRITICAL,Deepfake Detected
MED-10249,Image,0.0115,0.8411,0.8954,43.2,0.3047,0.5798,0.5973,0.0,0.0,1,0.9327,5,HIGH,Deepfake Detected
MED-10250,Image,0.923,0.299,0.1864,3.673,0.4365,0.0649,0.2992,0.0,0.0,0,0.0562,98,LOW,Authentic Content
MED-10251,Image,0.3222,0.8299,0.8963,52.257,0.1021,0.8111,0.6203,0.0,0.0,1,0.8273,14,HIGH,Deepfake Detected
MED-10252,Image,0.1379,0.5614,0.6071,18.188,0.2248,0.68,0.7005,0.0,0.0,1,0.7799,17,CRITICAL,Deepfake Detected
MED-10253,Video,0.1882,0.4609,0.9857,27.125,0.1133,0.7722,0.3949,0.5061,0.7895,1,0.7866,28,CRITICAL,Deepfake Detected
MED-10254,Video,0.1465,0.7487,0.7168,29.756,0.1566,0.5774,0.6988,0.5143,0.6434,1,0.9217,9,CRITICAL,Deepfake Detected
MED-10255,Video,0.9232,0.2484,0.1944,15.944,0.4768,0.0763,0.2299,0.1156,0.1916,0,0.01,99,LOW,Authentic Content
MED-10256,Image,0.2764,0.5717,0.56,48.342,0.1748,0.6617,0.5888,0.0,0.0,1,0.835,14,CRITICAL,Deepfake Detected
MED-10257,Video,0.7687,0.082,0.1026,16.232,0.5655,0.1427,0.1526,0.1157,0.1484,0,0.1362,82,LOW,Authentic Content
MED-10258,Video,0.3402,0.6466,0.7302,40.748,0.0692,0.7769,0.6996,0.4887,0.5466,1,0.8197,20,HIGH,Deepfake Detected
MED-10259,Image,0.6426,0.059,0.1822,8.952,0.4526,0.0268,0.3397,0.0,0.0,0,0.164,82,LOW,Authentic Content
MED-10260,Video,0.4047,0.1567,0.3286,11.338,0.3193,0.1198,0.2017,0.0886,0.1572,0,0.01,97,LOW,Authentic Content
MED-10261,Video,0.7178,0.162,0.154,7.78,0.6088,0.122,0.1167,0.0383,0.0306,0,0.1673,86,LOW,Authentic Content
MED-10262,Image,0.8253,0.3024,0.1255,12.184,0.5234,0.1073,0.3203,0.0,0.0,0,0.0794,93,LOW,Authentic Content
MED-10263,Video,0.4347,0.7233,0.6412,21.446,0.1386,0.5659,0.7036,0.4285,0.5815,1,0.8735,6,HIGH,Deepfake Detected
MED-10264,Image,0.5649,0.138,0.1506,4.551,0.3793,0.1479,0.156,0.0,0.0,0,0.099,86,LOW,Authentic Content
MED-10265,Image,0.6056,0.1969,0.1429,9.1,0.4911,0.1205,0.174,0.0,0.0,0,0.0701,93,LOW,Authentic Content
MED-10266,Image,0.8979,0.0786,0.2262,8.321,0.2838,0.1593,0.2649,0.0,0.0,0,0.0204,99,LOW,Authentic Content
MED-10267,Image,0.1762,0.6226,0.7027,33.728,0.0853,0.586,0.6123,0.0,0.0,1,0.8455,16,CRITICAL,Deepfake Detected
MED-10268,Video,0.7904,0.1723,0.2576,3.827,0.387,0.0359,0.3056,0.1149,0.0549,0,0.0534,99,LOW,Authentic Content
MED-10269,Image,0.858,0.0712,0.3064,6.494,0.584,0.2046,0.1884,0.0,0.0,0,0.0603,97,LOW,Authentic Content
MED-10270,Image,0.0639,0.5894,0.5263,32.066,0.1589,0.4802,0.5745,0.0,0.0,1,0.8973,9,HIGH,Deepfake Detected
MED-10271,Image,0.1665,0.4715,0.7421,25.332,0.0618,0.5317,0.723,0.0,0.0,1,0.945,6,HIGH,Deepfake Detected
MED-10272,Image,0.9044,0.1738,0.1708,6.184,0.172,0.1619,0.1798,0.0,0.0,0,0.1708,84,LOW,Authentic Content
MED-10273,Image,0.4135,0.7039,0.8,47.917,0.2297,0.5968,0.7112,0.0,0.0,1,0.8376,13,CRITICAL,Deepfake Detected
MED-10274,Video,0.9564,0.0368,0.1997,11.733,0.4186,0.0301,0.1927,0.0956,0.1529,0,0.137,86,LOW,Authentic Content
MED-10275,Video,0.3235,0.824,0.7847,24.348,0.1938,0.7574,0.7634,0.7798,0.8141,1,0.856,16,HIGH,Deepfake Detected
MED-10276,Image,0.4281,0.8547,0.7078,48.741,0.1504,0.6655,0.5627,0.0,0.0,1,0.8171,20,CRITICAL,Deepfake Detected
MED-10277,Video,0.8337,0.1426,0.1584,12.109,0.5424,0.0761,0.3512,0.1025,0.1661,0,0.0435,97,LOW,Authentic Content
MED-10278,Image,0.7515,0.1778,0.1878,9.445,0.543,0.1504,0.3158,0.0,0.0,0,0.1141,84,LOW,Authentic Content
MED-10279,Video,0.7458,0.763,0.6433,61.581,0.118,0.3797,0.5234,0.2644,0.8127,1,0.6435,35,CRITICAL,Deepfake Detected
MED-10280,Image,0.8389,0.1415,0.3334,16.568,0.5653,0.114,0.0723,0.0,0.0,0,0.0344,96,LOW,Authentic Content
MED-10281,Video,0.8055,0.1595,0.1193,12.321,0.4945,0.0887,0.0735,0.0969,0.0869,0,0.1811,89,LOW,Authentic Content
MED-10282,Image,0.86,0.1724,0.2714,4.475,0.6394,0.0763,0.3719,0.0,0.0,0,0.1773,81,LOW,Authentic Content
MED-10283,Image,0.8311,0.0884,0.0693,8.874,0.6574,0.0636,0.2028,0.0,0.0,0,0.1622,77,LOW,Authentic Content
MED-10284,Video,0.6837,0.1099,0.3084,9.351,0.6208,0.135,0.2647,0.0802,0.0739,0,0.1258,91,LOW,Authentic Content
MED-10285,Image,0.5265,0.1426,0.1579,4.094,0.5074,0.1026,0.1711,0.0,0.0,0,0.0556,99,LOW,Authentic Content
MED-10286,Image,0.2593,0.692,0.5997,36.027,0.2408,0.6212,0.5994,0.0,0.0,1,0.8667,15,HIGH,Deepfake Detected
MED-10287,Image,0.5186,0.7693,0.6374,36.914,0.1858,0.41,0.4865,0.0,0.0,1,0.9851,5,CRITICAL,Deepfake Detected
MED-10288,Video,0.8564,0.0959,0.0815,6.141,0.6902,0.0549,0.3693,0.058,0.165,0,0.0713,91,LOW,Authentic Content
MED-10289,Image,0.9169,0.2847,0.27,14.141,0.4383,0.1282,0.0,0.0,0.0,0,0.0631,94,LOW,Authentic Content
MED-10290,Video,0.5894,0.1795,0.0433,0.0,0.5666,0.1143,0.1588,0.1122,0.1164,0,0.1477,85,LOW,Authentic Content
MED-10291,Video,0.6736,0.251,0.1812,9.879,0.4878,0.0098,0.1654,0.1397,0.1022,0,0.0652,97,LOW,Authentic Content
MED-10292,Image,0.6393,0.136,0.1792,9.274,0.7376,0.0994,0.2223,0.0,0.0,0,0.0494,91,LOW,Authentic Content
MED-10293,Image,0.7397,0.0614,0.1425,7.979,0.5675,0.1358,0.3027,0.0,0.0,0,0.01,89,LOW,Authentic Content
MED-10294,Video,0.1294,0.7074,0.2989,45.354,0.1995,0.4756,0.4617,0.4454,0.7166,1,0.7874,20,HIGH,Deepfake Detected
MED-10295,Image,0.1001,0.5993,0.6976,43.661,0.2478,0.6734,0.5415,0.0,0.0,1,0.8525,24,HIGH,Deepfake Detected
MED-10296,Video,0.0863,1.0,0.7192,52.642,0.0701,0.7332,0.8043,0.6955,0.7415,1,0.8509,21,CRITICAL,Deepfake Detected
MED-10297,Image,0.5026,0.1222,0.212,12.982,0.6488,0.0872,0.1392,0.0,0.0,0,0.0367,89,LOW,Authentic Content
MED-10298,Video,0.7064,0.1454,0.2751,8.896,0.7158,0.1573,0.1394,0.0881,0.0,0,0.0259,95,LOW,Authentic Content
MED-10299,Video,0.244,0.6362,0.4557,31.343,0.3361,0.6934,0.6927,0.458,0.464,1,0.7279,17,HIGH,Deepfake Detected
MED-10300,Image,0.9193,0.0,0.2843,11.606,0.4265,0.1322,0.1634,0.0,0.0,0,0.0911,96,LOW,Authentic Content
MED-10301,Video,0.8289,0.2464,0.2886,2.855,0.3934,0.1276,0.1212,0.0604,0.0946,0,0.01,95,LOW,Authentic Content
MED-10302,Image,0.9275,0.0786,0.2245,9.542,0.4709,0.1804,0.1098,0.0,0.0,0,0.1477,85,LOW,Authentic Content
MED-10303,Image,0.5894,0.2108,0.1264,11.352,0.7239,0.0959,0.2545,0.0,0.0,0,0.0108,99,LOW,Authentic Content
MED-10304,Video,0.8124,0.0086,0.2647,8.872,0.7538,0.1815,0.1477,0.1014,0.1172,0,0.01,95,LOW,Authentic Content
MED-10305,Image,0.233,0.6638,0.7766,47.09,0.1982,0.5981,0.651,0.0,0.0,1,0.918,13,HIGH,Deepfake Detected
MED-10306,Video,0.339,0.6849,0.7025,28.84,0.2117,0.3607,0.6284,0.4811,0.6249,1,0.8939,5,HIGH,Deepfake Detected
MED-10307,Video,0.841,0.2386,0.1253,6.785,0.4376,0.034,0.2117,0.1293,0.1509,0,0.1292,88,LOW,Authentic Content
MED-10308,Video,0.6797,0.1368,0.2772,11.5,0.5785,0.1843,0.1297,0.1174,0.1125,0,0.1308,86,LOW,Authentic Content
MED-10309,Video,0.1834,0.5848,0.7481,45.807,0.201,0.3381,0.5379,0.2207,0.9055,1,0.7414,20,CRITICAL,Deepfake Detected
MED-10310,Image,0.8189,0.1114,0.1686,11.586,0.4237,0.1154,0.2797,0.0,0.0,0,0.1118,86,LOW,Authentic Content
MED-10311,Video,0.1113,0.7135,0.6902,52.647,0.2277,0.3262,0.6041,0.5625,0.5089,1,0.8835,17,HIGH,Deepfake Detected
MED-10312,Image,0.8575,0.2294,0.0404,10.517,0.6626,0.231,0.2674,0.0,0.0,0,0.1498,82,LOW,Authentic Content
MED-10313,Image,0.8515,0.1873,0.2091,12.693,0.6754,0.1527,0.2677,0.0,0.0,0,0.1108,87,LOW,Authentic Content
MED-10314,Image,0.3271,0.6108,0.6017,45.141,0.1773,0.3948,0.6305,0.0,0.0,1,0.7922,14,CRITICAL,Deepfake Detected
MED-10315,Video,0.8997,0.2361,0.2006,8.043,0.3963,0.0574,0.2695,0.0022,0.1389,0,0.0688,95,LOW,Authentic Content
MED-10316,Video,0.6518,0.1444,0.0965,6.133,0.4512,0.1034,0.3087,0.0823,0.0514,0,0.1125,94,LOW,Authentic Content
MED-10317,Video,0.1471,0.7946,0.8562,37.174,0.2774,0.6907,0.7109,0.836,0.5364,1,0.9294,8,CRITICAL,Deepfake Detected
MED-10318,Image,0.3451,0.39,0.7718,45.512,0.172,0.6408,0.6293,0.0,0.0,1,0.8269,12,CRITICAL,Deepfake Detected
MED-10319,Image,0.4604,0.734,0.8179,23.9,0.3103,0.3927,0.5507,0.0,0.0,1,0.8934,14,CRITICAL,Deepfake Detected
MED-10320,Video,0.0999,0.7279,0.6365,34.91,0.2447,0.5565,0.4901,0.5801,0.5235,1,0.99,5,HIGH,Deepfake Detected
MED-10321,Image,0.7605,0.2127,0.3398,6.587,0.4277,0.1528,0.3091,0.0,0.0,0,0.01,98,LOW,Authentic Content
MED-10322,Video,0.1652,0.8737,0.8497,41.244,0.3184,0.4137,0.4403,0.9497,0.59,1,0.783,22,CRITICAL,Deepfake Detected
MED-10323,Video,0.6081,0.2329,0.185,7.116,0.6575,0.0,0.1987,0.0947,0.0928,0,0.1836,78,LOW,Authentic Content
MED-10324,Image,0.2817,0.4826,0.5037,32.028,0.2109,0.784,0.4985,0.0,0.0,1,0.5586,36,HIGH,Deepfake Detected
MED-10325,Image,0.3383,0.6993,0.9648,33.811,0.1613,1.0,0.5607,0.0,0.0,1,0.7126,27,HIGH,Deepfake Detected
MED-10326,Image,0.4294,0.6987,0.7545,28.873,0.2986,0.6047,0.5121,0.0,0.0,1,0.8029,20,CRITICAL,Deepfake Detected
MED-10327,Image,0.7152,0.0195,0.0668,10.761,0.6318,0.1639,0.2826,0.0,0.0,0,0.1738,77,LOW,Authentic Content
MED-10328,Image,0.1921,0.7798,0.6287,19.239,0.0783,0.4504,0.5447,0.0,0.0,1,0.8771,14,HIGH,Deepfake Detected
MED-10329,Video,0.7018,0.1,0.232,7.75,0.6888,0.091,0.2764,0.0981,0.0835,0,0.1156,90,LOW,Authentic Content
MED-10330,Video,0.7814,0.0558,0.2451,8.591,0.6409,0.1511,0.2021,0.0848,0.1151,0,0.01,99,LOW,Authentic Content
MED-10331,Video,0.1425,0.5357,0.7607,49.994,0.1167,0.6554,0.4162,0.7463,0.7778,1,0.8996,5,CRITICAL,Deepfake Detected
MED-10332,Image,0.3237,0.6947,0.8019,34.057,0.2113,0.5443,0.6101,0.0,0.0,1,0.7688,19,HIGH,Deepfake Detected
MED-10333,Image,0.306,0.8335,0.5544,35.467,0.2624,0.7775,0.5818,0.0,0.0,1,0.7525,24,CRITICAL,Deepfake Detected
MED-10334,Image,0.3339,0.8604,0.8892,38.095,0.1529,0.8367,0.5678,0.0,0.0,1,0.6407,39,CRITICAL,Deepfake Detected
MED-10335,Image,0.2012,0.6019,0.7881,15.108,0.016,0.7683,0.6408,0.0,0.0,1,0.8443,11,HIGH,Deepfake Detected
MED-10336,Video,0.4802,0.1164,0.055,9.25,0.4774,0.1449,0.1727,0.1434,0.0636,0,0.1495,84,LOW,Authentic Content
MED-10337,Image,0.6582,0.1693,0.0263,9.364,0.6408,0.1969,0.1697,0.0,0.0,0,0.0887,91,LOW,Authentic Content
MED-10338,Image,0.7098,0.0977,0.1621,5.113,0.5424,0.1553,0.1875,0.0,0.0,0,0.1642,80,LOW,Authentic Content
MED-10339,Video,0.4799,1.0,0.7354,45.901,0.1291,0.6591,0.4987,0.6948,0.6586,1,0.8769,8,HIGH,Deepfake Detected
MED-10340,Image,0.7389,0.1621,0.4569,12.96,0.3707,0.134,0.1514,0.0,0.0,0,0.0191,92,LOW,Authentic Content
MED-10341,Video,0.7268,0.1991,0.2694,13.009,0.4177,0.1485,0.2506,0.0763,0.0737,0,0.1766,83,LOW,Authentic Content
MED-10342,Video,0.916,0.015,0.0842,8.166,0.3174,0.0528,0.2537,0.1302,0.0965,0,0.0189,93,LOW,Authentic Content
MED-10343,Video,0.2376,0.6388,0.6474,54.403,0.2462,0.6753,0.4274,0.6581,0.8594,1,0.8124,23,CRITICAL,Deepfake Detected
MED-10344,Video,0.1706,0.7258,0.5607,42.874,0.2322,0.7911,0.571,0.4656,0.6247,1,0.7493,30,HIGH,Deepfake Detected
MED-10345,Video,0.1971,0.7384,0.7201,35.013,0.1325,0.4272,0.734,1.0,0.8799,1,0.7241,31,HIGH,Deepfake Detected
MED-10346,Image,0.1782,0.729,0.5255,36.152,0.2648,0.6418,0.6404,0.0,0.0,1,0.8181,13,CRITICAL,Deepfake Detected
MED-10347,Video,0.6225,0.2327,0.118,5.656,0.1805,0.0868,0.3047,0.0,0.0629,0,0.1063,80,LOW,Authentic Content
MED-10348,Image,0.4819,0.7017,0.7593,60.795,0.2577,0.6635,0.5398,0.0,0.0,1,0.99,5,HIGH,Deepfake Detected
MED-10349,Image,0.6825,0.2069,0.4602,11.028,0.4182,0.0946,0.1637,0.0,0.0,0,0.01,97,LOW,Authentic Content
MED-10350,Video,0.7823,0.2779,0.246,8.231,0.4915,0.1246,0.1591,0.0,0.2425,0,0.0893,92,LOW,Authentic Content
MED-10351,Image,0.9395,0.0674,0.1404,12.708,0.5217,0.0458,0.3003,0.0,0.0,0,0.1239,89,LOW,Authentic Content
MED-10352,Video,0.1704,1.0,0.6239,57.987,0.2107,0.7299,0.3769,0.5893,0.5781,1,0.9328,12,CRITICAL,Deepfake Detected
MED-10353,Image,0.9509,0.1323,0.2057,7.06,0.6089,0.1278,0.0411,0.0,0.0,0,0.1364,84,LOW,Authentic Content
MED-10354,Image,0.8121,0.1745,0.1803,5.775,0.5135,0.0938,0.0699,0.0,0.0,0,0.0337,99,LOW,Authentic Content
MED-10355,Video,0.4371,0.42,0.751,39.537,0.1461,0.7287,0.5849,0.4876,0.696,1,0.9705,5,CRITICAL,Deepfake Detected
MED-10356,Image,0.3727,0.2211,0.079,5.516,0.5282,0.1817,0.2401,0.0,0.0,0,0.0949,90,LOW,Authentic Content
MED-10357,Video,0.1024,0.6079,1.0,38.021,0.0677,0.6285,0.6423,0.9212,0.6116,1,0.6918,34,CRITICAL,Deepfake Detected
MED-10358,Video,0.8716,0.098,0.2349,8.023,0.4205,0.1553,0.2533,0.0831,0.1283,0,0.1112,90,LOW,Authentic Content
MED-10359,Image,0.3526,0.6133,0.6419,46.085,0.1302,0.582,0.707,0.0,0.0,1,0.8692,19,CRITICAL,Deepfake Detected
MED-10360,Image,0.2259,1.0,0.6007,44.717,0.1377,0.5109,0.5787,0.0,0.0,1,0.8637,28,HIGH,Deepfake Detected
MED-10361,Image,0.8422,0.0795,0.3064,4.728,0.4536,0.0511,0.2205,0.0,0.0,0,0.1621,79,LOW,Authentic Content
MED-10362,Image,0.6838,0.749,0.7517,29.05,0.0685,0.8087,0.6015,0.0,0.0,1,0.8754,9,CRITICAL,Deepfake Detected
MED-10363,Image,0.875,0.2324,0.1497,5.237,0.6311,0.1002,0.1592,0.0,0.0,0,0.089,94,LOW,Authentic Content
MED-10364,Image,0.4458,0.6961,0.569,36.396,0.2119,0.7077,0.6405,0.0,0.0,1,0.8791,9,HIGH,Deepfake Detected
MED-10365,Image,0.6734,0.2557,0.1952,9.753,0.4632,0.1519,0.3468,0.0,0.0,0,0.0359,99,LOW,Authentic Content
MED-10366,Video,0.8512,0.0863,0.1951,13.735,0.4828,0.1184,0.3165,0.085,0.1506,0,0.1326,85,LOW,Authentic Content
MED-10367,Video,0.1328,0.4509,0.6495,28.714,0.1479,0.7479,0.3729,0.2646,0.5876,1,0.8961,11,CRITICAL,Deepfake Detected
MED-10368,Video,0.8917,0.0431,0.2452,12.718,0.8305,0.048,0.2559,0.0795,0.167,0,0.01,93,LOW,Authentic Content
MED-10369,Image,0.1159,0.9228,0.7782,23.897,0.2891,0.5532,0.6893,0.0,0.0,1,0.99,5,HIGH,Deepfake Detected
MED-10370,Image,0.8267,0.2112,0.0918,9.194,0.5509,0.0707,0.1864,0.0,0.0,0,0.01,97,LOW,Authentic Content
MED-10371,Video,0.9652,0.1356,0.3034,4.754,0.4658,0.1593,0.2075,0.1088,0.0621,0,0.0757,96,LOW,Authentic Content
MED-10372,Video,0.074,0.8638,0.6943,26.434,0.1019,0.6025,0.5439,0.7841,0.5997,1,0.8935,9,HIGH,Deepfake Detected
MED-10373,Video,0.606,0.1236,0.3307,7.238,0.2559,0.0001,0.2027,0.1307,0.1425,0,0.0901,95,LOW,Authentic Content
MED-10374,Image,0.0788,0.6731,0.736,39.243,0.1058,0.6196,0.4003,0.0,0.0,1,0.9863,5,CRITICAL,Deepfake Detected
MED-10375,Image,0.9054,0.1411,0.3098,6.934,0.4594,0.1106,0.3483,0.0,0.0,0,0.1068,89,LOW,Authentic Content
MED-10376,Image,0.1326,0.783,0.6988,38.798,0.1093,0.586,0.4564,0.0,0.0,1,0.7422,27,CRITICAL,Deepfake Detected
MED-10377,Image,0.1986,0.6954,0.7409,21.567,0.2443,0.6883,0.668,0.0,0.0,1,0.6607,35,HIGH,Deepfake Detected
MED-10378,Image,0.6896,0.2227,0.1433,3.53,0.486,0.1552,0.146,0.0,0.0,0,0.1327,83,LOW,Authentic Content
MED-10379,Image,0.8234,0.0716,0.1443,0.0,0.6134,0.1098,0.0075,0.0,0.0,0,0.01,97,LOW,Authentic Content
MED-10380,Image,0.5137,0.1835,0.2124,0.0,0.4569,0.0781,0.1237,0.0,0.0,0,0.0551,89,LOW,Authentic Content
MED-10381,Video,0.3363,0.9799,0.8796,37.281,0.1414,0.8641,0.7009,0.3661,0.8629,1,0.8346,12,HIGH,Deepfake Detected
MED-10382,Image,0.4631,0.724,0.7549,34.58,0.19,0.8925,0.6258,0.0,0.0,1,0.8127,16,CRITICAL,Deepfake Detected
MED-10383,Video,0.7444,0.1996,0.0,12.345,0.6443,0.1225,0.2478,0.1264,0.113,0,0.01,99,LOW,Authentic Content
MED-10384,Video,0.9471,0.0999,0.193,12.428,0.2505,0.2149,0.1675,0.1256,0.1571,0,0.1241,87,LOW,Authentic Content
MED-10385,Video,0.2872,0.562,0.6102,60.091,0.2487,0.6097,0.6606,0.5444,0.7166,1,0.8942,8,CRITICAL,Deepfake Detected
MED-10386,Image,0.8107,0.0815,0.125,12.115,0.5216,0.1092,0.1912,0.0,0.0,0,0.1575,81,LOW,Authentic Content
MED-10387,Video,0.2951,0.6269,0.8106,18.965,0.0731,0.9917,0.5188,0.7513,0.9547,1,0.6186,35,CRITICAL,Deepfake Detected
MED-10388,Image,0.2902,0.5691,0.7111,21.089,0.186,0.8178,0.5765,0.0,0.0,1,0.9275,8,CRITICAL,Deepfake Detected
MED-10389,Video,0.7477,0.2052,0.1398,9.381,0.4686,0.1256,0.1026,0.0996,0.0913,0,0.0126,99,LOW,Authentic Content
MED-10390,Image,0.3852,0.2318,0.1044,12.459,0.4742,0.2103,0.3751,0.0,0.0,0,0.066,87,LOW,Authentic Content
MED-10391,Image,0.9044,0.1806,0.2844,9.319,0.3468,0.1612,0.2389,0.0,0.0,0,0.0605,99,LOW,Authentic Content
MED-10392,Image,0.109,0.6857,0.7457,33.527,0.2486,0.6742,0.5913,0.0,0.0,1,0.7452,22,CRITICAL,Deepfake Detected
MED-10393,Image,0.4907,0.1639,0.0954,9.868,0.7259,0.1141,0.2262,0.0,0.0,0,0.1371,83,LOW,Authentic Content
MED-10394,Image,0.2617,0.6633,0.6104,46.984,0.3468,0.4887,0.5392,0.0,0.0,1,0.8732,11,CRITICAL,Deepfake Detected
MED-10395,Image,0.2435,0.4186,0.9682,23.838,0.2658,0.812,0.3782,0.0,0.0,1,0.8204,23,HIGH,Deepfake Detected
MED-10396,Video,0.7346,0.149,0.1807,3.025,0.4615,0.0338,0.2555,0.1358,0.0162,0,0.16,93,LOW,Authentic Content
MED-10397,Image,0.2023,0.61,0.7704,32.516,0.1039,0.5953,0.4592,0.0,0.0,1,0.8548,11,CRITICAL,Deepfake Detected
MED-10398,Image,0.8896,0.1365,0.0737,8.307,0.6615,0.2402,0.2228,0.0,0.0,0,0.0884,88,LOW,Authentic Content
MED-10399,Video,0.7584,0.199,0.1268,7.938,0.2777,0.1529,0.3881,0.0724,0.1424,0,0.1311,92,LOW,Authentic Content
MED-10400,Image,0.1448,0.7397,0.7706,42.338,0.1626,0.7115,0.5458,0.0,0.0,1,0.9142,6,CRITICAL,Deepfake Detected
MED-10401,Image,0.8939,0.0,0.1922,8.016,0.5026,0.1226,0.2818,0.0,0.0,0,0.0686,90,LOW,Authentic Content
MED-10402,Video,0.2943,0.7584,0.4723,42.901,0.1493,0.6824,0.5779,0.4442,0.6932,1,0.7267,22,HIGH,Deepfake Detected
MED-10403,Image,0.8575,0.2183,0.0086,9.101,0.4496,0.1088,0.1416,0.0,0.0,0,0.1985,73,LOW,Authentic Content
MED-10404,Image,0.5359,0.5546,0.5225,42.869,0.0052,0.6938,0.6819,0.0,0.0,1,0.7225,27,CRITICAL,Deepfake Detected
MED-10405,Image,0.3417,0.4252,0.7616,40.174,0.1572,0.633,0.9518,0.0,0.0,1,0.8242,19,HIGH,Deepfake Detected
MED-10406,Image,0.9854,0.1211,0.0638,9.35,0.5551,0.1604,0.1375,0.0,0.0,0,0.0956,86,LOW,Authentic Content
MED-10407,Image,0.8849,0.1641,0.3451,10.294,0.4421,0.1032,0.3489,0.0,0.0,0,0.0232,90,LOW,Authentic Content
MED-10408,Image,0.9129,0.2156,0.2405,14.397,0.3138,0.0478,0.253,0.0,0.0,0,0.0137,92,LOW,Authentic Content
MED-10409,Image,0.5576,0.0705,0.0999,10.397,0.4112,0.2143,0.1279,0.0,0.0,0,0.01,95,LOW,Authentic Content
MED-10410,Video,0.7995,0.0065,0.1657,8.962,0.43,0.0644,0.2268,0.0552,0.0384,0,0.1537,86,LOW,Authentic Content
MED-10411,Video,0.9918,0.2614,0.2683,9.162,0.3531,0.0911,0.1886,0.0155,0.1628,0,0.0663,87,LOW,Authentic Content
MED-10412,Video,0.8914,0.2365,0.0,9.295,0.771,0.1179,0.0408,0.0663,0.109,0,0.0141,88,LOW,Authentic Content
MED-10413,Image,0.1434,0.7409,0.4887,26.018,0.2671,0.6835,0.5322,0.0,0.0,1,0.8986,16,CRITICAL,Deepfake Detected
MED-10414,Image,0.7993,0.1986,0.2405,8.783,0.6617,0.1442,0.1227,0.0,0.0,0,0.0322,97,LOW,Authentic Content
MED-10415,Video,0.0113,0.9488,0.5351,47.757,0.1801,0.4029,0.6391,0.77,0.6098,1,0.9666,5,CRITICAL,Deepfake Detected
MED-10416,Image,0.8393,0.2148,0.2031,8.612,0.7281,0.0615,0.3767,0.0,0.0,0,0.0443,90,LOW,Authentic Content
MED-10417,Image,0.15,0.8636,0.7204,60.209,0.1713,0.5895,0.4402,0.0,0.0,1,0.864,21,CRITICAL,Deepfake Detected
MED-10418,Video,0.3067,0.5245,0.9427,31.67,0.1162,0.6565,0.6322,0.5491,0.7807,1,0.8806,16,HIGH,Deepfake Detected
MED-10419,Image,0.4697,0.0526,0.0451,12.202,0.4403,0.0584,0.0852,0.0,0.0,0,0.0452,87,LOW,Authentic Content
MED-10420,Video,0.1462,0.8441,0.7393,61.979,0.2433,0.6989,0.6886,0.5958,0.6887,1,0.99,5,CRITICAL,Deepfake Detected
MED-10421,Video,0.7869,0.1168,0.0329,6.713,0.5803,0.0666,0.0859,0.1035,0.1718,0,0.01,99,LOW,Authentic Content
MED-10422,Video,0.3784,0.6964,0.7203,56.894,0.0724,0.5122,0.7453,0.8036,0.6455,1,0.9354,11,CRITICAL,Deepfake Detected
MED-10423,Image,0.2454,0.7884,0.5929,38.029,0.2409,0.7822,0.445,0.0,0.0,1,0.7406,28,CRITICAL,Deepfake Detected
MED-10424,Video,0.0983,0.8754,0.5329,54.54,0.3039,0.7012,0.7266,0.6441,0.6857,1,0.8167,14,HIGH,Deepfake Detected
MED-10425,Image,0.1967,0.6739,0.7758,41.445,0.2363,0.6304,0.7776,0.0,0.0,1,0.99,5,HIGH,Deepfake Detected
MED-10426,Image,0.1286,0.5703,0.5947,51.254,0.367,0.5123,0.6441,0.0,0.0,1,0.7773,17,HIGH,Deepfake Detected
MED-10427,Image,0.2282,0.5545,0.7847,23.709,0.1637,0.5264,0.694,0.0,0.0,1,0.9772,5,CRITICAL,Deepfake Detected
MED-10428,Video,0.8085,0.2168,0.2781,6.201,0.5253,0.1773,0.1613,0.0977,0.119,0,0.121,90,LOW,Authentic Content
MED-10429,Image,0.8061,0.0354,0.1104,5.152,0.607,0.1469,0.1873,0.0,0.0,0,0.0249,97,LOW,Authentic Content
MED-10430,Video,0.9286,0.2212,0.3221,6.059,0.6563,0.1108,0.187,0.1219,0.067,0,0.0879,89,LOW,Authentic Content
MED-10431,Video,0.3191,0.0749,0.2668,7.131,0.3125,0.2372,0.1951,0.0626,0.145,0,0.15,84,LOW,Authentic Content
MED-10432,Image,0.7389,0.2036,0.0,7.677,0.3483,0.0914,0.1761,0.0,0.0,0,0.0585,91,LOW,Authentic Content
MED-10433,Image,0.6583,0.2279,0.0754,13.737,0.4721,0.1278,0.1949,0.0,0.0,0,0.0404,99,LOW,Authentic Content
MED-10434,Video,0.9469,0.0758,0.1811,4.012,0.4881,0.2022,0.2959,0.0984,0.1148,0,0.1928,82,LOW,Authentic Content
MED-10435,Image,0.2157,0.8727,0.689,50.132,0.1295,0.6584,0.4893,0.0,0.0,1,0.886,20,HIGH,Deepfake Detected
MED-10436,Image,0.1276,0.7547,0.7907,55.376,0.082,0.5156,0.5833,0.0,0.0,1,0.7444,23,CRITICAL,Deepfake Detected
MED-10437,Video,0.6063,0.0622,0.3075,10.906,0.5011,0.1385,0.152,0.107,0.1244,0,0.1381,90,LOW,Authentic Content
MED-10438,Image,0.8903,0.1191,0.1437,8.496,0.6292,0.109,0.1033,0.0,0.0,0,0.0834,92,LOW,Authentic Content
MED-10439,Video,0.2058,0.5268,0.9228,34.719,0.1607,0.8847,0.6407,0.6985,0.5214,1,0.9179,5,HIGH,Deepfake Detected
MED-10440,Image,0.601,0.2402,0.1913,10.923,0.6762,0.0785,0.2689,0.0,0.0,0,0.0152,99,LOW,Authentic Content
MED-10441,Video,0.369,0.1077,0.1795,11.615,0.5684,0.1474,0.0859,0.0764,0.1918,0,0.0593,94,LOW,Authentic Content
MED-10442,Image,0.0716,0.6367,0.6808,32.608,0.1478,0.7988,0.5282,0.0,0.0,1,0.99,5,HIGH,Deepfake Detected
MED-10443,Video,0.3626,0.5248,1.0,26.044,0.0717,0.7675,0.3307,0.5777,1.0,1,0.6955,38,CRITICAL,Deepfake Detected
MED-10444,Video,0.0962,0.9481,0.4429,36.722,0.1506,0.5764,0.6177,0.498,0.7594,1,0.8641,12,CRITICAL,Deepfake Detected
MED-10445,Video,0.4097,0.4794,0.6479,36.982,0.2152,0.8529,0.5771,0.364,0.8264,1,0.9255,5,CRITICAL,Deepfake Detected
MED-10446,Video,0.8563,0.0472,0.1009,9.238,0.3651,0.1754,0.259,0.0647,0.1416,0,0.085,97,LOW,Authentic Content
MED-10447,Image,0.9331,0.1765,0.2669,12.951,0.5792,0.1117,0.1814,0.0,0.0,0,0.1129,89,LOW,Authentic Content
MED-10448,Image,0.1312,0.8829,0.6547,30.956,0.0,0.4129,0.4193,0.0,0.0,1,0.8635,12,CRITICAL,Deepfake Detected
MED-10449,Video,0.5653,0.0721,0.1096,6.661,0.4485,0.122,0.2589,0.1451,0.1004,0,0.01,94,LOW,Authentic Content
MED-10450,Image,0.9404,0.2026,0.1675,13.494,0.3842,0.0862,0.1704,0.0,0.0,0,0.0708,91,LOW,Authentic Content
MED-10451,Image,0.3802,0.0591,0.0869,10.346,0.5663,0.1029,0.2603,0.0,0.0,0,0.01,99,LOW,Authentic Content
MED-10452,Image,0.6128,0.0818,0.1972,14.573,0.5718,0.1524,0.2978,0.0,0.0,0,0.1084,86,LOW,Authentic Content
MED-10453,Image,0.0688,0.7998,0.7446,23.276,0.3229,0.5834,0.6524,0.0,0.0,1,0.8549,15,CRITICAL,Deepfake Detected
MED-10454,Image,0.4306,0.0891,0.1525,8.709,0.4356,0.2215,0.2115,0.0,0.0,0,0.01,99,LOW,Authentic Content
MED-10455,Image,0.6217,0.1229,0.1763,8.269,0.4237,0.1547,0.2368,0.0,0.0,0,0.1724,87,LOW,Authentic Content
MED-10456,Video,0.5853,0.1087,0.0879,9.18,0.1991,0.0149,0.1858,0.1041,0.0978,0,0.01,95,LOW,Authentic Content
MED-10457,Video,0.1562,0.6379,0.5236,37.202,0.269,0.7596,0.7482,0.5655,0.9019,1,0.8307,24,CRITICAL,Deepfake Detected
MED-10458,Image,0.2664,0.7555,0.7151,47.246,0.2274,0.6444,0.5187,0.0,0.0,1,0.9543,6,HIGH,Deepfake Detected
MED-10459,Image,0.2175,0.6368,0.7543,35.261,0.0565,0.9051,0.5924,0.0,0.0,1,0.99,5,CRITICAL,Deepfake Detected
MED-10460,Image,0.7987,0.0587,0.1451,9.605,0.3457,0.1513,0.0,0.0,0.0,0,0.1095,85,LOW,Authentic Content
MED-10461,Image,0.2906,0.7107,0.6094,49.516,0.235,0.7657,0.7774,0.0,0.0,1,0.9626,5,CRITICAL,Deepfake Detected
MED-10462,Video,0.2078,0.3232,0.747,42.885,0.1769,0.5453,0.3341,0.6872,0.9183,1,0.7909,23,CRITICAL,Deepfake Detected
MED-10463,Image,0.768,0.1279,0.1495,5.85,0.5362,0.1011,0.0724,0.0,0.0,0,0.0821,91,LOW,Authentic Content
MED-10464,Image,0.9246,0.1998,0.3429,10.506,0.6502,0.1408,0.1452,0.0,0.0,0,0.1191,87,LOW,Authentic Content
MED-10465,Video,0.8188,0.1278,0.2236,6.779,0.3294,0.0076,0.2148,0.0776,0.0163,0,0.0864,90,LOW,Authentic Content
MED-10466,Image,0.3009,0.7016,0.7081,40.393,0.2047,0.6071,0.6009,0.0,0.0,1,0.6926,31,HIGH,Deepfake Detected
MED-10467,Image,0.3332,0.6824,0.7401,32.309,0.106,0.3691,0.4966,0.0,0.0,1,0.8973,6,HIGH,Deepfake Detected
MED-10468,Video,0.1505,0.5123,0.8829,37.532,0.244,0.6239,0.7223,0.4113,0.6617,1,0.9716,5,HIGH,Deepfake Detected
MED-10469,Video,0.6685,0.2647,0.2056,1.328,0.5753,0.1829,0.1935,0.1872,0.1716,0,0.1141,92,LOW,Authentic Content
MED-10470,Image,0.5494,0.0664,0.3406,14.085,0.4139,0.1288,0.1456,0.0,0.0,0,0.1169,90,LOW,Authentic Content
MED-10471,Video,0.7858,0.0132,0.1446,2.712,0.3409,0.0599,0.1262,0.0523,0.1511,0,0.0496,94,LOW,Authentic Content
MED-10472,Video,0.6984,0.1777,0.2243,15.425,0.539,0.1692,0.1844,0.1149,0.22,0,0.01,99,LOW,Authentic Content
MED-10473,Video,0.5294,0.3474,0.5565,25.337,0.2458,0.7895,0.6189,0.7683,0.6754,1,0.9702,5,HIGH,Deepfake Detected
MED-10474,Image,0.1355,0.4368,0.6223,44.951,0.2242,1.0,0.4711,0.0,0.0,1,0.9668,5,CRITICAL,Deepfake Detected
MED-10475,Image,0.2591,0.0772,0.2426,6.885,0.3634,0.1465,0.0853,0.0,0.0,0,0.0298,88,LOW,Authentic Content
MED-10476,Image,0.066,0.9788,0.9767,28.085,0.2246,0.7699,0.5083,0.0,0.0,1,0.7004,29,HIGH,Deepfake Detected
MED-10477,Image,0.5463,0.1112,0.2215,2.502,0.6472,0.0167,0.2639,0.0,0.0,0,0.0751,92,LOW,Authentic Content
MED-10478,Image,0.5152,0.1855,0.1891,5.425,0.8153,0.1644,0.2102,0.0,0.0,0,0.0492,98,LOW,Authentic Content
MED-10479,Image,0.8628,0.218,0.2359,11.61,0.3701,0.1769,0.1857,0.0,0.0,0,0.0853,96,LOW,Authentic Content
MED-10480,Video,0.0336,0.8286,0.6777,30.496,0.3045,0.5535,0.4367,0.4701,0.6168,1,0.7639,27,CRITICAL,Deepfake Detected
MED-10481,Video,0.7409,0.0319,0.3425,5.984,0.5084,0.1807,0.4823,0.0378,0.147,0,0.0375,94,LOW,Authentic Content
MED-10482,Video,0.2098,0.822,0.7277,43.569,0.1427,0.5912,0.6145,0.4105,0.6463,1,0.764,19,CRITICAL,Deepfake Detected
MED-10483,Video,0.8945,0.1155,0.2526,10.989,0.7486,0.0903,0.0,0.0795,0.1338,0,0.1229,88,LOW,Authentic Content
MED-10484,Image,0.4771,0.0636,0.1818,13.762,0.5031,0.1119,0.0643,0.0,0.0,0,0.0628,98,LOW,Authentic Content
MED-10485,Image,0.2163,0.8738,0.5402,46.634,0.3117,0.8113,0.3559,0.0,0.0,1,0.7862,20,CRITICAL,Deepfake Detected
MED-10486,Image,0.6376,0.0328,0.1198,4.707,0.3095,0.1257,0.3445,0.0,0.0,0,0.24,76,LOW,Authentic Content
MED-10487,Image,0.3636,0.7093,0.7952,31.558,0.1738,0.6407,0.6792,0.0,0.0,1,0.7434,25,HIGH,Deepfake Detected
MED-10488,Image,0.4594,0.0926,0.3338,14.987,0.6223,0.1592,0.1812,0.0,0.0,0,0.1035,86,LOW,Authentic Content
MED-10489,Video,0.8968,0.11,0.1745,11.684,0.4506,0.1868,0.2751,0.0464,0.1874,0,0.063,91,LOW,Authentic Content
MED-10490,Video,0.1905,0.5673,0.7395,36.574,0.2222,0.6584,0.5892,0.7267,0.9128,1,0.99,7,CRITICAL,Deepfake Detected
MED-10491,Video,0.2876,0.6747,0.6004,53.986,0.1844,0.9778,0.3849,0.5198,0.7049,1,0.9637,5,HIGH,Deepfake Detected
MED-10492,Image,0.2023,0.8369,0.9443,30.133,0.1994,0.6111,0.6837,0.0,0.0,1,0.8111,9,HIGH,Deepfake Detected
MED-10493,Video,0.3768,0.7491,0.5069,48.076,0.1356,0.6519,0.5689,0.3911,0.527,1,0.9468,7,CRITICAL,Deepfake Detected
MED-10494,Image,0.0042,0.8276,0.9621,44.329,0.3087,0.4015,0.6599,0.0,0.0,1,0.8368,12,CRITICAL,Deepfake Detected
MED-10495,Video,0.4467,0.2141,0.3654,10.156,0.5012,0.1406,0.2995,0.061,0.0809,0,0.0615,85,LOW,Authentic Content
MED-10496,Image,0.655,0.0332,0.2872,10.563,0.3141,0.2826,0.1949,0.0,0.0,0,0.0274,91,LOW,Authentic Content
MED-10497,Image,0.7739,0.1582,0.1532,10.416,0.4735,0.0039,0.1881,0.0,0.0,0,0.01,99,LOW,Authentic Content
MED-10498,Image,0.5201,0.943,0.6689,28.414,0.235,0.5803,0.479,0.0,0.0,1,0.8022,19,HIGH,Deepfake Detected
MED-10499,Video,0.41,0.7886,0.4718,29.917,0.1245,0.7158,0.6433,0.6382,0.3282,1,0.6848,30,CRITICAL,Deepfake Detected
MED-10500,Image,0.7318,0.2593,0.1136,10.603,0.6089,0.0674,0.2528,0.0,0.0,0,0.0569,86,LOW,Authentic Content
MED-10501,Video,0.7634,0.1938,0.0594,5.602,0.5061,0.2339,0.1909,0.1543,0.1223,0,0.051,93,LOW,Authentic Content
MED-10502,Image,0.387,0.6178,0.6186,42.273,0.1513,0.7668,0.4683,0.0,0.0,1,0.8543,18,CRITICAL,Deepfake Detected
MED-10503,Image,0.4203,0.1159,0.2205,7.835,0.7331,0.0312,0.2112,0.0,0.0,0,0.0839,94,LOW,Authentic Content
MED-10504,Image,0.0633,0.7764,1.0,33.967,0.0767,0.5849,0.5817,0.0,0.0,1,0.9064,5,CRITICAL,Deepfake Detected
MED-10505,Image,0.7091,0.3994,0.0644,8.147,0.7167,0.1847,0.2647,0.0,0.0,0,0.0683,98,LOW,Authentic Content
MED-10506,Video,0.8442,0.1722,0.0903,4.935,0.4974,0.0988,0.1503,0.0653,0.1375,0,0.1627,83,LOW,Authentic Content
MED-10507,Image,0.6149,0.2273,0.2193,9.604,0.5494,0.095,0.2067,0.0,0.0,0,0.0929,93,LOW,Authentic Content
MED-10508,Image,0.5062,0.151,0.255,8.792,0.481,0.116,0.2347,0.0,0.0,0,0.01,99,LOW,Authentic Content
MED-10509,Video,0.8132,0.1319,0.1643,14.2,0.7224,0.1002,0.1935,0.0989,0.1195,0,0.0232,93,LOW,Authentic Content
MED-10510,Video,0.3258,0.6777,0.5256,35.743,0.1675,0.6395,0.4209,0.7467,0.8543,1,0.7756,19,HIGH,Deepfake Detected
MED-10511,Image,0.0843,0.691,0.573,26.832,0.144,0.529,0.6069,0.0,0.0,1,0.6553,41,CRITICAL,Deepfake Detected
MED-10512,Image,0.6022,0.1406,0.2432,13.347,0.4763,0.1929,0.2053,0.0,0.0,0,0.01,99,LOW,Authentic Content
MED-10513,Video,0.5154,0.7252,0.682,32.933,0.2769,0.6472,0.7809,0.6263,0.6381,1,0.7899,18,CRITICAL,Deepfake Detected
MED-10514,Image,0.5397,0.0,0.1347,12.326,0.6773,0.1718,0.2245,0.0,0.0,0,0.0661,88,LOW,Authentic Content
MED-10515,Video,0.9218,0.0612,0.2734,10.875,0.7274,0.0918,0.0971,0.0747,0.1325,0,0.0835,90,LOW,Authentic Content
MED-10516,Image,0.0318,0.8152,0.6762,28.948,0.1601,0.7003,0.5421,0.0,0.0,1,0.8814,12,CRITICAL,Deepfake Detected
MED-10517,Image,0.4975,0.4046,0.7995,45.643,0.2926,0.7152,0.6779,0.0,0.0,1,0.7441,23,CRITICAL,Deepfake Detected
MED-10518,Image,0.7411,0.0,0.1596,9.6,0.7947,0.0142,0.2626,0.0,0.0,0,0.0253,97,LOW,Authentic Content
MED-10519,Image,0.1638,0.415,0.6743,24.449,0.1962,0.4009,0.5848,0.0,0.0,1,0.7077,35,HIGH,Deepfake Detected
MED-10520,Image,0.9536,0.2005,0.2527,8.316,0.785,0.1984,0.2453,0.0,0.0,0,0.0726,89,LOW,Authentic Content
MED-10521,Image,0.4082,0.7513,0.5769,25.819,0.2638,0.4987,0.4815,0.0,0.0,1,0.9038,6,HIGH,Deepfake Detected
MED-10522,Image,0.8112,0.2445,0.37,5.188,0.4812,0.098,0.1663,0.0,0.0,0,0.1173,92,LOW,Authentic Content
MED-10523,Image,0.1197,0.6715,0.4056,40.845,0.3335,0.5935,0.5529,0.0,0.0,1,0.8796,10,CRITICAL,Deepfake Detected
MED-10524,Image,0.6565,0.1869,0.182,0.229,0.5052,0.0976,0.2394,0.0,0.0,0,0.0156,96,LOW,Authentic Content
MED-10525,Video,0.1575,0.1597,0.1634,10.475,0.4155,0.1154,0.0775,0.1394,0.1296,0,0.01,95,LOW,Authentic Content
MED-10526,Video,0.1364,0.6429,0.4928,27.045,0.2289,0.6746,0.5146,0.6596,0.8466,1,0.8402,21,HIGH,Deepfake Detected
MED-10527,Image,0.9019,0.1797,0.1412,0.78,0.4317,0.1013,0.2488,0.0,0.0,0,0.0776,95,LOW,Authentic Content
MED-10528,Video,0.2603,0.687,0.7679,61.507,0.058,0.4653,0.6826,0.6676,0.8971,1,0.8485,14,CRITICAL,Deepfake Detected
MED-10529,Video,0.6739,0.0123,0.1338,9.91,0.3118,0.0526,0.2041,0.1735,0.1427,0,0.0446,89,LOW,Authentic Content
MED-10530,Image,0.8036,0.0357,0.125,9.971,0.535,0.0978,0.2515,0.0,0.0,0,0.1137,82,LOW,Authentic Content
MED-10531,Video,0.1961,0.7055,0.685,22.459,0.1661,0.5417,0.4991,0.8781,0.8427,1,0.6807,31,CRITICAL,Deepfake Detected
MED-10532,Video,0.8969,0.2267,0.1462,8.029,0.5483,0.0,0.1354,0.0804,0.2103,0,0.0152,99,LOW,Authentic Content
MED-10533,Image,0.4927,0.58,1.0,48.633,0.2681,0.7287,0.3872,0.0,0.0,1,0.8895,14,HIGH,Deepfake Detected
MED-10534,Image,0.1698,0.6258,0.8045,39.793,0.1811,0.527,0.5921,0.0,0.0,1,0.6432,40,HIGH,Deepfake Detected
MED-10535,Image,0.2152,0.4533,0.7111,44.293,0.2667,0.5966,0.7624,0.0,0.0,1,0.6364,37,HIGH,Deepfake Detected
MED-10536,Video,0.3774,0.7763,0.4329,30.312,0.0735,0.6875,0.5294,0.7327,0.6837,1,0.6954,26,CRITICAL,Deepfake Detected
MED-10537,Video,0.4225,0.1247,0.135,10.101,0.4919,0.1082,0.2328,0.0702,0.2096,0,0.0704,95,LOW,Authentic Content
MED-10538,Image,0.5624,0.8131,0.628,50.435,0.1191,0.602,0.7691,0.0,0.0,1,0.8452,10,HIGH,Deepfake Detected
MED-10539,Image,0.139,0.73,0.7969,30.58,0.0986,0.5691,0.7434,0.0,0.0,1,0.8136,19,CRITICAL,Deepfake Detected
MED-10540,Video,0.5511,0.0809,0.3188,9.052,0.4715,0.1201,0.2094,0.0164,0.2826,0,0.1112,89,LOW,Authentic Content
MED-10541,Video,0.8523,0.1275,0.3077,9.227,0.6076,0.2035,0.2018,0.1158,0.1686,0,0.0365,96,LOW,Authentic Content
MED-10542,Image,0.1638,0.4698,0.5764,45.787,0.2974,0.6452,0.8919,0.0,0.0,1,0.6776,27,CRITICAL,Deepfake Detected
MED-10543,Image,0.1627,0.836,0.5774,35.767,0.1048,0.5882,0.7018,0.0,0.0,1,0.8608,26,CRITICAL,Deepfake Detected
MED-10544,Image,0.3588,0.3936,0.8164,40.825,0.1647,0.7704,0.5845,0.0,0.0,1,0.9107,13,HIGH,Deepfake Detected
MED-10545,Image,0.9611,0.0863,0.1973,7.638,0.4534,0.1457,0.3378,0.0,0.0,0,0.1784,74,LOW,Authentic Content
MED-10546,Video,0.8339,0.1037,0.0993,6.63,0.5481,0.1559,0.2683,0.0753,0.137,0,0.1378,90,LOW,Authentic Content
MED-10547,Image,0.2359,0.651,0.8242,46.203,0.1584,0.6848,0.481,0.0,0.0,1,0.9203,7,HIGH,Deepfake Detected
MED-10548,Image,0.697,0.2017,0.388,7.788,0.4152,0.1068,0.1744,0.0,0.0,0,0.0759,88,LOW,Authentic Content
MED-10549,Video,0.0579,0.6931,0.4739,45.574,0.0,0.4853,0.769,0.4964,0.6233,1,0.9774,5,CRITICAL,Deepfake Detected
MED-10550,Image,0.2818,1.0,0.6704,31.39,0.2062,0.5569,0.6279,0.0,0.0,1,0.718,27,CRITICAL,Deepfake Detected
MED-10551,Video,0.0435,0.3958,0.8081,36.009,0.2857,0.5969,0.3389,0.5862,0.7239,1,0.8368,19,HIGH,Deepfake Detected
MED-10552,Image,0.9217,0.1568,0.1549,10.905,0.614,0.1401,0.2452,0.0,0.0,0,0.0673,95,LOW,Authentic Content
MED-10553,Image,0.2234,0.5766,0.7855,54.227,0.2737,0.4489,0.7347,0.0,0.0,1,0.8182,21,CRITICAL,Deepfake Detected
MED-10554,Video,0.8137,0.0432,0.2335,11.384,0.5092,0.1614,0.0003,0.0,0.0493,0,0.0889,97,LOW,Authentic Content
MED-10555,Image,0.8414,0.2552,0.2805,8.282,0.7185,0.1505,0.2923,0.0,0.0,0,0.0284,94,LOW,Authentic Content
MED-10556,Image,0.7326,0.1088,0.1797,13.467,0.6138,0.2095,0.1614,0.0,0.0,0,0.0373,93,LOW,Authentic Content
MED-10557,Image,0.7526,0.0745,0.2525,8.842,0.5254,0.1958,0.1192,0.0,0.0,0,0.0363,92,LOW,Authentic Content
MED-10558,Image,0.2085,0.543,0.7175,28.918,0.1977,0.7235,0.5447,0.0,0.0,1,0.8138,19,CRITICAL,Deepfake Detected
MED-10559,Video,0.4307,1.0,0.8416,61.634,0.1413,0.6588,0.676,0.6096,0.9466,1,0.7152,28,CRITICAL,Deepfake Detected
MED-10560,Image,0.5285,0.5379,0.6672,54.638,0.1214,0.5316,0.8345,0.0,0.0,1,0.9478,8,CRITICAL,Deepfake Detected
MED-10561,Image,0.7769,0.02,0.1875,6.748,0.7002,0.2047,0.2628,0.0,0.0,0,0.0604,99,LOW,Authentic Content
MED-10562,Image,0.4532,0.1338,0.1635,3.153,0.6335,0.1772,0.2631,0.0,0.0,0,0.0422,92,LOW,Authentic Content
MED-10563,Image,0.1592,0.5993,0.7853,39.449,0.1569,0.6793,0.461,0.0,0.0,1,0.8605,14,CRITICAL,Deepfake Detected
MED-10564,Image,0.8649,0.2948,0.2159,6.109,0.588,0.1254,0.0626,0.0,0.0,0,0.1318,85,LOW,Authentic Content
MED-10565,Video,0.8119,0.1782,0.0246,7.755,0.3419,0.0514,0.1287,0.133,0.1112,0,0.0819,91,LOW,Authentic Content
MED-10566,Video,0.3127,0.6745,0.6382,19.108,0.1105,0.3033,0.4707,0.6843,0.6924,1,0.99,5,CRITICAL,Deepfake Detected
MED-10567,Image,0.8274,0.0789,0.1656,4.65,0.5607,0.1061,0.2008,0.0,0.0,0,0.1484,80,LOW,Authentic Content
MED-10568,Video,0.1365,0.8119,0.5875,36.314,0.2025,0.6063,0.6502,0.6706,0.9749,1,0.697,29,CRITICAL,Deepfake Detected
MED-10569,Image,0.921,0.1811,0.2414,5.306,0.5393,0.0672,0.2409,0.0,0.0,0,0.0387,99,LOW,Authentic Content
MED-10570,Image,0.6374,0.1093,0.0,8.335,0.6146,0.2808,0.166,0.0,0.0,0,0.0401,97,LOW,Authentic Content
MED-10571,Image,0.1395,0.8542,0.6589,53.659,0.0469,0.3902,0.7335,0.0,0.0,1,0.8507,19,CRITICAL,Deepfake Detected
MED-10572,Image,0.3622,0.7824,0.8525,45.749,0.1472,0.6387,0.5909,0.0,0.0,1,0.8608,18,CRITICAL,Deepfake Detected
MED-10573,Image,0.1381,0.4855,0.7155,29.346,0.1404,0.5743,0.4946,0.0,0.0,1,0.99,8,HIGH,Deepfake Detected
MED-10574,Video,0.188,0.604,0.7536,56.326,0.0162,0.6147,0.4201,0.3226,0.845,1,0.9045,11,HIGH,Deepfake Detected
MED-10575,Image,0.1779,0.8143,0.7114,21.838,0.1086,0.1513,0.5862,0.0,0.0,1,0.9804,5,CRITICAL,Deepfake Detected
MED-10576,Video,0.4646,0.7119,0.7186,36.414,0.2871,0.5372,0.418,0.6236,0.64,1,0.99,5,CRITICAL,Deepfake Detected
MED-10577,Image,0.2142,1.0,0.8415,42.599,0.2115,0.7146,0.4967,0.0,0.0,1,0.6748,29,HIGH,Deepfake Detected
MED-10578,Image,0.4622,0.4585,0.8681,32.114,0.1489,0.4702,0.6254,0.0,0.0,1,0.99,5,HIGH,Deepfake Detected
MED-10579,Image,0.8966,0.2974,0.19,6.072,0.4763,0.0052,0.2496,0.0,0.0,0,0.2,76,LOW,Authentic Content
MED-10580,Video,0.4313,0.7974,0.7725,15.204,0.0594,0.7234,0.7561,0.6431,0.6113,1,0.6661,29,HIGH,Deepfake Detected
MED-10581,Image,0.3405,0.6518,0.8377,28.596,0.1406,0.3284,0.4211,0.0,0.0,1,0.99,9,CRITICAL,Deepfake Detected
MED-10582,Image,0.1304,0.7982,0.7846,47.457,0.1708,0.9319,0.7268,0.0,0.0,1,0.8023,23,HIGH,Deepfake Detected
MED-10583,Video,0.2616,1.0,0.5338,14.621,0.2066,0.5898,0.6179,0.7251,0.8926,1,0.6993,27,CRITICAL,Deepfake Detected
MED-10584,Image,0.1199,0.7725,0.5639,36.254,0.244,0.7443,0.4411,0.0,0.0,1,0.8874,14,CRITICAL,Deepfake Detected
MED-10585,Video,0.2447,0.6524,0.6912,22.126,0.1057,0.7795,0.6077,0.6383,0.746,1,0.8593,20,HIGH,Deepfake Detected
MED-10586,Image,0.0969,0.6699,0.7972,48.236,0.246,0.7292,0.3863,0.0,0.0,1,0.8439,20,CRITICAL,Deepfake Detected
MED-10587,Image,0.6298,0.2582,0.0,15.382,0.3153,0.0824,0.1967,0.0,0.0,0,0.0712,96,LOW,Authentic Content
MED-10588,Image,0.1382,0.5975,0.6486,41.947,0.2555,0.5543,0.4757,0.0,0.0,1,0.9113,8,HIGH,Deepfake Detected
MED-10589,Image,0.3408,0.8022,0.5901,41.073,0.1662,0.9319,0.5594,0.0,0.0,1,0.7355,24,CRITICAL,Deepfake Detected
MED-10590,Video,0.8856,0.0871,0.2099,2.056,0.5745,0.0669,0.15,0.0449,0.1639,0,0.1404,86,LOW,Authentic Content
MED-10591,Image,0.3126,0.8283,0.6666,45.745,0.2921,0.4566,0.5121,0.0,0.0,1,0.8424,23,HIGH,Deepfake Detected
MED-10592,Image,0.5985,0.2298,0.199,7.696,0.65,0.1175,0.1777,0.0,0.0,0,0.1483,93,LOW,Authentic Content
MED-10593,Image,0.082,0.665,0.7265,58.073,0.1214,0.7596,0.504,0.0,0.0,1,0.9696,11,HIGH,Deepfake Detected
MED-10594,Image,0.5209,0.8372,0.6027,31.296,0.2275,0.6505,0.6502,0.0,0.0,1,0.8738,15,CRITICAL,Deepfake Detected
MED-10595,Image,0.9001,0.1374,0.164,4.707,0.3117,0.1934,0.1438,0.0,0.0,0,0.0638,90,LOW,Authentic Content
MED-10596,Image,0.2299,0.9372,0.8795,32.807,0.2056,0.7331,0.681,0.0,0.0,1,0.944,6,CRITICAL,Deepfake Detected
MED-10597,Image,0.7169,0.1549,0.3534,8.484,0.6615,0.0939,0.1751,0.0,0.0,0,0.01,96,LOW,Authentic Content
MED-10598,Video,0.3441,0.6659,0.8828,33.685,0.2368,0.7985,0.605,0.1962,0.7027,1,0.973,5,HIGH,Deepfake Detected
MED-10599,Video,0.2867,0.5668,0.6767,28.091,0.1811,0.6759,0.7761,0.5125,0.6729,1,0.9759,11,HIGH,Deepfake Detected
MED-10600,Image,0.7358,0.5751,0.6907,55.958,0.0491,0.9597,0.5963,0.0,0.0,1,0.8404,14,CRITICAL,Deepfake Detected
MED-10601,Video,0.964,0.1174,0.152,8.729,0.2834,0.2012,0.2331,0.1561,0.2168,0,0.0356,86,LOW,Authentic Content
MED-10602,Video,0.5718,0.3471,0.1702,11.529,0.4015,0.0188,0.2731,0.1273,0.0921,0,0.1824,74,LOW,Authentic Content
MED-10603,Video,0.1059,0.6874,0.693,23.26,0.2669,0.4681,0.427,0.548,0.7245,1,0.778,25,HIGH,Deepfake Detected
MED-10604,Video,0.5413,0.7178,0.4442,12.065,0.1624,0.6895,0.445,0.424,0.7842,1,0.9063,8,HIGH,Deepfake Detected
MED-10605,Video,0.335,0.9467,0.8096,50.138,0.1989,0.4308,0.4624,0.8263,0.8911,1,0.9554,6,CRITICAL,Deepfake Detected
MED-10606,Image,0.2229,0.5114,0.7344,18.253,0.2465,0.7894,0.6193,0.0,0.0,1,0.7379,33,CRITICAL,Deepfake Detected
MED-10607,Video,0.3386,0.656,0.8146,39.341,0.1925,0.1824,0.4427,0.4146,0.7324,1,0.9772,5,HIGH,Deepfake Detected
MED-10608,Image,0.9106,0.0345,0.2374,14.305,0.5996,0.1323,0.2327,0.0,0.0,0,0.1649,80,LOW,Authentic Content
MED-10609,Image,0.7219,0.2386,0.231,10.455,0.5376,0.1514,0.136,0.0,0.0,0,0.0614,94,LOW,Authentic Content
MED-10610,Video,0.2369,0.742,0.6874,33.085,0.1695,0.6969,0.3543,0.3375,0.6045,1,0.8707,11,CRITICAL,Deepfake Detected
MED-10611,Image,0.7731,0.011,0.3692,9.678,0.5364,0.0985,0.0364,0.0,0.0,0,0.1485,80,LOW,Authentic Content
MED-10612,Video,0.2375,0.7047,0.6885,16.425,0.2029,0.8502,0.7452,0.9543,0.4339,1,0.99,5,CRITICAL,Deepfake Detected
MED-10613,Image,0.59,0.6285,0.8799,52.387,0.1663,0.5325,0.6947,0.0,0.0,1,0.9684,5,CRITICAL,Deepfake Detected
MED-10614,Image,0.7091,0.1209,0.3623,11.356,0.4742,0.0245,0.3056,0.0,0.0,0,0.1515,83,LOW,Authentic Content
MED-10615,Video,0.9135,0.225,0.1358,5.578,0.6577,0.0771,0.2044,0.0964,0.032,0,0.0915,91,LOW,Authentic Content
MED-10616,Video,0.3145,0.4956,0.8529,53.414,0.3094,0.5858,0.5231,0.4505,0.7462,1,0.9233,5,HIGH,Deepfake Detected
MED-10617,Video,0.259,0.574,0.8207,37.657,0.157,0.7196,0.491,0.5581,0.7182,1,0.8001,23,CRITICAL,Deepfake Detected
MED-10618,Image,0.142,0.6552,0.8312,59.042,0.1284,0.8727,0.5462,0.0,0.0,1,0.7614,25,CRITICAL,Deepfake Detected
MED-10619,Image,0.8286,0.1871,0.15,7.234,0.3731,0.154,0.1481,0.0,0.0,0,0.01,97,LOW,Authentic Content
MED-10620,Video,0.8267,0.1771,0.1684,7.961,0.4884,0.1019,0.2425,0.0532,0.0554,0,0.0126,99,LOW,Authentic Content
MED-10621,Video,0.0808,0.5335,0.7424,33.414,0.1188,0.7675,0.3955,0.7217,0.8027,1,0.762,19,CRITICAL,Deepfake Detected
MED-10622,Video,0.9525,0.1946,0.0101,8.118,0.4871,0.1427,0.1322,0.0833,0.0348,0,0.0933,85,LOW,Authentic Content
MED-10623,Image,0.8858,0.0,0.2514,9.929,0.6824,0.0,0.1476,0.0,0.0,0,0.0879,93,LOW,Authentic Content
MED-10624,Image,0.3099,0.5674,0.792,16.74,0.231,0.6953,0.5495,0.0,0.0,1,0.6865,23,HIGH,Deepfake Detected
MED-10625,Video,0.8207,0.1705,0.1594,10.535,0.3346,0.0982,0.2237,0.1267,0.2096,0,0.0565,99,LOW,Authentic Content
MED-10626,Image,0.4406,0.7738,0.6887,34.813,0.2895,0.6342,0.6792,0.0,0.0,1,0.8275,25,HIGH,Deepfake Detected
MED-10627,Image,0.6273,0.1015,0.1778,7.746,0.517,0.1484,0.1181,0.0,0.0,0,0.1576,86,LOW,Authentic Content
MED-10628,Video,0.4788,0.2315,0.1686,12.295,0.4874,0.0434,0.2299,0.1099,0.2813,0,0.0233,96,LOW,Authentic Content
MED-10629,Image,0.8712,0.2576,0.1216,14.715,0.5531,0.1963,0.2092,0.0,0.0,0,0.0332,95,LOW,Authentic Content
MED-10630,Image,0.0754,0.8795,0.6991,15.772,0.4635,0.5395,0.6962,0.0,0.0,1,0.6996,31,CRITICAL,Deepfake Detected
MED-10631,Video,0.1503,0.7433,0.562,37.649,0.1532,0.3709,0.4972,0.587,0.6828,1,0.7018,35,CRITICAL,Deepfake Detected
MED-10632,Image,0.5691,0.2901,0.128,9.645,0.3769,0.0643,0.2906,0.0,0.0,0,0.1019,94,LOW,Authentic Content
MED-10633,Image,0.615,0.2642,0.1313,10.686,0.5166,0.0792,0.0669,0.0,0.0,0,0.094,96,LOW,Authentic Content
MED-10634,Image,0.1261,0.7916,0.8903,40.366,0.079,0.4533,0.5929,0.0,0.0,1,0.8,27,CRITICAL,Deepfake Detected
MED-10635,Image,0.1068,0.7472,0.7367,29.752,0.1447,0.6965,0.6039,0.0,0.0,1,0.9712,8,CRITICAL,Deepfake Detected
MED-10636,Image,0.1398,0.7583,0.7084,55.028,0.0046,0.4224,0.6618,0.0,0.0,1,0.8514,19,CRITICAL,Deepfake Detected
MED-10637,Video,0.2903,0.7211,0.6814,51.911,0.2258,0.589,0.7389,0.5675,0.5581,1,0.8489,12,CRITICAL,Deepfake Detected
MED-10638,Image,0.5257,0.0721,0.2696,10.214,0.4846,0.0922,0.225,0.0,0.0,0,0.1144,94,LOW,Authentic Content
MED-10639,Image,0.8734,0.3095,0.0671,4.704,0.5527,0.1405,0.1121,0.0,0.0,0,0.0827,94,LOW,Authentic Content
MED-10640,Video,0.7491,0.246,0.0876,6.597,0.5086,0.0967,0.1827,0.1167,0.1097,0,0.076,85,LOW,Authentic Content
MED-10641,Image,0.978,0.1343,0.2356,9.413,0.399,0.0282,0.323,0.0,0.0,0,0.1648,73,LOW,Authentic Content
MED-10642,Video,0.2353,0.8189,0.5631,18.043,0.2642,0.3551,0.6097,0.7796,0.4823,1,0.7576,27,CRITICAL,Deepfake Detected
MED-10643,Image,0.9072,0.1169,0.1169,4.588,0.5999,0.2569,0.1555,0.0,0.0,0,0.052,94,LOW,Authentic Content
MED-10644,Video,0.6008,0.1394,0.0636,11.354,0.6962,0.1429,0.189,0.1123,0.0936,0,0.01,95,LOW,Authentic Content
MED-10645,Image,0.5826,0.016,0.2118,5.707,0.3603,0.0952,0.1418,0.0,0.0,0,0.07,88,LOW,Authentic Content
MED-10646,Image,0.4851,0.1299,0.0646,6.894,0.4524,0.1422,0.2247,0.0,0.0,0,0.045,92,LOW,Authentic Content
MED-10647,Image,0.4484,0.2523,0.0889,4.066,0.3027,0.085,0.207,0.0,0.0,0,0.0195,99,LOW,Authentic Content
MED-10648,Image,0.7633,0.1813,0.3547,8.523,0.5395,0.0621,0.1661,0.0,0.0,0,0.01,93,LOW,Authentic Content
MED-10649,Image,0.898,0.0932,0.1134,6.851,0.656,0.1287,0.1056,0.0,0.0,0,0.1418,92,LOW,Authentic Content
MED-10650,Video,0.278,0.8349,0.8738,44.366,0.17,0.436,0.5402,0.7007,0.5343,1,0.843,13,HIGH,Deepfake Detected
MED-10651,Video,0.6155,0.1036,0.1396,6.779,0.5316,0.0231,0.0844,0.1181,0.0722,0,0.1445,86,LOW,Authentic Content
MED-10652,Video,0.9117,0.0484,0.3052,7.457,0.5239,0.1213,0.1252,0.1039,0.2038,0,0.1067,89,LOW,Authentic Content
MED-10653,Video,0.2494,0.8249,0.8053,34.518,0.206,0.7268,0.4591,0.6503,0.3758,1,0.8983,11,CRITICAL,Deepfake Detected
MED-10654,Video,0.8353,0.1747,0.1841,7.606,0.3217,0.0599,0.2898,0.1214,0.2346,0,0.0177,98,LOW,Authentic Content
MED-10655,Image,0.8977,0.1765,0.2279,1.969,0.7171,0.0624,0.0306,0.0,0.0,0,0.0794,90,LOW,Authentic Content
MED-10656,Video,0.2669,0.942,0.8284,47.007,0.0,0.5167,0.4256,0.7006,0.7507,1,0.8858,14,HIGH,Deepfake Detected
MED-10657,Image,0.6237,0.0644,0.0722,6.707,0.4733,0.2013,0.1972,0.0,0.0,0,0.0256,99,LOW,Authentic Content
MED-10658,Video,0.1537,0.4236,0.7351,35.501,0.2034,0.6948,0.6151,0.6407,0.8303,1,0.8523,12,CRITICAL,Deepfake Detected
MED-10659,Image,0.7225,0.0836,0.0911,2.71,0.3923,0.1429,0.187,0.0,0.0,0,0.1468,85,LOW,Authentic Content
MED-10660,Image,0.9187,0.1564,0.0373,10.409,0.5823,0.0832,0.2303,0.0,0.0,0,0.07,97,LOW,Authentic Content
MED-10661,Image,0.5158,0.1542,0.1667,11.948,0.6103,0.1,0.1676,0.0,0.0,0,0.1092,86,LOW,Authentic Content
MED-10662,Image,0.164,0.4011,0.7125,43.54,0.0463,0.9844,0.583,0.0,0.0,1,0.6537,35,HIGH,Deepfake Detected
MED-10663,Image,0.4331,0.8528,0.5111,54.042,0.167,0.8412,0.5224,0.0,0.0,1,0.8769,9,HIGH,Deepfake Detected
MED-10664,Video,0.6972,0.2832,0.0876,7.599,0.5914,0.1251,0.2293,0.1683,0.1549,0,0.0919,83,LOW,Authentic Content
MED-10665,Video,0.3365,0.527,0.7052,44.57,0.1636,0.6897,0.5299,0.6276,0.7676,1,0.99,5,CRITICAL,Deepfake Detected
MED-10666,Image,0.3246,0.7357,0.5535,43.801,0.194,0.6257,0.6771,0.0,0.0,1,0.9732,5,CRITICAL,Deepfake Detected
MED-10667,Video,0.5102,0.6348,0.5859,49.515,0.1759,0.5205,0.6502,0.7301,0.5925,1,0.9733,5,CRITICAL,Deepfake Detected
MED-10668,Video,0.4663,0.0913,0.1283,7.025,0.4819,0.0718,0.2457,0.1695,0.1482,0,0.0862,87,LOW,Authentic Content
MED-10669,Video,0.858,0.0248,0.2165,5.241,0.3268,0.1652,0.1134,0.0831,0.208,0,0.01,92,LOW,Authentic Content
MED-10670,Video,0.7476,0.2771,0.2589,7.109,0.6703,0.1882,0.2082,0.0774,0.0616,0,0.0777,94,LOW,Authentic Content
MED-10671,Image,0.1325,0.8382,0.3277,43.711,0.0659,0.7299,0.5954,0.0,0.0,1,0.9136,15,HIGH,Deepfake Detected
MED-10672,Image,0.604,0.0982,0.0157,11.708,0.5905,0.0393,0.2207,0.0,0.0,0,0.0803,90,LOW,Authentic Content
MED-10673,Image,0.0047,0.469,0.4264,36.282,0.188,0.5179,0.6682,0.0,0.0,1,0.7038,28,CRITICAL,Deepfake Detected
MED-10674,Video,0.7919,0.2067,0.2811,10.569,0.5431,0.2111,0.2336,0.1652,0.1564,0,0.01,99,LOW,Authentic Content
MED-10675,Image,0.2317,0.6394,0.7041,33.909,0.106,0.693,0.6025,0.0,0.0,1,0.8888,18,HIGH,Deepfake Detected
MED-10676,Video,0.13,0.6789,0.4865,30.602,0.2408,0.7721,0.524,0.5784,0.6951,1,0.8281,17,CRITICAL,Deepfake Detected
MED-10677,Video,0.8879,0.1663,0.1912,10.352,0.6644,0.0306,0.1803,0.1223,0.1552,0,0.0804,94,LOW,Authentic Content
MED-10678,Video,0.0857,0.5085,0.5401,34.528,0.2164,0.6394,0.6111,0.4282,0.7892,1,0.7887,23,CRITICAL,Deepfake Detected
MED-10679,Video,0.1156,0.6351,0.9245,38.53,0.214,0.5009,0.4414,0.389,0.637,1,0.99,5,CRITICAL,Deepfake Detected
MED-10680,Image,0.7966,0.2,0.0486,8.858,0.5887,0.1591,0.1906,0.0,0.0,0,0.0106,96,LOW,Authentic Content
MED-10681,Image,0.3639,0.6356,0.8283,32.552,0.1699,0.5618,0.4097,0.0,0.0,1,0.7643,24,CRITICAL,Deepfake Detected
MED-10682,Image,0.9105,0.7226,0.8116,29.465,0.2253,0.6404,0.6838,0.0,0.0,1,0.7368,30,CRITICAL,Deepfake Detected
MED-10683,Image,0.2683,0.4986,0.747,58.617,0.0548,0.5539,0.6787,0.0,0.0,1,0.8835,18,HIGH,Deepfake Detected
MED-10684,Video,0.8125,0.0554,0.166,12.6,0.335,0.1572,0.0729,0.12,0.1187,0,0.1167,84,LOW,Authentic Content
MED-10685,Video,0.7494,0.1664,0.1803,7.429,0.6076,0.0977,0.1542,0.1455,0.0947,0,0.0476,85,LOW,Authentic Content
MED-10686,Image,0.8413,0.0848,0.194,4.344,0.7077,0.1681,0.1066,0.0,0.0,0,0.1408,90,LOW,Authentic Content
MED-10687,Image,0.7417,0.1309,0.144,9.965,0.5297,0.1111,0.1613,0.0,0.0,0,0.01,99,LOW,Authentic Content
MED-10688,Image,0.7411,0.3143,0.2157,9.741,0.3757,0.21,0.1677,0.0,0.0,0,0.1293,92,LOW,Authentic Content
MED-10689,Image,0.5156,0.0411,0.2187,11.679,0.4926,0.1173,0.1857,0.0,0.0,0,0.082,89,LOW,Authentic Content
MED-10690,Image,0.1468,0.5121,0.586,48.876,0.2302,0.6334,0.495,0.0,0.0,1,0.7678,31,HIGH,Deepfake Detected
MED-10691,Video,0.4038,0.5728,0.8091,66.371,0.2649,0.8762,0.6062,0.7942,0.5923,1,0.9296,5,CRITICAL,Deepfake Detected
MED-10692,Video,0.454,0.714,0.7117,39.064,0.1993,0.4951,0.5481,0.604,0.3637,1,0.9333,10,HIGH,Deepfake Detected
MED-10693,Image,0.73,0.1786,0.0663,1.511,0.4519,0.2281,0.3618,0.0,0.0,0,0.1899,80,LOW,Authentic Content
MED-10694,Image,0.2719,0.0672,0.0999,4.837,0.5505,0.1618,0.2314,0.0,0.0,0,0.0179,99,LOW,Authentic Content
MED-10695,Image,0.3533,0.4889,0.9425,44.514,0.1411,0.6484,0.5876,0.0,0.0,1,0.7772,25,CRITICAL,Deepfake Detected
MED-10696,Image,0.066,0.5449,0.5558,34.756,0.2315,0.4923,0.5572,0.0,0.0,1,0.9252,5,HIGH,Deepfake Detected
MED-10697,Image,0.5871,0.1321,0.2396,2.955,0.6633,0.1981,0.0401,0.0,0.0,0,0.0377,98,LOW,Authentic Content
MED-10698,Image,0.7943,0.0819,0.2877,5.501,0.6401,0.0731,0.1322,0.0,0.0,0,0.1291,90,LOW,Authentic Content
MED-10699,Image,0.8019,0.2024,0.1157,14.481,0.7054,0.1562,0.3089,0.0,0.0,0,0.0839,94,LOW,Authentic Content
MED-10700,Video,0.8601,0.0596,0.2541,11.51,0.5805,0.0875,0.0419,0.0752,0.1017,0,0.0612,96,LOW,Authentic Content
MED-10701,Image,0.7947,0.2298,0.1055,8.621,0.5741,0.1326,0.2366,0.0,0.0,0,0.106,82,LOW,Authentic Content
MED-10702,Image,0.8732,0.0915,0.223,3.161,0.5368,0.1343,0.2708,0.0,0.0,0,0.1869,75,LOW,Authentic Content
MED-10703,Image,0.2786,0.7618,0.8583,44.01,0.2534,0.6003,0.5012,0.0,0.0,1,0.7422,19,HIGH,Deepfake Detected
MED-10704,Video,0.4276,0.7064,0.9105,27.936,0.0862,0.715,0.5096,0.2132,0.5136,1,0.8189,17,CRITICAL,Deepfake Detected
MED-10705,Video,0.4252,0.4361,0.4256,30.418,0.1113,0.5626,0.6475,0.6007,0.6885,1,0.9813,10,CRITICAL,Deepfake Detected
MED-10706,Video,0.484,0.1847,0.1607,1.113,0.3294,0.1633,0.069,0.1374,0.1275,0,0.0698,92,LOW,Authentic Content
MED-10707,Image,0.2724,0.5246,0.8052,30.1,0.175,0.6119,0.5436,0.0,0.0,1,0.7699,17,HIGH,Deepfake Detected
MED-10708,Video,0.8191,0.1175,0.2004,12.113,0.3797,0.111,0.0614,0.0803,0.1221,0,0.0287,95,LOW,Authentic Content
MED-10709,Image,0.0561,0.592,0.511,36.475,0.2027,0.6337,0.2828,0.0,0.0,1,0.9001,6,CRITICAL,Deepfake Detected
MED-10710,Image,0.771,0.1785,0.36,4.51,0.5867,0.2392,0.2522,0.0,0.0,0,0.0347,97,LOW,Authentic Content
MED-10711,Image,0.5685,0.5175,0.8101,52.192,0.0782,0.6608,0.5736,0.0,0.0,1,0.8703,18,HIGH,Deepfake Detected
MED-10712,Image,0.1426,0.9621,0.7608,41.069,0.2191,0.6588,0.5799,0.0,0.0,1,0.9697,5,HIGH,Deepfake Detected
MED-10713,Video,0.2007,0.6632,0.6022,14.46,0.3619,0.7036,0.5534,0.8704,0.7212,1,0.9832,8,HIGH,Deepfake Detected
MED-10714,Image,0.4677,0.532,0.5949,25.252,0.0608,0.6734,0.7194,0.0,0.0,1,0.8315,13,CRITICAL,Deepfake Detected
MED-10715,Video,0.0615,0.7573,0.6611,20.529,0.2411,0.8765,0.5824,0.331,0.6523,1,0.8652,16,HIGH,Deepfake Detected
MED-10716,Image,0.7436,0.1993,0.1408,8.085,0.5248,0.1737,0.2473,0.0,0.0,0,0.0706,95,LOW,Authentic Content
MED-10717,Image,0.7667,0.0473,0.1115,10.198,0.5342,0.1435,0.211,0.0,0.0,0,0.1514,86,LOW,Authentic Content
MED-10718,Video,0.1838,0.9704,0.6379,29.486,0.1001,0.4273,0.4744,0.5886,0.7155,1,0.8229,27,CRITICAL,Deepfake Detected
MED-10719,Image,0.0646,0.5352,0.7683,39.02,0.243,0.6554,0.5159,0.0,0.0,1,0.8593,11,CRITICAL,Deepfake Detected
MED-10720,Image,0.3482,0.7124,0.8786,63.225,0.2002,0.7459,0.7044,0.0,0.0,1,0.8225,20,HIGH,Deepfake Detected
MED-10721,Video,0.3032,0.6001,0.5799,47.387,0.0793,0.5853,0.454,0.5376,0.6767,1,0.8094,15,CRITICAL,Deepfake Detected
MED-10722,Video,0.8835,0.2755,0.1927,2.863,0.5039,0.0684,0.2555,0.2286,0.15,0,0.01,97,LOW,Authentic Content
MED-10723,Image,0.5379,0.1949,0.0886,10.084,0.3557,0.2259,0.1381,0.0,0.0,0,0.0666,94,LOW,Authentic Content
MED-10724,Video,0.2067,0.811,0.6959,36.74,0.3679,0.802,0.4694,0.638,0.6497,1,0.8365,17,HIGH,Deepfake Detected
MED-10725,Image,0.052,0.6261,0.8447,48.219,0.0447,0.5421,0.472,0.0,0.0,1,0.8435,15,HIGH,Deepfake Detected
MED-10726,Video,0.2672,0.65,0.8817,40.824,0.1802,0.6785,0.4515,0.525,0.7005,1,0.8305,17,CRITICAL,Deepfake Detected
MED-10727,Video,0.4125,0.678,0.6596,32.993,0.0258,0.5881,0.6944,0.7034,0.5505,1,0.6596,35,CRITICAL,Deepfake Detected
MED-10728,Image,0.8574,0.1761,0.1722,6.159,0.5784,0.1318,0.2619,0.0,0.0,0,0.0169,96,LOW,Authentic Content
MED-10729,Video,0.9015,0.2501,0.1321,17.413,0.4684,0.2207,0.0987,0.0505,0.0788,0,0.0293,96,LOW,Authentic Content
MED-10730,Image,0.5279,0.052,0.2272,8.525,0.4604,0.0628,0.229,0.0,0.0,0,0.01,95,LOW,Authentic Content
MED-10731,Video,0.3521,0.7603,0.5327,45.846,0.2255,0.6615,0.5509,0.7932,0.5521,1,0.7726,23,CRITICAL,Deepfake Detected
MED-10732,Image,0.7986,0.1292,0.1968,3.056,0.5659,0.1864,0.2529,0.0,0.0,0,0.2095,71,LOW,Authentic Content
MED-10733,Image,0.8941,0.15,0.2705,8.015,0.7397,0.1602,0.2663,0.0,0.0,0,0.01,99,LOW,Authentic Content
MED-10734,Image,0.6819,0.1431,0.1893,1.305,0.4909,0.1835,0.2506,0.0,0.0,0,0.1059,85,LOW,Authentic Content
MED-10735,Video,0.4309,0.0562,0.3116,0.037,0.483,0.0392,0.2751,0.1002,0.1564,0,0.0564,90,LOW,Authentic Content
MED-10736,Image,0.5349,0.0288,0.2119,9.576,0.661,0.1153,0.1375,0.0,0.0,0,0.2127,82,LOW,Authentic Content
MED-10737,Video,0.2891,0.9244,0.8443,19.505,0.2172,0.4653,0.4434,0.4907,0.7291,1,0.7211,25,CRITICAL,Deepfake Detected
MED-10738,Image,0.5485,0.1606,0.1549,6.902,0.5103,0.1701,0.2269,0.0,0.0,0,0.11,90,LOW,Authentic Content
MED-10739,Video,0.4309,0.8084,0.7456,16.255,0.217,0.6325,0.7162,0.4991,0.6695,1,0.9622,5,HIGH,Deepfake Detected
MED-10740,Image,0.1725,0.3965,0.7978,31.198,0.2514,0.6849,0.5446,0.0,0.0,1,0.7281,33,CRITICAL,Deepfake Detected
MED-10741,Image,0.1631,0.7695,0.7635,25.117,0.1165,0.4595,0.5248,0.0,0.0,1,0.8472,11,HIGH,Deepfake Detected
MED-10742,Video,0.5667,0.7139,0.7222,41.445,0.0923,0.7721,0.7146,0.5846,0.6215,1,0.7758,18,CRITICAL,Deepfake Detected
MED-10743,Image,0.5426,0.791,0.9166,41.443,0.256,0.3756,0.6613,0.0,0.0,1,0.8492,7,CRITICAL,Deepfake Detected
MED-10744,Image,0.7175,0.6035,0.7456,51.954,0.1953,0.6833,0.6261,0.0,0.0,1,0.6745,31,HIGH,Deepfake Detected
MED-10745,Image,0.8931,0.0405,0.134,11.251,0.6482,0.1147,0.2548,0.0,0.0,0,0.0154,99,LOW,Authentic Content
MED-10746,Image,0.3962,0.705,0.661,53.766,0.2271,0.537,0.5839,0.0,0.0,1,0.7606,29,HIGH,Deepfake Detected
MED-10747,Image,0.0565,0.4522,0.7097,39.369,0.3815,0.9349,0.4968,0.0,0.0,1,0.9551,5,CRITICAL,Deepfake Detected
MED-10748,Image,0.8717,0.23,0.1408,3.027,0.245,0.0535,0.0744,0.0,0.0,0,0.1002,87,LOW,Authentic Content
MED-10749,Image,0.7819,0.068,0.1429,3.108,0.6366,0.1286,0.1339,0.0,0.0,0,0.0565,99,LOW,Authentic Content
MED-10750,Image,0.7699,0.1081,0.2093,12.049,0.2502,0.0525,0.1535,0.0,0.0,0,0.0798,91,LOW,Authentic Content
MED-10751,Video,0.6979,0.2005,0.3201,11.465,0.1578,0.2147,0.2636,0.2003,0.1942,0,0.1747,86,LOW,Authentic Content
MED-10752,Video,0.252,0.8845,0.5455,18.927,0.1207,0.7792,0.7696,0.785,0.8586,1,0.8419,18,CRITICAL,Deepfake Detected
MED-10753,Image,0.204,0.6054,0.4329,49.864,0.1705,0.8071,0.6266,0.0,0.0,1,0.8337,16,CRITICAL,Deepfake Detected
MED-10754,Image,0.4059,0.8981,0.6304,44.596,0.1229,0.6862,0.568,0.0,0.0,1,0.8715,17,HIGH,Deepfake Detected
MED-10755,Image,0.5337,0.7358,0.6653,54.472,0.2127,0.5701,0.5575,0.0,0.0,1,0.8272,24,HIGH,Deepfake Detected
MED-10756,Image,0.8853,0.2077,0.1306,6.119,0.3664,0.0525,0.1337,0.0,0.0,0,0.1155,86,LOW,Authentic Content
MED-10757,Video,0.1369,0.8152,0.6913,33.862,0.1149,0.5269,0.6184,0.3832,0.8492,1,0.7966,18,HIGH,Deepfake Detected
MED-10758,Image,0.2278,0.9008,0.924,44.747,0.2033,0.4388,0.6481,0.0,0.0,1,0.9164,15,CRITICAL,Deepfake Detected
MED-10759,Video,0.156,0.7102,0.6716,25.633,0.2466,0.7631,0.4173,0.7067,0.7503,1,0.9337,7,CRITICAL,Deepfake Detected
MED-10760,Image,0.1885,0.4534,0.6237,30.376,0.15,0.5018,0.516,0.0,0.0,1,0.6986,32,HIGH,Deepfake Detected
MED-10761,Video,0.2239,0.9129,0.4941,37.781,0.0502,0.2692,0.4919,0.6942,0.5803,1,0.8896,11,CRITICAL,Deepfake Detected
MED-10762,Video,0.9026,0.0663,0.1612,6.775,0.7421,0.05,0.2082,0.1124,0.0558,0,0.1212,86,LOW,Authentic Content
MED-10763,Video,0.3691,0.205,0.1488,11.412,0.6652,0.0813,0.2635,0.0622,0.254,0,0.0384,99,LOW,Authentic Content
MED-10764,Video,0.1506,0.7324,0.7387,2.82,0.0787,0.5303,0.615,0.6721,0.6745,1,0.9135,5,CRITICAL,Deepfake Detected
MED-10765,Image,0.1898,0.6268,0.6436,43.866,0.2746,0.6593,0.7297,0.0,0.0,1,0.919,7,HIGH,Deepfake Detected
MED-10766,Image,0.343,0.7737,0.8327,37.332,0.2423,0.5549,0.5293,0.0,0.0,1,0.7188,29,HIGH,Deepfake Detected
MED-10767,Video,0.4042,0.1541,0.1989,10.145,0.4021,0.0958,0.3203,0.0756,0.104,0,0.0398,93,LOW,Authentic Content
MED-10768,Image,0.4324,0.7138,0.5335,54.196,0.2244,0.3902,0.6716,0.0,0.0,1,0.9422,5,CRITICAL,Deepfake Detected
MED-10769,Video,0.2926,0.766,0.6875,36.343,0.1413,0.7598,0.5039,0.5552,0.511,1,0.8878,10,HIGH,Deepfake Detected
MED-10770,Image,0.3979,0.6954,0.6939,64.554,0.2955,0.3824,0.6265,0.0,0.0,1,0.8501,13,CRITICAL,Deepfake Detected
MED-10771,Image,0.329,0.8023,0.7786,21.857,0.2847,0.4479,0.5586,0.0,0.0,1,0.7618,22,CRITICAL,Deepfake Detected
MED-10772,Video,0.2393,0.3051,0.6283,40.84,0.1358,0.4807,0.4388,0.9012,0.8333,1,0.99,5,HIGH,Deepfake Detected
MED-10773,Image,0.7661,0.9207,0.8663,31.137,0.1982,0.4189,0.5195,0.0,0.0,1,0.7442,27,CRITICAL,Deepfake Detected
MED-10774,Image,0.1823,0.7197,0.693,22.426,0.1119,0.8046,0.5839,0.0,0.0,1,0.8117,12,CRITICAL,Deepfake Detected
MED-10775,Video,0.0344,0.6882,0.7641,45.989,0.1076,0.8124,0.7003,0.4947,0.7818,1,0.6734,34,HIGH,Deepfake Detected
MED-10776,Image,0.9378,0.0423,0.0751,13.347,0.361,0.2008,0.2948,0.0,0.0,0,0.1339,83,LOW,Authentic Content
MED-10777,Image,0.4378,0.3872,0.5746,51.854,0.1478,0.6229,0.6587,0.0,0.0,1,0.99,5,HIGH,Deepfake Detected
MED-10778,Image,0.9571,0.2271,0.2171,4.65,0.4909,0.18,0.2414,0.0,0.0,0,0.04,99,LOW,Authentic Content
MED-10779,Image,0.8379,0.1643,0.0054,7.221,0.5053,0.1282,0.297,0.0,0.0,0,0.0409,94,LOW,Authentic Content
MED-10780,Image,0.3631,0.5876,0.8307,15.071,0.0656,0.2791,0.4401,0.0,0.0,1,0.99,7,HIGH,Deepfake Detected
MED-10781,Image,0.6574,0.2239,0.2696,7.915,0.6011,0.1547,0.2405,0.0,0.0,0,0.1467,89,LOW,Authentic Content
MED-10782,Image,0.2312,0.8236,0.7093,18.561,0.2488,0.2072,0.9058,0.0,0.0,1,0.99,5,CRITICAL,Deepfake Detected
MED-10783,Video,0.3286,0.7072,0.7848,32.61,0.3027,0.5868,0.5258,0.896,0.6902,1,0.9663,5,CRITICAL,Deepfake Detected
MED-10784,Image,0.7799,0.253,0.1026,10.578,0.4834,0.1572,0.0,0.0,0.0,0,0.0803,90,LOW,Authentic Content
MED-10785,Image,0.4485,0.1458,0.2053,11.031,0.6513,0.1942,0.3496,0.0,0.0,0,0.05,92,LOW,Authentic Content
MED-10786,Image,0.2776,0.7672,0.9845,38.636,0.2141,0.4931,0.8362,0.0,0.0,1,0.8163,15,HIGH,Deepfake Detected
MED-10787,Image,0.8401,0.3059,0.1212,9.543,0.5264,0.1082,0.2176,0.0,0.0,0,0.0822,90,LOW,Authentic Content
MED-10788,Image,0.8624,0.1142,0.1877,9.969,0.2845,0.0916,0.1743,0.0,0.0,0,0.0628,88,LOW,Authentic Content
MED-10789,Image,0.8619,0.0453,0.2071,8.043,0.6152,0.0984,0.2495,0.0,0.0,0,0.1475,86,LOW,Authentic Content
MED-10790,Video,0.1985,0.7836,0.8328,39.028,0.2073,0.7016,0.4351,0.8124,0.4496,1,0.9212,9,HIGH,Deepfake Detected
MED-10791,Video,0.2689,1.0,0.709,32.314,0.1416,0.6548,0.5934,0.5378,0.659,1,0.9844,5,CRITICAL,Deepfake Detected
MED-10792,Video,0.7665,0.2638,0.3594,9.756,0.491,0.0713,0.2606,0.1493,0.1234,0,0.0465,99,LOW,Authentic Content
MED-10793,Video,0.8154,0.0063,0.1379,11.786,0.6258,0.1066,0.4483,0.0882,0.1138,0,0.01,98,LOW,Authentic Content
MED-10794,Image,0.6792,0.2106,0.1139,10.937,0.3661,0.0547,0.2142,0.0,0.0,0,0.1308,88,LOW,Authentic Content
MED-10795,Image,0.1659,0.3217,0.6811,38.923,0.1218,0.626,0.5213,0.0,0.0,1,0.8399,12,CRITICAL,Deepfake Detected
MED-10796,Video,0.0927,0.625,0.676,56.862,0.1286,0.3257,0.6283,0.6647,0.7052,1,0.7858,26,HIGH,Deepfake Detected
MED-10797,Video,0.798,0.1226,0.1782,3.687,0.5917,0.1178,0.3139,0.0835,0.1188,0,0.01,94,LOW,Authentic Content
MED-10798,Video,0.5363,0.1515,0.3193,7.962,0.5608,0.0562,0.2422,0.0813,0.0484,0,0.01,94,LOW,Authentic Content
MED-10799,Image,0.4783,0.1988,0.0619,11.884,0.5619,0.09,0.1637,0.0,0.0,0,0.1193,87,LOW,Authentic Content
MED-10800,Video,0.0116,0.6984,0.6935,53.73,0.2009,0.7101,0.4301,0.5571,0.7077,1,0.9197,5,CRITICAL,Deepfake Detected
MED-10801,Image,0.0891,0.4527,0.3864,25.284,0.1298,0.8432,0.4823,0.0,0.0,1,0.868,9,CRITICAL,Deepfake Detected
MED-10802,Video,0.2101,0.763,0.7788,45.602,0.2807,0.9481,0.595,0.8179,0.6473,1,0.9685,8,CRITICAL,Deepfake Detected
MED-10803,Image,0.4731,0.4948,0.5168,37.41,0.2593,0.3174,0.6041,0.0,0.0,1,0.9392,5,HIGH,Deepfake Detected
MED-10804,Video,0.4095,0.5855,0.5001,50.156,0.2916,0.8991,0.6024,0.7327,0.9055,1,0.7859,26,CRITICAL,Deepfake Detected
MED-10805,Video,0.0592,0.645,0.9868,44.376,0.2539,0.4821,0.6621,0.5047,0.8636,1,0.7382,26,CRITICAL,Deepfake Detected
MED-10806,Image,0.4108,0.1648,0.1577,10.195,0.4389,0.1796,0.1798,0.0,0.0,0,0.0548,94,LOW,Authentic Content
MED-10807,Image,0.1344,0.6604,0.7846,33.27,0.2171,0.7389,0.71,0.0,0.0,1,0.7894,16,HIGH,Deepfake Detected
MED-10808,Image,0.8123,0.397,0.2182,2.126,0.4945,0.1124,0.1509,0.0,0.0,0,0.0844,88,LOW,Authentic Content
MED-10809,Image,0.9623,0.1745,0.1635,9.081,0.6533,0.1661,0.2029,0.0,0.0,0,0.1076,97,LOW,Authentic Content
MED-10810,Image,0.8557,0.073,0.1637,3.047,0.2458,0.0631,0.2098,0.0,0.0,0,0.0875,85,LOW,Authentic Content
MED-10811,Image,0.149,0.6889,0.6643,47.123,0.1672,0.5557,0.3283,0.0,0.0,1,0.8417,21,CRITICAL,Deepfake Detected
MED-10812,Video,0.3969,0.7112,0.858,56.394,0.156,0.6927,0.7814,0.2377,0.5965,1,0.99,6,HIGH,Deepfake Detected
MED-10813,Image,0.2787,0.4161,0.7878,44.604,0.2576,0.7025,0.1291,0.0,0.0,1,0.9003,5,CRITICAL,Deepfake Detected
MED-10814,Image,0.8217,0.0617,0.0938,4.733,0.4856,0.2371,0.2062,0.0,0.0,0,0.151,86,LOW,Authentic Content
MED-10815,Image,0.5549,0.2687,0.1378,6.439,0.3984,0.0822,0.1014,0.0,0.0,0,0.1057,83,LOW,Authentic Content
MED-10816,Video,0.0295,0.5662,0.8071,52.017,0.1721,0.9703,0.5853,0.8253,0.744,1,0.9086,5,HIGH,Deepfake Detected
MED-10817,Video,0.263,0.4835,0.672,16.825,0.0745,0.7864,0.669,0.568,0.7097,1,0.8699,15,HIGH,Deepfake Detected
MED-10818,Image,0.0459,0.5641,0.704,34.42,0.3362,0.4539,0.5962,0.0,0.0,1,0.8482,14,HIGH,Deepfake Detected
MED-10819,Image,0.9079,0.1085,0.1807,7.83,0.4975,0.2201,0.2245,0.0,0.0,0,0.01,99,LOW,Authentic Content
MED-10820,Video,0.9181,0.2304,0.4561,8.83,0.5084,0.056,0.1904,0.0482,0.1088,0,0.2537,75,MEDIUM,Authentic Content
MED-10821,Image,0.581,0.1247,0.1574,5.061,0.474,0.016,0.0296,0.0,0.0,0,0.1175,81,LOW,Authentic Content
MED-10822,Video,0.9665,0.179,0.2812,8.446,0.2263,0.1469,0.2256,0.0878,0.0695,0,0.0583,99,LOW,Authentic Content
MED-10823,Image,0.6366,0.2837,0.3784,10.476,0.4023,0.0675,0.2701,0.0,0.0,0,0.1599,81,LOW,Authentic Content
MED-10824,Video,0.6753,0.0315,0.2206,13.2,0.4527,0.0566,0.2396,0.1067,0.1004,0,0.0799,85,LOW,Authentic Content
MED-10825,Image,0.1876,0.845,0.7068,38.975,0.2759,0.5045,0.6534,0.0,0.0,1,0.7383,30,CRITICAL,Deepfake Detected
MED-10826,Video,0.9462,0.1875,0.1937,12.513,0.5725,0.0862,0.014,0.0881,0.1817,0,0.0565,94,LOW,Authentic Content
MED-10827,Video,0.6028,0.1447,0.0,9.379,0.5743,0.2205,0.1845,0.1204,0.0683,0,0.0586,88,LOW,Authentic Content
MED-10828,Image,0.8001,0.1567,0.15,7.04,0.5296,0.1224,0.2609,0.0,0.0,0,0.0728,91,LOW,Authentic Content
MED-10829,Image,0.4511,0.119,0.1578,7.041,0.5535,0.0174,0.283,0.0,0.0,0,0.118,83,LOW,Authentic Content
MED-10830,Image,0.3985,0.0948,0.1752,9.088,0.3622,0.1119,0.1426,0.0,0.0,0,0.0138,99,LOW,Authentic Content
MED-10831,Video,0.3561,0.7001,0.6344,32.537,0.1859,1.0,0.6161,0.51,0.5751,1,0.8008,30,CRITICAL,Deepfake Detected
MED-10832,Image,0.8345,0.2859,0.1172,9.4,0.4424,0.1212,0.0816,0.0,0.0,0,0.0126,99,LOW,Authentic Content
MED-10833,Image,0.298,0.3942,0.711,42.747,0.0749,0.5614,0.6375,0.0,0.0,1,0.8793,9,HIGH,Deepfake Detected
MED-10834,Video,0.1311,0.6917,0.9362,43.121,0.0,0.692,0.406,0.4461,0.5782,1,0.7837,14,CRITICAL,Deepfake Detected
MED-10835,Image,0.456,0.672,0.5254,54.151,0.1451,0.5667,0.625,0.0,0.0,1,0.9643,5,HIGH,Deepfake Detected
MED-10836,Image,0.2735,0.6191,0.5874,43.916,0.0855,0.6383,0.6806,0.0,0.0,1,0.8399,11,HIGH,Deepfake Detected
MED-10837,Image,0.5254,0.6022,0.6295,48.661,0.1815,0.5666,0.6542,0.0,0.0,1,0.7773,24,CRITICAL,Deepfake Detected
MED-10838,Video,0.2406,1.0,0.594,31.628,0.072,0.7446,0.3868,0.8477,0.5992,1,0.9859,10,CRITICAL,Deepfake Detected
MED-10839,Video,0.4149,0.0,0.239,9.351,0.6421,0.0922,0.286,0.1555,0.185,0,0.0404,95,LOW,Authentic Content
MED-10840,Image,0.4236,0.6618,0.6354,41.13,0.2339,0.6759,0.6216,0.0,0.0,1,0.8163,22,HIGH,Deepfake Detected
MED-10841,Video,0.1164,0.4545,0.6222,38.276,0.1905,0.7565,0.6087,0.9612,0.666,1,0.677,28,HIGH,Deepfake Detected
MED-10842,Image,0.8916,0.2412,0.2329,3.613,0.5191,0.1013,0.2529,0.0,0.0,0,0.0937,96,LOW,Authentic Content
MED-10843,Video,0.1173,0.6297,0.699,51.848,0.2171,0.4632,0.5632,0.9832,0.7167,1,0.8173,22,CRITICAL,Deepfake Detected
MED-10844,Video,0.7878,0.1886,0.16,2.432,0.4545,0.1711,0.0467,0.0485,0.1282,0,0.1643,87,LOW,Authentic Content
MED-10845,Video,0.8617,0.1559,0.092,4.157,0.6507,0.0699,0.28,0.1074,0.1861,0,0.0137,96,LOW,Authentic Content
MED-10846,Image,0.6484,0.0601,0.2103,8.768,0.761,0.1905,0.2641,0.0,0.0,0,0.01,99,LOW,Authentic Content
MED-10847,Image,0.2751,0.692,0.5804,65.888,0.1464,0.3174,0.5081,0.0,0.0,1,0.6673,25,HIGH,Deepfake Detected
MED-10848,Image,0.2021,0.6696,0.7919,61.567,0.2127,0.5819,0.4086,0.0,0.0,1,0.7592,27,CRITICAL,Deepfake Detected
MED-10849,Video,0.3251,0.7061,0.7481,34.235,0.2283,0.6599,0.6284,0.4033,0.7762,1,0.7215,32,CRITICAL,Deepfake Detected
MED-10850,Image,0.3114,0.9774,0.4174,53.268,0.2777,0.5807,0.5355,0.0,0.0,1,0.8428,10,HIGH,Deepfake Detected
MED-10851,Video,0.4952,0.8803,0.6376,27.845,0.2048,0.6851,0.5473,0.936,0.6039,1,0.6274,42,CRITICAL,Deepfake Detected
MED-10852,Image,0.1619,0.9558,0.7551,30.543,0.2162,0.6074,0.6911,0.0,0.0,1,0.7203,20,CRITICAL,Deepfake Detected
MED-10853,Image,0.7876,0.2441,0.1764,13.057,0.4445,0.1017,0.1854,0.0,0.0,0,0.0484,95,LOW,Authentic Content
MED-10854,Video,0.9135,0.0882,0.0998,6.594,0.6466,0.1121,0.2805,0.1094,0.0915,0,0.054,89,LOW,Authentic Content
MED-10855,Video,0.5704,0.771,0.5835,40.031,0.1058,0.5428,0.4719,0.5768,0.7107,1,0.8287,22,CRITICAL,Deepfake Detected
MED-10856,Image,0.7966,0.2033,0.2004,7.93,0.6754,0.1443,0.1329,0.0,0.0,0,0.0391,98,LOW,Authentic Content
MED-10857,Image,0.4741,0.8187,0.6658,47.539,0.3261,0.7168,0.7202,0.0,0.0,1,0.8255,16,CRITICAL,Deepfake Detected
MED-10858,Video,0.9517,0.0,0.1005,14.131,0.5269,0.095,0.1797,0.1809,0.1747,0,0.0703,89,LOW,Authentic Content
MED-10859,Video,0.1433,0.6309,0.8259,29.794,0.2441,0.5046,0.5066,0.3591,0.4781,1,0.7581,12,HIGH,Deepfake Detected
MED-10860,Video,0.1948,0.6254,0.9356,50.122,0.2217,0.5711,0.67,0.3164,0.6621,1,0.9084,13,CRITICAL,Deepfake Detected
MED-10861,Video,0.311,0.6506,0.7661,62.119,0.1614,0.5779,0.7214,0.6323,0.8299,1,0.99,5,CRITICAL,Deepfake Detected
MED-10862,Image,0.9577,0.0227,0.2906,15.908,0.6803,0.0735,0.1443,0.0,0.0,0,0.0704,99,LOW,Authentic Content
MED-10863,Image,0.7432,0.0,0.2575,5.285,0.4196,0.008,0.3272,0.0,0.0,0,0.0368,97,LOW,Authentic Content
MED-10864,Video,0.8186,0.1065,0.0941,2.807,0.3734,0.1719,0.1744,0.0696,0.077,0,0.0851,90,LOW,Authentic Content
MED-10865,Video,0.2432,0.4776,0.7633,35.947,0.1984,0.7577,0.6153,0.5036,0.6056,1,0.706,21,CRITICAL,Deepfake Detected
MED-10866,Image,0.7695,0.2627,0.143,9.506,0.4524,0.047,0.1986,0.0,0.0,0,0.0165,99,LOW,Authentic Content
MED-10867,Image,0.558,0.1269,0.1424,7.195,0.5364,0.0861,0.1323,0.0,0.0,0,0.166,88,LOW,Authentic Content
MED-10868,Image,0.3347,0.8864,0.5884,25.861,0.0506,0.715,0.5996,0.0,0.0,1,0.8197,12,HIGH,Deepfake Detected
MED-10869,Image,0.1661,0.6789,0.8181,39.981,0.0928,0.4205,0.5928,0.0,0.0,1,0.7957,17,CRITICAL,Deepfake Detected
MED-10870,Image,0.886,0.0716,0.1418,8.07,0.4167,0.1193,0.2033,0.0,0.0,0,0.0937,92,LOW,Authentic Content
MED-10871,Video,0.6789,0.2171,0.1883,7.205,0.2479,0.2368,0.0409,0.1015,0.1538,0,0.0368,98,LOW,Authentic Content
MED-10872,Image,0.6829,0.1054,0.0365,10.401,0.7159,0.0644,0.1832,0.0,0.0,0,0.0491,92,LOW,Authentic Content
MED-10873,Image,0.7995,0.0893,0.2485,10.552,0.336,0.0844,0.3,0.0,0.0,0,0.0976,91,LOW,Authentic Content
MED-10874,Image,0.2597,0.6788,0.6647,37.145,0.2388,0.5976,0.5715,0.0,0.0,1,0.8142,13,HIGH,Deepfake Detected
MED-10875,Video,0.6428,0.0237,0.2087,2.394,0.6111,0.0533,0.3247,0.0976,0.0452,0,0.0115,99,LOW,Authentic Content
MED-10876,Image,0.1709,0.5774,0.4951,44.565,0.087,0.8751,0.4813,0.0,0.0,1,0.99,5,HIGH,Deepfake Detected
MED-10877,Video,0.6929,0.1854,0.1463,9.561,0.5739,0.0617,0.231,0.2093,0.1882,0,0.0296,99,LOW,Authentic Content
MED-10878,Video,0.6038,0.1949,0.1666,2.884,0.5243,0.0769,0.1621,0.0938,0.0564,0,0.01,99,LOW,Authentic Content
MED-10879,Video,0.1278,0.6646,0.9072,35.444,0.332,0.658,0.4777,0.7729,0.6831,1,0.9553,5,HIGH,Deepfake Detected
MED-10880,Image,0.3434,0.8726,0.9103,22.105,0.3007,0.7111,0.5993,0.0,0.0,1,0.99,5,CRITICAL,Deepfake Detected
MED-10881,Image,0.3314,0.6717,0.7011,37.709,0.1411,0.6844,0.5684,0.0,0.0,1,0.8318,16,CRITICAL,Deepfake Detected
MED-10882,Image,0.7691,0.0903,0.2383,9.927,0.6446,0.1321,0.2383,0.0,0.0,0,0.0894,93,LOW,Authentic Content
MED-10883,Image,0.0578,0.7408,0.8841,37.381,0.1476,0.6707,0.5376,0.0,0.0,1,0.8531,13,CRITICAL,Deepfake Detected
MED-10884,Image,0.0573,0.6014,0.5407,26.451,0.2306,0.5684,0.447,0.0,0.0,1,0.9254,23,HIGH,Deepfake Detected
MED-10885,Image,0.2177,0.6227,0.7041,21.131,0.335,0.4994,0.4168,0.0,0.0,1,0.8287,17,CRITICAL,Deepfake Detected
MED-10886,Video,0.7045,0.1255,0.3583,14.305,0.6039,0.0195,0.0562,0.0726,0.1167,0,0.0743,93,LOW,Authentic Content
MED-10887,Video,0.0464,0.6378,0.7155,41.619,0.1448,0.6734,0.6933,0.6942,0.7863,1,0.6837,25,CRITICAL,Deepfake Detected
MED-10888,Video,0.322,0.6151,0.8022,35.272,0.2728,0.8679,0.5096,0.6338,0.7275,1,0.9119,17,CRITICAL,Deepfake Detected
MED-10889,Video,0.7021,0.2078,0.2708,4.274,0.5428,0.1161,0.1996,0.0524,0.0104,0,0.0347,92,LOW,Authentic Content
MED-10890,Video,0.3094,0.8219,0.6337,38.778,0.1532,0.6997,0.6971,0.4401,0.5558,1,0.8635,22,CRITICAL,Deepfake Detected
MED-10891,Video,0.1702,0.4695,0.9433,26.314,0.1618,0.6653,0.4648,0.3041,0.6684,1,0.8179,15,HIGH,Deepfake Detected
MED-10892,Video,0.4132,0.5878,0.966,47.795,0.0901,0.4032,0.6129,0.6471,0.8849,1,0.9048,10,HIGH,Deepfake Detected
MED-10893,Video,0.5271,0.1946,0.2247,4.422,0.3982,0.084,0.2316,0.1179,0.0694,0,0.01,99,LOW,Authentic Content
MED-10894,Video,0.3232,0.9125,0.8865,59.573,0.1174,0.5763,0.4397,0.2939,0.8078,1,0.8723,9,HIGH,Deepfake Detected
MED-10895,Image,0.1243,0.4618,0.754,40.463,0.124,0.5516,0.7388,0.0,0.0,1,0.9235,8,CRITICAL,Deepfake Detected
MED-10896,Image,0.651,0.2167,0.2076,0.734,0.3968,0.1302,0.2108,0.0,0.0,0,0.0666,94,LOW,Authentic Content
MED-10897,Image,0.827,0.2312,0.1486,11.679,0.5149,0.1088,0.1001,0.0,0.0,0,0.1271,84,LOW,Authentic Content
MED-10898,Video,0.282,0.6561,0.711,23.947,0.2319,0.6568,0.5998,0.4928,0.9612,1,0.99,5,CRITICAL,Deepfake Detected
MED-10899,Image,0.9409,0.1824,0.0,3.897,0.5327,0.1548,0.1741,0.0,0.0,0,0.1624,87,LOW,Authentic Content
MED-10900,Image,0.1552,0.6787,0.9041,50.022,0.2067,0.8832,0.6309,0.0,0.0,1,0.8411,11,CRITICAL,Deepfake Detected
MED-10901,Image,0.3905,0.9537,0.8115,20.175,0.3494,0.4541,0.703,0.0,0.0,1,0.7505,20,CRITICAL,Deepfake Detected
MED-10902,Video,0.1472,0.9198,0.626,32.744,0.1331,0.6944,0.7138,0.5671,0.5777,1,0.9313,9,CRITICAL,Deepfake Detected
MED-10903,Image,0.6093,0.0888,0.2533,1.541,0.4206,0.0324,0.163,0.0,0.0,0,0.1073,88,LOW,Authentic Content
MED-10904,Image,0.957,0.0585,0.1811,10.046,0.3267,0.0648,0.1881,0.0,0.0,0,0.0268,94,LOW,Authentic Content
MED-10905,Video,0.626,0.2709,0.1208,3.612,0.311,0.1845,0.1727,0.0873,0.1104,0,0.1408,85,LOW,Authentic Content
MED-10906,Image,0.5288,0.7364,0.7914,31.629,0.1933,0.8478,0.8284,0.0,0.0,1,0.9354,5,CRITICAL,Deepfake Detected
MED-10907,Video,0.3586,0.6072,0.8864,55.734,0.2976,0.4063,0.7688,0.5659,1.0,1,0.9125,5,CRITICAL,Deepfake Detected
MED-10908,Image,0.6014,0.0383,0.2218,12.225,0.5279,0.2207,0.3919,0.0,0.0,0,0.1119,84,LOW,Authentic Content
MED-10909,Video,0.0834,0.6872,0.8628,44.916,0.2624,0.5906,0.519,0.4854,0.6812,1,0.8078,21,HIGH,Deepfake Detected
MED-10910,Video,0.7899,0.0591,0.1358,13.058,0.6333,0.1885,0.3734,0.155,0.0,0,0.0994,83,LOW,Authentic Content
MED-10911,Image,0.8511,0.071,0.1895,10.248,0.4825,0.1968,0.1969,0.0,0.0,0,0.1355,85,LOW,Authentic Content
MED-10912,Image,0.563,0.5223,0.6902,28.619,0.2841,0.6594,0.5538,0.0,0.0,1,0.789,14,CRITICAL,Deepfake Detected
MED-10913,Image,0.4638,0.6242,0.8054,36.766,0.1827,0.8243,0.5663,0.0,0.0,1,0.8515,8,HIGH,Deepfake Detected
MED-10914,Video,0.9078,0.2545,0.2383,13.135,0.7465,0.0464,0.1883,0.0975,0.1605,0,0.0701,90,LOW,Authentic Content
MED-10915,Image,0.2106,0.4239,0.9751,37.637,0.2644,0.5402,0.641,0.0,0.0,1,0.7916,19,CRITICAL,Deepfake Detected
MED-10916,Image,0.359,0.756,0.6595,67.791,0.1129,0.8387,0.6828,0.0,0.0,1,0.8486,14,CRITICAL,Deepfake Detected
MED-10917,Image,0.9031,0.0314,0.251,11.278,0.8143,0.1823,0.2764,0.0,0.0,0,0.1021,89,LOW,Authentic Content
MED-10918,Video,0.2712,0.6857,0.7071,40.105,0.2778,0.6639,0.6027,0.5751,0.7734,1,0.7997,19,CRITICAL,Deepfake Detected
MED-10919,Video,0.0709,0.8217,0.7361,22.759,0.1331,0.7501,0.3874,0.6505,0.7571,1,0.99,5,CRITICAL,Deepfake Detected
MED-10920,Image,0.2767,0.7184,0.588,19.683,0.1192,0.6316,0.0922,0.0,0.0,1,0.7386,32,CRITICAL,Deepfake Detected
MED-10921,Video,0.0886,0.8679,0.6895,35.693,0.3284,0.7105,0.6375,0.7171,0.7919,1,0.8417,16,CRITICAL,Deepfake Detected
MED-10922,Video,0.1759,0.6851,0.7251,29.801,0.1386,0.7396,0.4077,0.644,0.7046,1,0.745,23,HIGH,Deepfake Detected
MED-10923,Image,0.7695,0.1155,0.1204,9.597,0.7249,0.175,0.2438,0.0,0.0,0,0.1235,93,LOW,Authentic Content
MED-10924,Video,0.307,0.6416,0.742,39.324,0.1365,0.7821,0.3565,0.5237,0.6273,1,0.6864,37,HIGH,Deepfake Detected
MED-10925,Image,0.718,0.1732,0.1863,12.312,0.4281,0.1336,0.0821,0.0,0.0,0,0.0581,94,LOW,Authentic Content
MED-10926,Video,0.0313,0.5557,0.6143,44.366,0.3708,0.8105,0.7319,0.5854,0.61,1,0.7719,20,CRITICAL,Deepfake Detected
MED-10927,Video,0.72,0.1864,0.1953,0.0,0.4357,0.1378,0.1913,0.1256,0.1813,0,0.1104,86,LOW,Authentic Content
MED-10928,Image,0.2099,0.5448,0.6505,19.252,0.1563,0.7408,0.5363,0.0,0.0,1,0.99,5,HIGH,Deepfake Detected
MED-10929,Image,0.7802,0.132,0.1235,8.961,0.5279,0.1185,0.233,0.0,0.0,0,0.0542,92,LOW,Authentic Content
MED-10930,Video,0.3692,0.7589,0.85,19.548,0.1963,0.6208,0.7813,0.787,0.6054,1,0.8873,12,HIGH,Deepfake Detected
MED-10931,Image,0.3322,0.611,0.83,45.5,0.1538,1.0,0.3988,0.0,0.0,1,0.8268,13,HIGH,Deepfake Detected
MED-10932,Video,0.1154,0.6609,0.8567,14.039,0.0955,0.6762,0.6196,0.4559,0.7389,1,0.7876,19,CRITICAL,Deepfake Detected
MED-10933,Image,0.367,0.8071,0.6587,45.434,0.2667,0.6803,0.3357,0.0,0.0,1,0.6536,31,CRITICAL,Deepfake Detected
MED-10934,Video,0.2116,0.7852,0.5922,40.223,0.115,0.7815,0.5969,0.4176,0.7122,1,0.7651,24,HIGH,Deepfake Detected
MED-10935,Image,0.8746,0.2063,0.2079,13.921,0.7831,0.0957,0.2776,0.0,0.0,0,0.2069,83,LOW,Authentic Content
MED-10936,Image,0.7887,0.1432,0.2556,5.485,0.5535,0.1289,0.2702,0.0,0.0,0,0.1195,90,LOW,Authentic Content
MED-10937,Image,0.7754,0.1533,0.1866,5.706,0.3816,0.143,0.2806,0.0,0.0,0,0.0425,94,LOW,Authentic Content
MED-10938,Video,0.2281,0.5193,0.9884,41.788,0.2384,0.5281,0.5577,0.6879,0.4293,1,0.7599,20,CRITICAL,Deepfake Detected
MED-10939,Video,0.9346,0.2522,0.1465,5.663,0.6048,0.0372,0.25,0.1891,0.154,0,0.1183,91,LOW,Authentic Content
MED-10940,Video,0.3552,0.5471,0.8287,26.433,0.1506,0.1568,0.6282,0.5041,0.8667,1,0.889,16,CRITICAL,Deepfake Detected
MED-10941,Image,0.6344,0.1509,0.1829,6.392,0.3242,0.0863,0.3328,0.0,0.0,0,0.1447,82,LOW,Authentic Content
MED-10942,Video,0.0763,0.6156,0.5299,32.05,0.1382,0.5056,0.7394,0.41,0.6787,1,0.7623,22,CRITICAL,Deepfake Detected
MED-10943,Video,0.8165,0.1544,0.0963,0.0,0.6819,0.1632,0.2417,0.0696,0.1457,0,0.0377,97,LOW,Authentic Content
MED-10944,Image,0.0369,0.7051,0.8227,54.901,0.2051,0.5075,0.5867,0.0,0.0,1,0.99,7,CRITICAL,Deepfake Detected
MED-10945,Video,0.0748,0.3907,0.7712,38.893,0.0562,0.7469,0.6436,0.3561,0.9834,1,0.9251,5,CRITICAL,Deepfake Detected
MED-10946,Video,0.7194,0.0994,0.3066,9.748,0.3053,0.0751,0.0572,0.1582,0.1185,0,0.01,99,LOW,Authentic Content
MED-10947,Image,0.8551,0.0289,0.0626,12.697,0.4631,0.1213,0.0365,0.0,0.0,0,0.01,99,LOW,Authentic Content
MED-10948,Image,0.4422,0.9882,0.8809,40.536,0.196,0.8812,0.6495,0.0,0.0,1,0.99,5,HIGH,Deepfake Detected
MED-10949,Video,0.9575,0.4141,0.3673,8.162,0.7343,0.1708,0.2185,0.017,0.0346,0,0.0803,89,LOW,Authentic Content
MED-10950,Image,0.4228,0.5087,0.7734,28.726,0.1287,0.809,0.6589,0.0,0.0,1,0.8128,10,CRITICAL,Deepfake Detected
MED-10951,Video,0.6506,0.0731,0.2191,5.801,0.3413,0.0643,0.1399,0.1261,0.1891,0,0.01,99,LOW,Authentic Content
MED-10952,Image,0.0715,0.7999,0.6378,34.708,0.0024,0.8014,0.6785,0.0,0.0,1,0.8505,7,HIGH,Deepfake Detected
MED-10953,Video,0.4557,0.6135,0.9115,38.021,0.1928,0.4847,0.6307,0.7557,0.8085,1,0.7289,32,CRITICAL,Deepfake Detected
MED-10954,Image,0.8869,0.0,0.243,15.971,0.5927,0.1078,0.1956,0.0,0.0,0,0.0547,94,LOW,Authentic Content
MED-10955,Image,0.9648,0.3021,0.2107,6.94,0.4903,0.1224,0.1086,0.0,0.0,0,0.034,89,LOW,Authentic Content
MED-10956,Image,0.1111,0.6594,0.7989,36.545,0.1293,0.5841,0.5151,0.0,0.0,1,0.7863,22,CRITICAL,Deepfake Detected
MED-10957,Image,0.47,0.4411,0.5621,38.097,0.1708,0.7031,0.6614,0.0,0.0,1,0.8778,6,CRITICAL,Deepfake Detected
MED-10958,Image,0.1358,0.6967,0.477,67.801,0.1426,0.7694,0.5758,0.0,0.0,1,0.7697,18,CRITICAL,Deepfake Detected
MED-10959,Video,0.4987,0.0924,0.1649,15.118,0.5832,0.1647,0.2057,0.2348,0.063,0,0.01,99,LOW,Authentic Content
MED-10960,Image,0.4265,1.0,0.7391,30.002,0.0,0.6981,0.3116,0.0,0.0,1,0.8825,19,CRITICAL,Deepfake Detected
MED-10961,Video,0.5621,0.0771,0.1615,13.396,0.4388,0.1109,0.2205,0.0505,0.0952,0,0.0868,91,LOW,Authentic Content
MED-10962,Video,0.1172,0.7878,0.7607,46.499,0.2339,0.5016,0.6031,0.8826,0.6689,1,0.8629,12,CRITICAL,Deepfake Detected
MED-10963,Image,0.5098,0.0,0.2579,3.513,0.6194,0.0817,0.2556,0.0,0.0,0,0.1066,87,LOW,Authentic Content
MED-10964,Image,0.0955,0.6215,0.7208,30.094,0.1657,0.2401,0.4824,0.0,0.0,1,0.7912,20,HIGH,Deepfake Detected
MED-10965,Image,0.0745,0.6939,0.664,3.558,0.0644,0.774,0.8223,0.0,0.0,1,0.9403,7,CRITICAL,Deepfake Detected
MED-10966,Image,0.071,0.6731,0.5371,31.777,0.2454,0.3089,0.6174,0.0,0.0,1,0.7599,30,CRITICAL,Deepfake Detected
MED-10967,Image,0.8189,0.0,0.1329,5.167,0.5619,0.3171,0.2556,0.0,0.0,0,0.2442,77,LOW,Authentic Content
MED-10968,Video,0.6657,0.104,0.2028,3.198,0.619,0.2132,0.2032,0.0666,0.1416,0,0.105,89,LOW,Authentic Content
MED-10969,Video,0.749,0.1297,0.2463,8.718,0.4428,0.1357,0.1735,0.144,0.14,0,0.0611,94,LOW,Authentic Content
MED-10970,Video,0.809,0.1842,0.1211,8.586,0.6529,0.0638,0.0936,0.0354,0.0498,0,0.1157,82,LOW,Authentic Content
MED-10971,Image,0.3207,0.6464,0.6905,65.325,0.2447,1.0,0.5204,0.0,0.0,1,0.8415,9,CRITICAL,Deepfake Detected
MED-10972,Video,0.6767,0.1166,0.2692,6.121,0.4749,0.2022,0.1401,0.1309,0.0176,0,0.022,96,LOW,Authentic Content
MED-10973,Video,0.6466,0.1082,0.2778,4.07,0.561,0.0889,0.3122,0.129,0.1728,0,0.0477,98,LOW,Authentic Content
MED-10974,Video,0.7621,0.1274,0.1946,1.716,0.7311,0.0838,0.1732,0.0341,0.1604,0,0.1118,87,LOW,Authentic Content
MED-10975,Image,0.7725,0.0237,0.2667,3.16,0.4955,0.0579,0.2795,0.0,0.0,0,0.1149,87,LOW,Authentic Content
MED-10976,Image,0.9507,0.232,0.2137,10.475,0.4536,0.1647,0.1106,0.0,0.0,0,0.0216,97,LOW,Authentic Content
MED-10977,Image,0.2455,0.2984,0.5785,55.335,0.1525,0.7646,0.6313,0.0,0.0,1,0.8309,8,HIGH,Deepfake Detected
MED-10978,Video,0.4358,0.1874,0.241,8.456,0.4577,0.07,0.2318,0.0763,0.128,0,0.01,96,LOW,Authentic Content
MED-10979,Video,0.1781,0.9203,0.711,17.836,0.0462,0.5465,0.57,0.8701,0.5378,1,0.9039,11,CRITICAL,Deepfake Detected
MED-10980,Video,0.0289,0.703,0.7819,28.116,0.0,0.7055,0.5617,0.518,0.8146,1,0.8455,24,HIGH,Deepfake Detected
MED-10981,Image,0.4767,0.1651,0.1302,3.887,0.4467,0.169,0.2074,0.0,0.0,0,0.1205,83,LOW,Authentic Content
MED-10982,Image,0.3346,0.6331,1.0,46.171,0.2299,0.8332,0.6438,0.0,0.0,1,0.8461,8,CRITICAL,Deepfake Detected
MED-10983,Image,0.5226,0.4313,0.4951,32.64,0.1954,0.9048,0.5578,0.0,0.0,1,0.7892,17,CRITICAL,Deepfake Detected
MED-10984,Image,0.6241,0.5424,0.7864,43.431,0.0697,0.3394,0.5123,0.0,0.0,1,0.8683,6,CRITICAL,Deepfake Detected
MED-10985,Image,0.2669,0.8913,0.6035,45.634,0.1682,0.9236,0.7196,0.0,0.0,1,0.8347,25,CRITICAL,Deepfake Detected
MED-10986,Video,0.2083,0.7627,0.6222,9.381,0.2321,0.71,0.475,0.3928,0.7196,1,0.9217,10,HIGH,Deepfake Detected
MED-10987,Video,0.8552,0.2092,0.0229,7.562,0.6026,0.1404,0.3217,0.0869,0.1492,0,0.1276,96,LOW,Authentic Content
MED-10988,Image,0.2511,0.7754,0.8378,53.245,0.2614,0.6701,0.4962,0.0,0.0,1,0.8419,20,CRITICAL,Deepfake Detected
MED-10989,Image,0.7607,0.1196,0.1163,9.603,0.6098,0.1393,0.0526,0.0,0.0,0,0.01,95,LOW,Authentic Content
MED-10990,Video,0.1316,0.7567,0.8869,54.504,0.2069,0.8235,0.5125,0.5927,0.525,1,0.9707,5,CRITICAL,Deepfake Detected
MED-10991,Image,0.3228,0.4811,0.7294,43.66,0.1522,0.5096,0.7823,0.0,0.0,1,0.99,5,HIGH,Deepfake Detected
MED-10992,Image,0.831,0.0943,0.182,3.863,0.3225,0.1278,0.187,0.0,0.0,0,0.028,98,LOW,Authentic Content
MED-10993,Video,0.2417,0.8882,0.798,27.091,0.1791,0.6785,0.5753,0.9428,0.4082,1,0.7024,36,CRITICAL,Deepfake Detected
MED-10994,Video,0.1535,0.7911,0.5891,51.528,0.1682,0.5665,0.4678,0.8353,0.9196,1,0.9685,5,CRITICAL,Deepfake Detected
MED-10995,Image,0.7031,0.0943,0.2526,10.297,0.6016,0.1834,0.2254,0.0,0.0,0,0.0776,86,LOW,Authentic Content
MED-10996,Video,0.8848,0.0349,0.2514,6.948,0.4392,0.0649,0.1476,0.125,0.1063,0,0.1229,83,LOW,Authentic Content
MED-10997,Image,0.7253,0.2127,0.2672,7.759,0.607,0.0114,0.2315,0.0,0.0,0,0.1839,78,LOW,Authentic Content
MED-10998,Image,0.9306,0.2461,0.0959,13.204,0.6352,0.1498,0.1788,0.0,0.0,0,0.0971,97,LOW,Authentic Content
MED-10999,Video,0.1889,0.4879,0.6248,34.765,0.1012,0.8206,0.5498,0.5771,0.8261,1,0.6821,36,HIGH,Deepfake Detected
MED-11000,Image,0.7497,0.1111,0.1415,15.21,0.4672,0.0715,0.139,0.0,0.0,0,0.1426,79,LOW,Authentic Content
MED-11001,Video,0.6074,0.2409,0.2022,5.721,0.4862,0.0519,0.3005,0.1287,0.1875,0,0.1528,83,LOW,Authentic Content
MED-11002,Video,0.7538,0.132,0.1948,12.162,0.4998,0.129,0.1925,0.1401,0.0799,0,0.01,99,LOW,Authentic Content
MED-11003,Video,0.7484,0.2563,0.1927,7.76,0.7387,0.0632,0.342,0.1016,0.0099,0,0.0692,96,LOW,Authentic Content
MED-11004,Image,0.8116,0.1007,0.1165,10.848,0.4169,0.0551,0.1057,0.0,0.0,0,0.1011,91,LOW,Authentic Content
MED-11005,Image,0.3029,0.4992,0.6206,46.325,0.2471,0.2967,0.5017,0.0,0.0,1,0.99,5,CRITICAL,Deepfake Detected
MED-11006,Video,0.3977,0.6317,0.5804,42.801,0.0823,0.6522,0.4075,0.859,0.6533,1,0.7806,21,HIGH,Deepfake Detected
MED-11007,Video,0.6811,0.2617,0.2087,12.355,0.6668,0.2001,0.2033,0.1277,0.2006,0,0.0426,94,LOW,Authentic Content
MED-11008,Video,0.3193,0.6635,0.5114,23.334,0.2061,0.8678,0.5847,0.658,0.8774,1,0.6956,30,CRITICAL,Deepfake Detected
MED-11009,Video,0.3159,0.7011,0.5733,46.891,0.3014,0.389,0.4079,0.36,0.8163,1,0.9359,13,HIGH,Deepfake Detected
MED-11010,Video,0.4716,0.0734,0.1217,1.509,0.4935,0.0386,0.2163,0.0406,0.0907,0,0.091,90,LOW,Authentic Content
MED-11011,Video,0.9103,0.1499,0.0915,9.305,0.6607,0.0914,0.1244,0.1083,0.0399,0,0.0404,99,LOW,Authentic Content
MED-11012,Image,0.5449,0.3028,0.2997,14.808,0.5597,0.1504,0.0293,0.0,0.0,0,0.206,77,LOW,Authentic Content
MED-11013,Image,0.1128,0.5025,0.8597,39.018,0.097,0.8863,0.5053,0.0,0.0,1,0.99,5,CRITICAL,Deepfake Detected
MED-11014,Image,0.6639,1.0,0.9219,28.57,0.0691,0.5631,0.5123,0.0,0.0,1,0.8294,20,HIGH,Deepfake Detected
MED-11015,Video,0.7571,0.0394,0.0015,6.379,0.5316,0.2307,0.2823,0.0539,0.2651,0,0.0781,97,LOW,Authentic Content
MED-11016,Image,0.6633,0.2447,0.1993,4.964,0.5743,0.1314,0.2497,0.0,0.0,0,0.1526,83,LOW,Authentic Content
MED-11017,Video,0.5773,0.2487,0.1406,5.05,0.5702,0.0795,0.2396,0.0583,0.096,0,0.1935,79,LOW,Authentic Content
MED-11018,Video,0.6203,0.2023,0.2645,12.472,0.4303,0.1558,0.1627,0.0697,0.1922,0,0.047,96,LOW,Authentic Content
MED-11019,Image,0.8917,0.0515,0.205,5.495,0.6516,0.0333,0.1715,0.0,0.0,0,0.1017,90,LOW,Authentic Content
MED-11020,Image,0.2283,0.6069,0.8424,38.361,0.0773,0.5598,0.7707,0.0,0.0,1,0.9885,5,CRITICAL,Deepfake Detected
MED-11021,Image,0.2441,0.7593,0.5799,51.017,0.349,0.7848,0.7357,0.0,0.0,1,0.8425,17,CRITICAL,Deepfake Detected
MED-11022,Image,0.467,0.6705,0.7802,28.854,0.0827,0.5165,0.6451,0.0,0.0,1,0.9759,5,CRITICAL,Deepfake Detected
MED-11023,Image,0.3641,0.3172,1.0,48.278,0.1731,0.6923,0.5775,0.0,0.0,1,0.8732,12,CRITICAL,Deepfake Detected
MED-11024,Video,0.078,0.7528,0.6117,41.183,0.1244,0.7196,0.3207,0.5322,0.9695,1,0.8939,5,CRITICAL,Deepfake Detected
MED-11025,Video,0.7512,0.0807,0.1396,11.369,0.5051,0.1233,0.0743,0.0426,0.1976,0,0.0707,94,LOW,Authentic Content
MED-11026,Image,0.8682,0.0286,0.2088,11.689,0.52,0.1673,0.1907,0.0,0.0,0,0.1389,87,LOW,Authentic Content
MED-11027,Image,0.68,0.0971,0.0186,9.837,0.5633,0.0908,0.1458,0.0,0.0,0,0.0384,98,LOW,Authentic Content
MED-11028,Image,0.1292,0.5653,0.7965,53.494,0.2813,0.4865,0.6171,0.0,0.0,1,0.9621,6,CRITICAL,Deepfake Detected
MED-11029,Video,0.795,0.1972,0.0555,7.774,0.5518,0.0938,0.2252,0.1403,0.1182,0,0.0935,96,LOW,Authentic Content
MED-11030,Video,0.1784,0.7889,0.8997,39.063,0.0347,0.378,0.6683,0.5174,0.7655,1,0.8614,13,HIGH,Deepfake Detected
MED-11031,Image,0.7572,0.1319,0.1409,2.194,0.556,0.1605,0.3199,0.0,0.0,0,0.1316,90,LOW,Authentic Content
MED-11032,Image,0.2047,0.6937,0.7994,36.942,0.3367,0.7858,0.6208,0.0,0.0,1,0.8955,9,CRITICAL,Deepfake Detected
MED-11033,Video,0.9155,0.1083,0.1125,10.259,0.6066,0.0809,0.1893,0.0564,0.0871,0,0.096,88,LOW,Authentic Content
MED-11034,Image,0.6126,0.1119,0.2961,5.312,0.477,0.0063,0.4512,0.0,0.0,0,0.071,97,LOW,Authentic Content
MED-11035,Image,0.2178,0.6273,0.7147,48.352,0.1771,0.6045,0.6433,0.0,0.0,1,0.9104,7,CRITICAL,Deepfake Detected
MED-11036,Video,0.0555,0.9713,0.7169,54.924,0.1788,0.6765,0.6036,0.5361,0.8946,1,0.7708,23,CRITICAL,Deepfake Detected
MED-11037,Video,0.8736,0.2069,0.2253,9.163,0.5132,0.0899,0.149,0.1141,0.1577,0,0.0724,93,LOW,Authentic Content
MED-11038,Video,0.7006,0.15,0.208,10.459,0.5726,0.1042,0.3035,0.0854,0.1833,0,0.0599,90,LOW,Authentic Content
MED-11039,Image,0.2631,0.4606,0.4884,38.618,0.2715,0.8158,0.6822,0.0,0.0,1,0.8183,13,CRITICAL,Deepfake Detected
MED-11040,Video,0.8639,0.0772,0.2622,9.549,0.4944,0.0544,0.1821,0.0591,0.1912,0,0.0855,88,LOW,Authentic Content
MED-11041,Image,0.0777,0.9132,0.6068,43.349,0.2136,0.5561,0.4843,0.0,0.0,1,0.99,5,HIGH,Deepfake Detected
MED-11042,Video,0.7834,0.193,0.225,3.831,0.5313,0.1644,0.1828,0.1276,0.0624,0,0.01,99,LOW,Authentic Content
MED-11043,Image,0.5857,0.6001,0.5616,38.689,0.1476,0.4399,0.3767,0.0,0.0,1,0.7653,23,HIGH,Deepfake Detected
MED-11044,Video,0.2424,0.7391,0.634,37.65,0.1509,0.4473,0.3431,0.4996,0.3279,1,0.7367,34,CRITICAL,Deepfake Detected
MED-11045,Video,0.8744,0.1722,0.2398,10.912,0.4758,0.0912,0.0725,0.1262,0.1849,0,0.177,83,LOW,Authentic Content
MED-11046,Image,0.1602,0.3724,0.6886,37.667,0.1829,0.6721,0.2902,0.0,0.0,1,0.8515,7,CRITICAL,Deepfake Detected
MED-11047,Image,0.4545,0.1657,0.2429,8.746,0.5596,0.1178,0.1189,0.0,0.0,0,0.0323,91,LOW,Authentic Content
MED-11048,Image,0.3811,0.9593,0.6359,27.861,0.1835,0.7802,0.5086,0.0,0.0,1,0.8829,7,HIGH,Deepfake Detected
MED-11049,Image,0.4058,0.0066,0.2333,10.405,0.513,0.1056,0.2361,0.0,0.0,0,0.096,89,LOW,Authentic Content
MED-11050,Image,0.6038,0.1365,0.1316,10.911,0.5567,0.1978,0.2461,0.0,0.0,0,0.0195,91,LOW,Authentic Content
MED-11051,Video,0.2342,0.3844,0.9311,33.596,0.2272,0.6336,0.4253,0.7523,0.5358,1,0.8522,21,CRITICAL,Deepfake Detected
MED-11052,Image,0.7813,0.194,0.1109,4.264,0.4605,0.163,0.0486,0.0,0.0,0,0.0715,99,LOW,Authentic Content
MED-11053,Image,0.3052,0.756,0.4835,28.068,0.0869,0.6306,0.6939,0.0,0.0,1,0.8121,17,HIGH,Deepfake Detected
MED-11054,Video,0.1499,0.8649,0.7569,38.465,0.0953,0.301,0.5936,0.763,0.6837,1,0.7965,20,CRITICAL,Deepfake Detected
MED-11055,Video,0.4238,0.7794,0.8477,49.007,0.1794,0.458,0.3658,0.7716,0.7718,1,0.9119,10,CRITICAL,Deepfake Detected
MED-11056,Image,0.7399,0.1781,0.1204,4.208,0.557,0.1154,0.2434,0.0,0.0,0,0.0784,90,LOW,Authentic Content
MED-11057,Video,0.8673,0.1569,0.2571,8.879,0.7908,0.1296,0.1559,0.2335,0.1448,0,0.1394,88,LOW,Authentic Content
MED-11058,Video,0.7103,0.2457,0.146,9.883,0.6038,0.1017,0.2547,0.1227,0.1617,0,0.0182,99,LOW,Authentic Content
MED-11059,Video,0.771,0.227,0.2727,13.496,0.5428,0.0207,0.2503,0.1296,0.2132,0,0.1449,86,LOW,Authentic Content
MED-11060,Image,0.0082,0.6227,0.7613,54.693,0.2161,0.5417,0.726,0.0,0.0,1,0.99,5,CRITICAL,Deepfake Detected
MED-11061,Video,0.0996,0.3584,0.7343,30.942,0.1877,0.2821,0.6004,0.1824,0.8632,1,0.9022,8,HIGH,Deepfake Detected
MED-11062,Video,0.3661,0.6465,0.7173,13.843,0.1088,0.7241,0.6015,0.5745,0.6089,1,0.6757,21,CRITICAL,Deepfake Detected
MED-11063,Image,0.7724,0.1128,0.1295,6.825,0.3398,0.1224,0.2627,0.0,0.0,0,0.0432,92,LOW,Authentic Content
MED-11064,Video,0.7787,0.1211,0.1602,12.235,0.437,0.1665,0.3209,0.0772,0.1642,0,0.0655,97,LOW,Authentic Content
MED-11065,Image,0.8626,0.2076,0.1433,5.316,0.4778,0.0739,0.1253,0.0,0.0,0,0.01,99,LOW,Authentic Content
MED-11066,Video,0.111,0.9519,0.5885,35.662,0.0827,0.4343,0.7657,0.6508,0.7201,1,0.6804,33,CRITICAL,Deepfake Detected
MED-11067,Video,0.3102,0.7888,0.7625,28.903,0.3171,0.8637,0.4868,0.7367,0.9192,1,0.8919,9,CRITICAL,Deepfake Detected
MED-11068,Image,0.382,0.9277,0.7032,27.436,0.1227,0.6703,0.6704,0.0,0.0,1,0.7164,37,CRITICAL,Deepfake Detected
MED-11069,Image,0.3409,0.694,0.6971,23.793,0.0731,0.5613,0.4584,0.0,0.0,1,0.8222,21,CRITICAL,Deepfake Detected
MED-11070,Image,0.8034,0.0977,0.2328,5.509,0.5335,0.0483,0.147,0.0,0.0,0,0.0751,99,LOW,Authentic Content
MED-11071,Image,0.291,0.9109,0.7812,30.787,0.2176,0.6032,0.3413,0.0,0.0,1,0.9436,11,HIGH,Deepfake Detected
MED-11072,Image,0.8532,0.1035,0.1915,12.952,0.4344,0.1426,0.1069,0.0,0.0,0,0.135,83,LOW,Authentic Content
MED-11073,Video,0.0388,0.5489,0.6386,52.882,0.2697,0.4909,0.7956,0.1552,0.7322,1,0.7216,29,HIGH,Deepfake Detected
MED-11074,Image,0.8351,0.1713,0.1901,4.357,0.5513,0.1101,0.0489,0.0,0.0,0,0.0158,99,LOW,Authentic Content
MED-11075,Video,0.3999,0.9294,0.9022,25.704,0.1746,0.6944,0.5488,0.6898,0.8231,1,0.9503,13,HIGH,Deepfake Detected
MED-11076,Video,0.739,0.2055,0.0515,0.0,0.5459,0.19,0.175,0.0695,0.11,0,0.1759,79,LOW,Authentic Content
MED-11077,Video,0.5317,0.0,0.1422,9.036,0.5271,0.0048,0.0962,0.0599,0.1159,0,0.01,99,LOW,Authentic Content
MED-11078,Image,0.937,0.0176,0.1391,5.693,0.5661,0.1189,0.368,0.0,0.0,0,0.0641,80,LOW,Authentic Content
MED-11079,Image,0.9181,0.0486,0.0186,10.448,0.2535,0.1787,0.1906,0.0,0.0,0,0.117,89,LOW,Authentic Content
MED-11080,Video,0.2684,0.7222,0.7265,21.982,0.1485,0.9972,0.6177,0.8256,0.5525,1,0.7499,18,HIGH,Deepfake Detected
MED-11081,Image,0.5164,0.1644,0.3464,9.615,0.2305,0.1834,0.0792,0.0,0.0,0,0.0938,87,LOW,Authentic Content
MED-11082,Image,0.7432,0.1696,0.2577,8.302,0.397,0.0769,0.1996,0.0,0.0,0,0.1541,86,LOW,Authentic Content
MED-11083,Image,0.131,1.0,0.6698,48.119,0.1204,0.632,0.5835,0.0,0.0,1,0.8306,29,HIGH,Deepfake Detected
MED-11084,Video,0.4814,0.6506,0.8037,38.412,0.2923,0.7506,0.5622,0.0584,0.8494,1,0.732,31,HIGH,Deepfake Detected
MED-11085,Video,0.1203,0.5446,0.6525,9.343,0.1989,0.6542,0.6026,0.7108,0.7579,1,0.839,16,HIGH,Deepfake Detected
MED-11086,Image,0.9168,0.0097,0.2008,11.653,0.6295,0.0701,0.3084,0.0,0.0,0,0.2026,82,LOW,Authentic Content
MED-11087,Video,0.2471,0.6445,0.6899,37.149,0.0,0.7746,0.6874,0.6868,0.5246,1,0.8867,11,CRITICAL,Deepfake Detected
MED-11088,Video,0.1337,0.7976,0.5243,35.567,0.2245,0.604,0.5552,0.5952,0.5747,1,0.9674,5,CRITICAL,Deepfake Detected
MED-11089,Image,0.3222,0.6125,0.8534,43.557,0.1544,0.6049,0.6644,0.0,0.0,1,0.9511,5,CRITICAL,Deepfake Detected
MED-11090,Image,0.9089,0.0984,0.2482,11.223,0.5917,0.057,0.1643,0.0,0.0,0,0.0894,87,LOW,Authentic Content
MED-11091,Video,0.7141,0.2534,0.5245,46.003,0.1824,0.9017,0.7654,0.6979,0.747,1,0.8566,5,CRITICAL,Deepfake Detected
MED-11092,Video,0.8343,0.0641,0.2862,8.935,0.6789,0.1418,0.2408,0.0845,0.1084,0,0.1379,85,LOW,Authentic Content
MED-11093,Video,0.867,0.0968,0.2459,8.553,0.5927,0.1026,0.2146,0.1469,0.119,0,0.0485,87,LOW,Authentic Content
MED-11094,Video,0.8774,0.1782,0.122,6.603,0.3474,0.0522,0.0968,0.1135,0.1468,0,0.0847,93,LOW,Authentic Content
MED-11095,Image,0.8589,0.0662,0.1492,8.91,0.4865,0.14,0.154,0.0,0.0,0,0.0392,95,LOW,Authentic Content
MED-11096,Image,0.3021,0.8046,0.86,34.86,0.1683,0.5817,0.6785,0.0,0.0,1,0.8574,7,CRITICAL,Deepfake Detected
MED-11097,Video,0.689,0.1178,0.1173,14.843,0.708,0.148,0.063,0.0697,0.0544,0,0.1887,75,LOW,Authentic Content
MED-11098,Image,0.8726,0.2646,0.3038,6.765,0.7216,0.0753,0.0702,0.0,0.0,0,0.0827,85,LOW,Authentic Content
MED-11099,Image,0.64,0.2189,0.3385,3.967,0.3091,0.2234,0.2465,0.0,0.0,0,0.0876,90,LOW,Authentic Content
MED-11100,Video,0.8271,0.3158,0.1798,12.7,0.5898,0.2253,0.0606,0.1453,0.0713,0,0.0756,97,LOW,Authentic Content
MED-11101,Video,0.1731,0.7417,0.6948,34.199,0.0814,0.825,0.5315,0.5884,0.6812,1,0.8286,13,HIGH,Deepfake Detected
MED-11102,Image,0.2895,0.8789,0.8638,38.298,0.2314,0.444,0.4864,0.0,0.0,1,0.7895,14,CRITICAL,Deepfake Detected
MED-11103,Video,0.6764,0.2037,0.149,2.191,0.4966,0.2021,0.1724,0.0477,0.1577,0,0.0955,90,LOW,Authentic Content
MED-11104,Image,0.7886,0.106,0.077,13.365,0.5383,0.2031,0.2107,0.0,0.0,0,0.0694,91,LOW,Authentic Content
MED-11105,Video,0.3747,0.2381,0.128,5.972,0.6409,0.0919,0.3054,0.0654,0.2063,0,0.0617,95,LOW,Authentic Content
MED-11106,Video,0.3424,0.6828,0.8559,32.353,0.1189,0.8005,0.4545,0.4406,0.7762,1,0.9844,5,HIGH,Deepfake Detected
MED-11107,Image,0.1745,0.6173,1.0,25.683,0.2034,1.0,0.588,0.0,0.0,1,0.8562,15,CRITICAL,Deepfake Detected
MED-11108,Image,0.4986,0.1215,0.0953,5.037,0.6332,0.0929,0.2205,0.0,0.0,0,0.1246,84,LOW,Authentic Content
MED-11109,Video,0.0933,0.6376,0.7312,54.816,0.1591,0.7488,0.6383,0.4762,0.8732,1,0.8628,11,HIGH,Deepfake Detected
MED-11110,Image,0.4313,0.8914,0.8959,40.203,0.0881,0.519,0.6644,0.0,0.0,1,0.9494,5,HIGH,Deepfake Detected
MED-11111,Image,0.3228,0.5338,0.7946,55.849,0.074,0.7321,0.7264,0.0,0.0,1,0.9195,5,HIGH,Deepfake Detected
MED-11112,Image,0.4354,0.4218,0.7466,50.89,0.1091,0.6079,0.5854,0.0,0.0,1,0.9163,5,HIGH,Deepfake Detected
MED-11113,Video,0.0786,0.6566,0.5703,24.223,0.1689,0.6505,0.477,0.5703,0.9047,1,0.8106,27,CRITICAL,Deepfake Detected
MED-11114,Video,0.0281,0.8706,0.5883,21.84,0.0745,0.7461,0.5967,0.7608,0.8004,1,0.8079,14,HIGH,Deepfake Detected
MED-11115,Video,0.8657,0.2525,0.1234,14.086,0.6152,0.1116,0.3359,0.1315,0.0348,0,0.0544,97,LOW,Authentic Content
MED-11116,Video,0.4753,0.786,0.7746,53.674,0.2421,0.6639,0.7268,1.0,0.5752,1,0.6076,45,CRITICAL,Deepfake Detected
MED-11117,Video,0.9321,0.0716,0.2409,4.416,0.6188,0.121,0.3067,0.1571,0.2061,0,0.1676,83,LOW,Authentic Content
MED-11118,Image,0.7246,0.0782,0.2243,7.136,0.3854,0.1168,0.1281,0.0,0.0,0,0.0638,98,LOW,Authentic Content
MED-11119,Video,0.1395,0.6149,0.7126,52.34,0.1408,0.7953,0.725,0.4807,0.5986,1,0.9213,15,CRITICAL,Deepfake Detected
MED-11120,Image,0.4993,0.7948,0.6161,38.264,0.0,0.5676,0.6905,0.0,0.0,1,0.9843,5,HIGH,Deepfake Detected
MED-11121,Video,0.5253,0.2803,0.2322,7.275,0.5196,0.1504,0.2779,0.0622,0.142,0,0.0496,94,LOW,Authentic Content
MED-11122,Video,0.4217,0.6761,0.5299,34.063,0.3263,0.5137,0.555,0.5235,0.6169,1,0.8678,13,CRITICAL,Deepfake Detected
MED-11123,Video,0.243,1.0,0.4354,55.178,0.1407,0.8733,0.5013,0.6744,0.7082,1,0.7898,27,CRITICAL,Deepfake Detected
MED-11124,Image,0.3848,0.5304,0.7246,36.494,0.1917,0.7446,0.6602,0.0,0.0,1,0.9594,8,CRITICAL,Deepfake Detected
MED-11125,Image,0.6813,0.1401,0.2684,7.003,0.8723,0.1964,0.1976,0.0,0.0,0,0.1485,82,LOW,Authentic Content
MED-11126,Image,0.8451,0.2182,0.0992,13.759,0.5498,0.104,0.0953,0.0,0.0,0,0.1642,87,LOW,Authentic Content
MED-11127,Image,0.3333,0.2945,0.7549,49.571,0.1087,0.8997,0.685,0.0,0.0,1,0.8969,8,CRITICAL,Deepfake Detected
MED-11128,Image,0.1192,0.58,0.7826,33.624,0.1667,0.5924,0.7625,0.0,0.0,1,0.9762,5,HIGH,Deepfake Detected
MED-11129,Image,0.1533,0.6025,0.5128,40.884,0.3567,0.5359,0.4976,0.0,0.0,1,0.83,9,CRITICAL,Deepfake Detected
MED-11130,Image,0.351,0.5328,0.6263,20.09,0.3983,0.4319,0.6018,0.0,0.0,1,0.6728,37,CRITICAL,Deepfake Detected
MED-11131,Image,0.2273,0.9049,0.844,42.03,0.1057,0.377,0.6055,0.0,0.0,1,0.8836,10,CRITICAL,Deepfake Detected
MED-11132,Video,0.4849,0.4405,0.7553,33.5,0.1623,0.5048,0.5622,0.8706,0.633,1,0.9466,7,CRITICAL,Deepfake Detected
MED-11133,Video,0.8079,0.2013,0.0027,6.076,0.2331,0.2219,0.2334,0.0837,0.2051,0,0.1119,89,LOW,Authentic Content
MED-11134,Image,0.3525,0.3168,0.4737,44.589,0.1833,0.922,0.6122,0.0,0.0,1,0.7319,28,CRITICAL,Deepfake Detected
MED-11135,Image,0.9077,0.2539,0.0956,9.45,0.4125,0.1363,0.1411,0.0,0.0,0,0.01,99,LOW,Authentic Content
MED-11136,Image,0.1929,0.8426,0.9327,38.634,0.214,0.5985,0.3948,0.0,0.0,1,0.9467,12,CRITICAL,Deepfake Detected
MED-11137,Image,0.1765,0.7033,0.6744,64.598,0.1634,0.8623,0.4652,0.0,0.0,1,0.8144,9,CRITICAL,Deepfake Detected
MED-11138,Image,0.4255,0.1682,0.1888,11.801,0.4682,0.0401,0.1026,0.0,0.0,0,0.01,99,LOW,Authentic Content
MED-11139,Video,0.8395,0.0295,0.2402,3.132,0.4955,0.163,0.0,0.1668,0.1412,0,0.123,86,LOW,Authentic Content
MED-11140,Video,0.2852,0.1617,0.1938,5.781,0.4974,0.1449,0.2813,0.0266,0.1205,0,0.1766,81,LOW,Authentic Content
MED-11141,Video,0.3745,0.7175,0.7228,20.113,0.1584,0.6905,0.7942,0.6925,0.7938,1,0.9664,5,CRITICAL,Deepfake Detected
MED-11142,Video,0.0674,0.6681,0.7836,59.102,0.0969,0.7741,0.6457,0.5785,0.6661,1,0.9423,11,HIGH,Deepfake Detected
MED-11143,Video,0.5128,0.5613,0.7494,30.911,0.2262,0.7653,0.6444,0.8045,0.5643,1,0.9433,5,CRITICAL,Deepfake Detected
MED-11144,Video,0.6405,0.2473,0.1665,9.471,0.6274,0.0948,0.2638,0.1007,0.195,0,0.0233,99,LOW,Authentic Content
MED-11145,Video,0.1651,0.6479,0.6073,35.382,0.1564,0.7381,0.6169,0.5882,0.6445,1,0.8815,12,CRITICAL,Deepfake Detected
MED-11146,Image,0.4145,0.6042,0.6445,49.738,0.0008,0.4191,0.5671,0.0,0.0,1,0.99,5,CRITICAL,Deepfake Detected
MED-11147,Image,0.9141,0.2838,0.2633,3.088,0.4295,0.1423,0.1869,0.0,0.0,0,0.1074,90,LOW,Authentic Content
MED-11148,Video,0.7186,0.0113,0.0796,12.082,0.4681,0.1516,0.203,0.0307,0.1584,0,0.0367,99,LOW,Authentic Content
MED-11149,Video,0.238,0.4568,0.748,21.428,0.3763,0.8829,0.8397,0.6312,0.7826,1,0.8041,24,CRITICAL,Deepfake Detected
MED-11150,Image,0.9691,0.0421,0.0823,4.755,0.5559,0.1166,0.1925,0.0,0.0,0,0.0497,95,LOW,Authentic Content
MED-11151,Video,0.5615,0.142,0.2777,12.516,0.6638,0.0869,0.155,0.1437,0.1161,0,0.0779,89,LOW,Authentic Content
MED-11152,Video,0.2625,0.738,0.5993,23.562,0.1864,0.7883,0.5889,0.5751,0.5305,1,0.7866,25,CRITICAL,Deepfake Detected
MED-11153,Image,0.8483,0.2387,0.1251,10.609,0.4203,0.239,0.136,0.0,0.0,0,0.0271,99,LOW,Authentic Content
MED-11154,Video,0.3646,0.8838,0.646,43.498,0.1958,0.8305,0.7192,0.6547,0.4723,1,0.99,5,CRITICAL,Deepfake Detected
MED-11155,Image,0.8201,0.1118,0.0034,9.721,0.4795,0.1571,0.2096,0.0,0.0,0,0.0194,98,LOW,Authentic Content
MED-11156,Video,0.4602,0.0689,0.081,8.305,0.3705,0.1087,0.2344,0.0788,0.0,0,0.16,85,LOW,Authentic Content
MED-11157,Video,0.7101,0.233,0.2042,3.384,0.5686,0.136,0.1561,0.0599,0.1526,0,0.0754,90,LOW,Authentic Content
MED-11158,Video,0.2014,0.6216,0.8225,45.998,0.2157,0.468,0.6776,0.6083,0.79,1,0.767,33,HIGH,Deepfake Detected
MED-11159,Video,0.0962,0.5546,0.4946,34.094,0.2698,0.755,0.5798,0.545,0.6415,1,0.8609,8,HIGH,Deepfake Detected
MED-11160,Image,0.9571,0.1996,0.1635,7.264,0.6343,0.0879,0.2207,0.0,0.0,0,0.0722,99,LOW,Authentic Content
MED-11161,Video,0.7625,0.0439,0.2187,5.837,0.4144,0.1665,0.3236,0.0762,0.1684,0,0.0927,92,LOW,Authentic Content
MED-11162,Image,0.8655,0.0768,0.0711,2.902,0.2852,0.1267,0.0,0.0,0.0,0,0.1083,91,LOW,Authentic Content
MED-11163,Image,0.1756,0.712,0.9022,56.894,0.3002,0.5224,0.6709,0.0,0.0,1,0.9006,6,HIGH,Deepfake Detected
MED-11164,Image,0.8071,0.223,0.1824,3.271,0.46,0.1627,0.1063,0.0,0.0,0,0.2085,79,LOW,Authentic Content
MED-11165,Image,0.2907,1.0,0.9044,50.312,0.0688,0.6829,0.7251,0.0,0.0,1,0.9093,5,CRITICAL,Deepfake Detected
MED-11166,Image,0.8792,0.1628,0.2735,4.014,0.3646,0.0971,0.056,0.0,0.0,0,0.1152,80,LOW,Authentic Content
MED-11167,Video,0.4687,0.6959,0.6085,24.076,0.2264,0.7727,0.7343,0.5687,0.7258,1,0.99,11,HIGH,Deepfake Detected
MED-11168,Image,0.0606,0.73,0.7657,35.103,0.2017,0.7254,0.6682,0.0,0.0,1,0.99,5,HIGH,Deepfake Detected
MED-11169,Image,0.248,0.8565,0.5964,55.819,0.197,0.6385,0.4082,0.0,0.0,1,0.739,27,CRITICAL,Deepfake Detected
MED-11170,Image,0.3297,0.0,0.1563,4.077,0.4139,0.2026,0.2161,0.0,0.0,0,0.0221,95,LOW,Authentic Content
MED-11171,Image,0.5251,0.1248,0.2652,9.442,0.5908,0.1407,0.1254,0.0,0.0,0,0.1527,87,LOW,Authentic Content
MED-11172,Video,0.1851,0.679,0.7167,32.267,0.3106,0.6974,0.5914,0.6899,1.0,1,0.7368,22,HIGH,Deepfake Detected
MED-11173,Image,0.7721,0.1757,0.1136,10.73,0.6273,0.0549,0.2704,0.0,0.0,0,0.063,96,LOW,Authentic Content
MED-11174,Video,0.8471,0.1062,0.1649,6.89,0.565,0.1986,0.0666,0.0291,0.115,0,0.0912,87,LOW,Authentic Content
MED-11175,Video,0.5447,0.1605,0.2783,8.049,0.453,0.1547,0.265,0.1572,0.1179,0,0.1085,92,LOW,Authentic Content
MED-11176,Image,0.1886,0.6202,0.4935,30.834,0.1503,0.789,0.5272,0.0,0.0,1,0.9894,5,HIGH,Deepfake Detected
MED-11177,Image,0.9046,0.2398,0.1729,6.599,0.5387,0.1233,0.2194,0.0,0.0,0,0.01,94,LOW,Authentic Content
MED-11178,Image,0.2076,0.8971,0.8981,23.402,0.2066,0.5547,0.5967,0.0,0.0,1,0.9553,15,CRITICAL,Deepfake Detected
MED-11179,Video,0.2336,0.6742,0.8953,31.649,0.2568,0.9047,0.4823,0.6808,0.7625,1,0.7425,18,HIGH,Deepfake Detected
MED-11180,Image,0.6319,0.1638,0.1938,11.251,0.5259,0.1488,0.2573,0.0,0.0,0,0.0497,96,LOW,Authentic Content
MED-11181,Image,0.6772,0.1486,0.0356,8.31,0.5276,0.1346,0.1525,0.0,0.0,0,0.01,99,LOW,Authentic Content
MED-11182,Image,0.1904,0.6126,0.5845,44.185,0.1318,0.6762,0.6293,0.0,0.0,1,0.7913,14,CRITICAL,Deepfake Detected
MED-11183,Video,0.2171,0.652,0.8434,45.295,0.1388,0.4833,0.4215,0.7976,0.7181,1,0.8715,6,HIGH,Deepfake Detected
MED-11184,Image,0.1202,0.6221,0.8951,31.026,0.2113,0.6894,0.5391,0.0,0.0,1,0.6594,31,CRITICAL,Deepfake Detected
MED-11185,Image,0.4908,0.5428,0.878,5.406,0.0213,0.7344,0.6432,0.0,0.0,1,0.7862,32,HIGH,Deepfake Detected
MED-11186,Video,0.205,0.6757,0.4398,32.746,0.0853,0.7604,0.4857,0.3383,0.4317,1,0.8949,8,CRITICAL,Deepfake Detected
MED-11187,Image,0.3422,0.18,0.2209,10.13,0.4988,0.0857,0.1905,0.0,0.0,0,0.1101,80,LOW,Authentic Content
MED-11188,Video,0.3269,0.8885,0.6584,59.973,0.181,0.6008,0.582,0.6839,0.7988,1,0.8271,27,CRITICAL,Deepfake Detected
MED-11189,Video,0.5045,0.733,0.6506,38.996,0.1963,0.719,0.7894,0.3456,0.5192,1,0.6058,37,CRITICAL,Deepfake Detected
MED-11190,Image,0.718,0.1191,0.1979,5.24,0.4545,0.109,0.1176,0.0,0.0,0,0.01,99,LOW,Authentic Content
MED-11191,Image,0.4162,0.4255,0.5181,6.735,0.1509,0.6282,0.7337,0.0,0.0,1,0.9487,5,CRITICAL,Deepfake Detected
MED-11192,Video,0.8631,0.0266,0.2597,9.821,0.554,0.1456,0.1452,0.0497,0.1223,0,0.1497,91,LOW,Authentic Content
MED-11193,Video,0.2637,0.4798,0.7026,58.133,0.2458,0.5023,0.5713,0.4698,0.6906,1,0.9541,7,CRITICAL,Deepfake Detected
MED-11194,Image,0.8084,0.3048,0.1084,10.852,0.5702,0.1442,0.272,0.0,0.0,0,0.0634,94,LOW,Authentic Content
MED-11195,Image,0.8822,0.2964,0.1343,3.579,0.6544,0.0753,0.1029,0.0,0.0,0,0.1033,95,LOW,Authentic Content
MED-11196,Video,0.8189,0.1579,0.1952,4.139,0.4968,0.1094,0.3101,0.1098,0.0973,0,0.0713,92,LOW,Authentic Content
MED-11197,Image,0.4751,0.8402,0.8252,37.867,0.0621,0.684,0.5375,0.0,0.0,1,0.9055,12,HIGH,Deepfake Detected
MED-11198,Image,0.1893,0.848,0.747,48.027,0.1971,0.4565,0.6163,0.0,0.0,1,0.8756,15,CRITICAL,Deepfake Detected
MED-11199,Image,0.0738,0.6726,0.7911,25.256,0.2429,0.7094,0.5902,0.0,0.0,1,0.8321,17,HIGH,Deepfake Detected
MED-11200,Image,0.2907,0.7478,0.6887,36.135,0.2406,0.9313,0.5116,0.0,0.0,1,0.7382,33,CRITICAL,Deepfake Detected
MED-11201,Image,0.908,0.2558,0.1237,8.164,0.4937,0.1523,0.2973,0.0,0.0,0,0.2107,77,LOW,Authentic Content
MED-11202,Image,0.1932,0.8864,0.7624,44.983,0.1742,0.7983,0.4762,0.0,0.0,1,0.8042,6,CRITICAL,Deepfake Detected
MED-11203,Image,0.8889,0.1013,0.1969,14.623,0.475,0.0543,0.3279,0.0,0.0,0,0.1163,93,LOW,Authentic Content
MED-11204,Video,0.8606,0.1254,0.1633,2.715,0.5396,0.1675,0.1456,0.0543,0.1118,0,0.1271,82,LOW,Authentic Content
MED-11205,Image,0.9502,0.2261,0.1354,5.203,0.4816,0.143,0.1311,0.0,0.0,0,0.01,99,LOW,Authentic Content
MED-11206,Video,0.9662,0.1752,0.0989,15.565,0.5178,0.1732,0.0,0.1187,0.0984,0,0.1633,86,LOW,Authentic Content
MED-11207,Image,0.2438,0.8495,0.6812,41.285,0.1467,0.6854,0.5086,0.0,0.0,1,0.833,11,CRITICAL,Deepfake Detected
MED-11208,Video,0.7883,0.1457,0.1681,8.497,0.2175,0.121,0.0538,0.039,0.0399,0,0.0174,96,LOW,Authentic Content
MED-11209,Video,0.2217,0.6062,0.7115,40.784,0.2412,0.398,0.5507,0.8915,0.9125,1,0.9351,14,CRITICAL,Deepfake Detected
MED-11210,Image,0.196,0.6395,0.5197,39.762,0.0901,0.6027,0.3515,0.0,0.0,1,0.8854,14,CRITICAL,Deepfake Detected
MED-11211,Image,0.983,0.1274,0.1522,11.356,0.3494,0.0018,0.2181,0.0,0.0,0,0.1098,86,LOW,Authentic Content
MED-11212,Image,0.8402,0.1763,0.049,11.246,0.4576,0.1313,0.0794,0.0,0.0,0,0.0355,99,LOW,Authentic Content
MED-11213,Image,0.5227,0.732,0.8389,28.099,0.1923,0.5665,0.7263,0.0,0.0,1,0.7824,23,CRITICAL,Deepfake Detected
MED-11214,Image,0.4544,0.0707,0.2194,6.638,0.5652,0.1081,0.2759,0.0,0.0,0,0.1217,88,LOW,Authentic Content
MED-11215,Video,0.0755,0.8167,0.5999,35.479,0.2269,0.7206,0.4411,0.6737,1.0,1,0.9176,5,CRITICAL,Deepfake Detected
MED-11216,Image,0.1659,0.8823,0.431,49.745,0.1638,0.8605,0.5715,0.0,0.0,1,0.8843,13,CRITICAL,Deepfake Detected
MED-11217,Image,0.0991,0.8054,0.8593,44.029,0.1485,0.7935,0.4997,0.0,0.0,1,0.99,5,HIGH,Deepfake Detected
MED-11218,Video,0.4057,0.1776,0.1809,10.935,0.4083,0.236,0.134,0.0928,0.0337,0,0.1428,93,LOW,Authentic Content
MED-11219,Video,0.1785,0.6316,0.5502,34.954,0.2527,0.5113,0.3063,0.3945,0.8227,1,0.6782,29,CRITICAL,Deepfake Detected
MED-11220,Video,0.6871,0.2622,0.2185,8.657,0.5458,0.0967,0.3597,0.0594,0.1327,0,0.0869,95,LOW,Authentic Content
MED-11221,Video,0.8429,0.0,0.037,6.082,0.4526,0.048,0.26,0.1001,0.1071,0,0.01,98,LOW,Authentic Content
MED-11222,Image,0.2184,0.4454,0.7515,26.003,0.115,0.7649,0.8217,0.0,0.0,1,0.8551,10,CRITICAL,Deepfake Detected
MED-11223,Video,0.7995,0.2225,0.3544,6.668,0.5217,0.1304,0.2424,0.1066,0.0874,0,0.0796,99,LOW,Authentic Content
MED-11224,Image,0.7394,0.1729,0.2258,9.106,0.6341,0.0303,0.1798,0.0,0.0,0,0.1061,90,LOW,Authentic Content
MED-11225,Image,0.5431,0.1835,0.2289,2.655,0.5952,0.1308,0.2413,0.0,0.0,0,0.0843,93,LOW,Authentic Content
MED-11226,Video,0.2681,0.6681,0.7522,48.405,0.3372,0.7346,0.6253,0.8388,0.7595,1,0.744,21,CRITICAL,Deepfake Detected
MED-11227,Image,0.0646,0.8584,0.9067,39.997,0.2006,0.459,0.6995,0.0,0.0,1,0.888,14,CRITICAL,Deepfake Detected
MED-11228,Video,0.2583,0.6335,0.8394,56.829,0.2688,0.5531,0.6446,0.5323,0.4238,1,0.8424,22,CRITICAL,Deepfake Detected
MED-11229,Video,0.893,0.0968,0.0411,7.562,0.5328,0.1961,0.2749,0.161,0.1632,0,0.1,85,LOW,Authentic Content
MED-11230,Video,0.368,0.631,0.7801,52.431,0.1684,0.6368,0.6625,0.4173,0.9411,1,0.7621,14,CRITICAL,Deepfake Detected
MED-11231,Video,0.0555,0.8295,0.7372,43.751,0.321,0.4069,0.537,0.6253,0.7502,1,0.7251,32,HIGH,Deepfake Detected
MED-11232,Video,0.8612,0.136,0.0704,12.381,0.3488,0.0911,0.1998,0.1206,0.1198,0,0.0905,91,LOW,Authentic Content
MED-11233,Video,0.4975,0.2694,0.217,13.14,0.5222,0.033,0.2769,0.137,0.12,0,0.0763,94,LOW,Authentic Content
MED-11234,Video,0.6676,0.1363,0.382,8.456,0.665,0.0542,0.1855,0.1276,0.2083,0,0.0439,94,LOW,Authentic Content
MED-11235,Image,0.8208,0.3017,0.3336,0.0,0.5734,0.1608,0.143,0.0,0.0,0,0.059,95,LOW,Authentic Content
MED-11236,Video,0.2551,0.7549,0.7482,37.713,0.1227,0.798,0.3382,0.8625,0.3672,1,0.8346,22,HIGH,Deepfake Detected
MED-11237,Image,0.3703,0.4445,0.5262,36.005,0.1722,0.4528,0.624,0.0,0.0,1,0.878,11,CRITICAL,Deepfake Detected
MED-11238,Image,0.3819,0.8807,0.5559,32.326,0.1163,0.5348,0.6867,0.0,0.0,1,0.8607,9,CRITICAL,Deepfake Detected
MED-11239,Image,0.4976,0.3335,0.2573,10.1,0.441,0.1054,0.1401,0.0,0.0,0,0.0548,89,LOW,Authentic Content
MED-11240,Image,0.7569,0.1144,0.1189,9.217,0.6498,0.2154,0.0,0.0,0.0,0,0.0299,95,LOW,Authentic Content
MED-11241,Image,0.6658,0.2162,0.2105,8.878,0.5267,0.1599,0.0209,0.0,0.0,0,0.1727,73,LOW,Authentic Content
MED-11242,Image,0.0995,0.8194,0.8309,50.434,0.1242,0.6019,0.5061,0.0,0.0,1,0.8107,22,HIGH,Deepfake Detected
MED-11243,Video,0.0585,0.8117,0.8458,33.046,0.1715,0.7931,0.5896,0.8723,0.7849,1,0.8753,5,CRITICAL,Deepfake Detected
MED-11244,Video,0.9632,0.152,0.0754,11.077,0.7194,0.0817,0.2364,0.1078,0.1543,0,0.0525,97,LOW,Authentic Content
MED-11245,Video,0.1016,0.7639,0.5724,42.391,0.2557,0.7569,0.5248,0.5537,0.5054,1,0.99,5,HIGH,Deepfake Detected
MED-11246,Video,0.9037,0.1791,0.0901,3.815,0.4975,0.0478,0.1151,0.1058,0.062,0,0.1056,95,LOW,Authentic Content
MED-11247,Image,0.6411,0.8081,0.9008,41.867,0.1334,0.8251,0.7159,0.0,0.0,1,0.9605,5,CRITICAL,Deepfake Detected
MED-11248,Video,0.2865,0.732,0.6015,50.632,0.1165,0.7744,0.4484,0.4675,0.7438,1,0.9079,10,CRITICAL,Deepfake Detected
MED-11249,Video,0.8511,0.0123,0.0916,6.694,0.6842,0.1741,0.3299,0.1827,0.0879,0,0.0687,91,LOW,Authentic Content
MED-11250,Image,0.9189,0.1093,0.1975,11.373,0.5536,0.1375,0.171,0.0,0.0,0,0.0661,89,LOW,Authentic Content
MED-11251,Image,0.9506,0.0515,0.2321,11.451,0.4674,0.1632,0.0172,0.0,0.0,0,0.01,99,LOW,Authentic Content
MED-11252,Image,0.8497,0.1643,0.1737,12.959,0.5709,0.1475,0.2932,0.0,0.0,0,0.0567,89,LOW,Authentic Content
MED-11253,Video,0.3017,0.5875,0.8385,50.316,0.2427,0.7769,0.6483,0.6437,0.6737,1,0.971,5,HIGH,Deepfake Detected
MED-11254,Image,0.2469,0.7389,0.7984,40.252,0.0506,0.5565,0.4787,0.0,0.0,1,0.99,5,HIGH,Deepfake Detected
MED-11255,Video,0.8294,0.2242,0.1192,6.496,0.4397,0.1001,0.3141,0.1286,0.0521,0,0.044,97,LOW,Authentic Content
MED-11256,Image,0.9054,0.0913,0.0999,7.234,0.3894,0.1273,0.1835,0.0,0.0,0,0.1016,95,LOW,Authentic Content
MED-11257,Video,0.7671,0.2878,0.0,10.613,0.5009,0.069,0.2641,0.1855,0.1665,0,0.0577,90,LOW,Authentic Content
MED-11258,Image,0.1954,0.8525,0.5156,30.014,0.186,0.4898,0.772,0.0,0.0,1,0.99,5,CRITICAL,Deepfake Detected
MED-11259,Image,0.3823,0.8568,0.4562,35.659,0.1245,0.8374,0.5431,0.0,0.0,1,0.99,5,HIGH,Deepfake Detected
MED-11260,Video,0.9135,0.0555,0.2535,5.978,0.5753,0.2188,0.112,0.1239,0.1523,0,0.0284,99,LOW,Authentic Content
MED-11261,Image,0.8349,0.098,0.2925,6.443,0.4546,0.1037,0.1502,0.0,0.0,0,0.1293,88,LOW,Authentic Content
MED-11262,Image,0.2135,0.7385,0.6691,48.665,0.1622,0.5452,0.4038,0.0,0.0,1,0.9483,5,CRITICAL,Deepfake Detected
MED-11263,Image,0.2801,0.9155,0.3756,59.31,0.1314,0.654,0.7224,0.0,0.0,1,0.6385,34,HIGH,Deepfake Detected
MED-11264,Image,0.2462,0.8024,0.7554,43.491,0.0927,0.5298,0.6875,0.0,0.0,1,0.9337,10,CRITICAL,Deepfake Detected
MED-11265,Video,0.9181,0.0567,0.1539,11.869,0.5626,0.2208,0.176,0.0755,0.0759,0,0.0484,89,LOW,Authentic Content
MED-11266,Image,0.6319,0.2095,0.1765,11.752,0.4065,0.0674,0.2581,0.0,0.0,0,0.0788,95,LOW,Authentic Content
MED-11267,Image,0.4749,0.9005,0.5355,36.233,0.1796,0.4961,0.8019,0.0,0.0,1,0.7808,20,HIGH,Deepfake Detected
MED-11268,Video,0.7402,0.0492,0.2121,0.075,0.5169,0.084,0.2813,0.1878,0.1001,0,0.1634,82,LOW,Authentic Content
MED-11269,Image,0.3,0.6696,0.5343,35.254,0.2299,0.6304,0.6883,0.0,0.0,1,0.8884,6,CRITICAL,Deepfake Detected
MED-11270,Image,0.8897,0.169,0.0566,8.312,0.6497,0.1257,0.1466,0.0,0.0,0,0.0581,95,LOW,Authentic Content
MED-11271,Image,0.6145,0.1648,0.174,9.444,0.4925,0.0601,0.2171,0.0,0.0,0,0.119,87,LOW,Authentic Content
MED-11272,Video,0.9519,0.3294,0.1595,6.491,0.4881,0.0631,0.1065,0.1021,0.1268,0,0.0934,90,LOW,Authentic Content
MED-11273,Image,0.7088,0.1392,0.1671,8.925,0.5782,0.1625,0.3586,0.0,0.0,0,0.1318,80,LOW,Authentic Content
MED-11274,Image,0.6449,0.2452,0.3109,1.859,0.3485,0.1858,0.2696,0.0,0.0,0,0.1102,89,LOW,Authentic Content
MED-11275,Image,0.1687,0.8136,0.743,46.578,0.2327,0.582,0.4575,0.0,0.0,1,0.7752,17,CRITICAL,Deepfake Detected
MED-11276,Image,0.691,0.1729,0.2993,8.402,0.4904,0.1548,0.1303,0.0,0.0,0,0.0884,86,LOW,Authentic Content
MED-11277,Video,0.677,0.0215,0.1732,5.539,0.6244,0.1652,0.2406,0.0648,0.1731,0,0.01,92,LOW,Authentic Content
MED-11278,Image,0.7059,0.4448,0.7341,51.61,0.228,0.8259,0.4161,0.0,0.0,1,0.8086,14,CRITICAL,Deepfake Detected
MED-11279,Image,0.2987,0.3768,0.9266,36.909,0.1212,0.7459,0.6486,0.0,0.0,1,0.7524,25,HIGH,Deepfake Detected
MED-11280,Image,0.5686,0.7081,0.6446,41.378,0.2683,0.2459,0.639,0.0,0.0,1,0.804,21,HIGH,Deepfake Detected
MED-11281,Image,0.5185,0.7814,0.8042,31.416,0.1333,0.671,0.5497,0.0,0.0,1,0.9388,5,HIGH,Deepfake Detected
MED-11282,Video,0.6296,0.1087,0.159,13.268,0.4865,0.1247,0.1659,0.1353,0.1293,0,0.0198,94,LOW,Authentic Content
MED-11283,Image,0.6588,0.1399,0.2497,9.202,0.7365,0.1141,0.3074,0.0,0.0,0,0.1324,89,LOW,Authentic Content
MED-11284,Image,0.398,0.0314,0.1795,8.317,0.3636,0.0316,0.2389,0.0,0.0,0,0.1323,87,LOW,Authentic Content
MED-11285,Video,0.882,0.2405,0.0547,8.745,0.508,0.1036,0.1673,0.1191,0.1691,0,0.1041,89,LOW,Authentic Content
MED-11286,Image,0.286,0.6097,0.835,25.59,0.1471,0.7478,0.4441,0.0,0.0,1,0.6927,31,CRITICAL,Deepfake Detected
MED-11287,Video,0.5907,0.1636,0.1855,13.755,0.4038,0.0576,0.1273,0.1173,0.1232,0,0.1226,87,LOW,Authentic Content
MED-11288,Image,0.5984,0.9849,0.57,38.38,0.1098,0.7137,0.3323,0.0,0.0,1,0.7464,31,HIGH,Deepfake Detected
MED-11289,Video,0.2316,0.7782,0.6645,38.32,0.0864,0.6713,0.6378,0.5237,0.9536,1,0.7663,24,CRITICAL,Deepfake Detected
MED-11290,Image,0.0742,0.5787,0.9022,36.017,0.1329,0.8374,0.7046,0.0,0.0,1,0.8448,18,CRITICAL,Deepfake Detected
MED-11291,Image,0.0363,0.7373,0.6697,34.791,0.1481,0.6437,0.6113,0.0,0.0,1,0.8471,12,CRITICAL,Deepfake Detected
MED-11292,Image,0.8162,0.0445,0.2957,8.391,0.4476,0.0408,0.2112,0.0,0.0,0,0.1672,81,LOW,Authentic Content
MED-11293,Video,0.2125,0.854,0.9317,38.057,0.0,0.7121,0.5562,0.2908,0.4481,1,0.9475,5,HIGH,Deepfake Detected
MED-11294,Image,0.1924,0.6863,0.9351,37.951,0.2205,0.6991,0.6301,0.0,0.0,1,0.8156,17,HIGH,Deepfake Detected
MED-11295,Video,0.2825,0.4607,1.0,30.501,0.1259,0.7611,0.5086,0.5675,0.537,1,0.8992,8,HIGH,Deepfake Detected
MED-11296,Image,0.4591,0.4177,0.5734,20.238,0.2356,0.7716,0.5304,0.0,0.0,1,0.9821,5,CRITICAL,Deepfake Detected
MED-11297,Image,0.616,0.1735,0.1813,11.474,0.4974,0.1153,0.17,0.0,0.0,0,0.0703,89,LOW,Authentic Content
MED-11298,Image,0.0892,0.7435,0.6706,48.445,0.1327,0.4818,0.3886,0.0,0.0,1,0.9813,5,CRITICAL,Deepfake Detected
MED-11299,Image,0.8516,0.2119,0.0962,10.918,0.3756,0.11,0.0999,0.0,0.0,0,0.0874,83,LOW,Authentic Content
MED-11300,Image,0.0833,0.3935,0.513,50.088,0.0567,0.5055,0.3759,0.0,0.0,1,0.9463,5,CRITICAL,Deepfake Detected
MED-11301,Image,0.5949,0.4201,0.0636,4.64,0.639,0.1561,0.3109,0.0,0.0,0,0.039,97,LOW,Authentic Content
MED-11302,Video,0.6487,0.2103,0.1154,7.8,0.4468,0.1168,0.2559,0.0173,0.1866,0,0.0116,97,LOW,Authentic Content
MED-11303,Image,0.4591,0.8223,0.8518,31.43,0.1404,0.8042,0.454,0.0,0.0,1,0.8769,16,CRITICAL,Deepfake Detected
MED-11304,Video,0.8718,0.0653,0.1124,3.364,0.5657,0.1475,0.336,0.0783,0.0066,0,0.1289,90,LOW,Authentic Content
MED-11305,Video,0.3037,0.6346,0.6741,48.081,0.2008,0.4944,0.7192,0.5379,0.9788,1,0.7737,20,HIGH,Deepfake Detected
MED-11306,Video,0.0862,0.621,0.9945,70.566,0.305,0.7265,0.5395,0.4763,0.5902,1,0.7947,13,CRITICAL,Deepfake Detected
MED-11307,Video,0.2046,0.6442,0.5441,29.171,0.1498,0.6112,0.5735,0.6155,0.8011,1,0.6737,27,CRITICAL,Deepfake Detected
MED-11308,Video,0.0997,0.9147,0.7993,41.794,0.1985,0.6996,0.3481,0.575,0.8743,1,0.99,5,CRITICAL,Deepfake Detected
MED-11309,Video,0.8901,0.1245,0.0411,7.964,0.5314,0.1052,0.0543,0.1145,0.0439,0,0.1334,84,LOW,Authentic Content
MED-11310,Video,0.3798,0.5915,0.5666,45.168,0.0749,0.5222,0.3905,0.8273,0.5496,1,0.7846,11,CRITICAL,Deepfake Detected
MED-11311,Video,0.7827,0.146,0.1756,9.399,0.4065,0.2498,0.1567,0.0886,0.199,0,0.0691,93,LOW,Authentic Content
MED-11312,Image,0.2462,0.8045,0.5238,19.415,0.2038,0.8002,0.6845,0.0,0.0,1,0.6118,37,CRITICAL,Deepfake Detected
MED-11313,Video,0.2068,0.5147,0.6347,41.181,0.1781,0.5379,0.5696,0.7177,0.3615,1,0.9078,9,HIGH,Deepfake Detected
MED-11314,Image,0.6219,0.0,0.1152,8.447,0.4743,0.1301,0.2703,0.0,0.0,0,0.1304,92,LOW,Authentic Content
MED-11315,Video,0.772,0.1367,0.1147,8.07,0.4387,0.1326,0.156,0.063,0.0792,0,0.1102,88,LOW,Authentic Content
MED-11316,Image,0.2296,0.8441,0.6938,21.643,0.1523,0.3813,0.6696,0.0,0.0,1,0.9267,6,CRITICAL,Deepfake Detected
MED-11317,Video,0.7751,0.1087,0.2481,10.326,0.6784,0.1634,0.1816,0.0184,0.0791,0,0.0409,98,LOW,Authentic Content
MED-11318,Image,0.1585,0.9343,0.5791,61.77,0.1824,0.5908,0.5135,0.0,0.0,1,0.8834,21,HIGH,Deepfake Detected
MED-11319,Video,0.4453,0.8085,0.6731,24.903,0.0611,0.7288,0.6189,0.4099,0.5881,1,0.9661,5,CRITICAL,Deepfake Detected
MED-11320,Video,0.7307,0.1776,0.0,9.598,0.7846,0.0894,0.212,0.1338,0.0,0,0.096,87,LOW,Authentic Content
MED-11321,Image,0.8093,0.2878,0.2321,5.217,0.5023,0.1155,0.2412,0.0,0.0,0,0.1033,97,LOW,Authentic Content
MED-11322,Video,0.6768,0.3384,0.1273,8.708,0.4066,0.1249,0.1376,0.1523,0.1288,0,0.0239,99,LOW,Authentic Content
MED-11323,Image,0.081,0.796,0.6607,23.392,0.1767,0.8465,0.7151,0.0,0.0,1,0.8072,12,HIGH,Deepfake Detected
MED-11324,Image,0.8098,0.0,0.1023,6.181,0.357,0.2555,0.3798,0.0,0.0,0,0.0389,99,LOW,Authentic Content
MED-11325,Image,0.1848,0.8904,0.8949,40.32,0.1046,0.5279,0.3581,0.0,0.0,1,0.9287,8,CRITICAL,Deepfake Detected
MED-11326,Image,0.2046,0.5028,0.7108,57.322,0.1465,0.452,0.5618,0.0,0.0,1,0.7785,15,HIGH,Deepfake Detected
MED-11327,Video,0.2585,0.3838,0.8236,54.527,0.15,0.7114,0.4493,0.2708,0.7084,1,0.8883,19,CRITICAL,Deepfake Detected
MED-11328,Video,0.2177,0.4577,0.742,39.355,0.1077,0.5638,0.7618,0.5975,1.0,1,0.6759,29,HIGH,Deepfake Detected
MED-11329,Video,0.5505,0.2582,0.1426,9.363,0.5967,0.1304,0.1641,0.061,0.0543,0,0.1158,85,LOW,Authentic Content
MED-11330,Video,0.0702,0.8601,0.7987,50.026,0.1195,0.9548,0.4996,0.7353,0.6905,1,0.9037,5,CRITICAL,Deepfake Detected
MED-11331,Image,0.6735,0.0725,0.256,11.347,0.8076,0.1489,0.2579,0.0,0.0,0,0.0518,96,LOW,Authentic Content
MED-11332,Image,0.2809,0.623,0.8707,40.605,0.2078,0.4168,0.6308,0.0,0.0,1,0.903,7,CRITICAL,Deepfake Detected
MED-11333,Video,0.2228,0.8297,0.8959,34.923,0.1386,0.4682,0.5566,0.6048,0.6785,1,0.8992,12,CRITICAL,Deepfake Detected
MED-11334,Video,0.0791,0.703,0.9135,30.501,0.2499,1.0,0.6227,0.7751,0.804,1,0.7078,32,HIGH,Deepfake Detected
MED-11335,Video,0.4374,0.4116,0.7565,37.602,0.1068,0.5617,0.5932,0.3512,0.6095,1,0.8237,16,CRITICAL,Deepfake Detected
MED-11336,Image,0.8311,0.1244,0.0779,6.583,0.5265,0.0398,0.3301,0.0,0.0,0,0.1321,92,LOW,Authentic Content
MED-11337,Image,0.9286,0.2603,0.2748,11.372,0.4826,0.1003,0.2277,0.0,0.0,0,0.0722,96,LOW,Authentic Content
MED-11338,Video,0.3119,0.4813,0.6631,45.843,0.1864,0.7123,0.5411,0.5542,0.5898,1,0.9209,14,CRITICAL,Deepfake Detected
MED-11339,Video,0.796,0.1729,0.3084,3.817,0.394,0.0732,0.0798,0.0969,0.156,0,0.0787,89,LOW,Authentic Content
MED-11340,Video,0.5037,0.7791,0.8816,37.021,0.3448,0.5783,0.8198,0.4445,0.7776,1,0.7857,15,HIGH,Deepfake Detected
MED-11341,Image,0.5257,0.8227,0.888,35.245,0.3848,0.5536,0.5343,0.0,0.0,1,0.9244,5,CRITICAL,Deepfake Detected
MED-11342,Video,0.8768,0.0287,0.2536,9.051,0.6282,0.0938,0.143,0.1003,0.1713,0,0.0661,96,LOW,Authentic Content
MED-11343,Image,0.7356,0.2434,0.1917,8.828,0.5944,0.0712,0.3348,0.0,0.0,0,0.0808,87,LOW,Authentic Content
MED-11344,Image,0.4344,0.3688,0.81,38.836,0.0751,0.7908,0.8495,0.0,0.0,1,0.9057,5,CRITICAL,Deepfake Detected
MED-11345,Image,0.7084,0.1302,0.1775,5.776,0.517,0.1115,0.1853,0.0,0.0,0,0.1206,86,LOW,Authentic Content
MED-11346,Image,0.1227,0.4458,0.7879,47.736,0.2001,0.5211,0.542,0.0,0.0,1,0.7999,22,HIGH,Deepfake Detected
MED-11347,Image,0.1282,0.6879,0.7692,37.564,0.2302,0.6501,0.2361,0.0,0.0,1,0.7539,31,CRITICAL,Deepfake Detected
MED-11348,Image,0.8725,0.3079,0.1653,10.805,0.6227,0.0922,0.2538,0.0,0.0,0,0.0438,91,LOW,Authentic Content
MED-11349,Video,0.7561,0.1032,0.1508,5.29,0.5715,0.1912,0.3076,0.083,0.1375,0,0.1067,91,LOW,Authentic Content
MED-11350,Image,0.2777,0.5259,0.7005,18.687,0.2132,0.6229,0.5751,0.0,0.0,1,0.9704,5,CRITICAL,Deepfake Detected
MED-11351,Image,0.746,0.1339,0.1265,8.343,0.391,0.1199,0.4344,0.0,0.0,0,0.1907,81,LOW,Authentic Content
MED-11352,Image,0.6744,0.2359,0.2099,8.556,0.3183,0.1649,0.1085,0.0,0.0,0,0.0549,98,LOW,Authentic Content
MED-11353,Image,0.8512,0.1682,0.1229,2.554,0.602,0.1437,0.2448,0.0,0.0,0,0.0227,92,LOW,Authentic Content
MED-11354,Video,0.5035,0.115,0.2942,14.161,0.3911,0.1556,0.1655,0.0168,0.2098,0,0.0624,89,LOW,Authentic Content
MED-11355,Image,0.4695,0.1291,0.2564,9.587,0.6098,0.1208,0.3029,0.0,0.0,0,0.114,81,LOW,Authentic Content
MED-11356,Video,0.9588,0.2504,0.0417,10.542,0.2212,0.08,0.1387,0.0859,0.0086,0,0.1042,84,LOW,Authentic Content
MED-11357,Image,0.8841,0.1506,0.2109,9.832,0.4282,0.1456,0.2953,0.0,0.0,0,0.1224,91,LOW,Authentic Content
MED-11358,Image,0.6559,0.1192,0.4307,11.636,0.3795,0.074,0.3823,0.0,0.0,0,0.0671,93,LOW,Authentic Content
MED-11359,Video,0.09,0.421,0.8365,45.064,0.1588,0.563,0.5608,0.5209,0.6805,1,0.8516,13,CRITICAL,Deepfake Detected
MED-11360,Video,0.7401,0.1838,0.096,9.591,0.3986,0.1356,0.3093,0.0022,0.0595,0,0.0894,89,LOW,Authentic Content
MED-11361,Video,0.9482,0.1441,0.1985,6.609,0.8081,0.1127,0.2281,0.1277,0.1403,0,0.0784,88,LOW,Authentic Content
MED-11362,Image,0.2097,0.3857,0.7675,19.877,0.1147,0.7932,0.4063,0.0,0.0,1,0.7772,25,CRITICAL,Deepfake Detected
MED-11363,Image,0.7844,0.0513,0.2145,7.782,0.4438,0.0622,0.0092,0.0,0.0,0,0.0691,99,LOW,Authentic Content
MED-11364,Video,0.8487,0.2219,0.1125,5.235,0.3421,0.0638,0.2083,0.0644,0.0,0,0.1445,78,LOW,Authentic Content
MED-11365,Image,0.265,0.7975,0.5134,40.791,0.1695,0.5951,0.6224,0.0,0.0,1,0.869,13,CRITICAL,Deepfake Detected
MED-11366,Image,0.1927,0.5629,1.0,40.75,0.2551,0.6835,0.706,0.0,0.0,1,0.8579,10,CRITICAL,Deepfake Detected
MED-11367,Image,0.8493,0.0085,0.2295,8.769,0.5524,0.2039,0.1799,0.0,0.0,0,0.01,99,LOW,Authentic Content
MED-11368,Video,0.4853,0.5271,1.0,49.028,0.0378,0.6141,0.5598,0.6905,0.5516,1,0.8532,22,HIGH,Deepfake Detected
MED-11369,Image,0.6132,0.1325,0.0357,8.543,0.588,0.0872,0.085,0.0,0.0,0,0.01,99,LOW,Authentic Content
MED-11370,Video,0.1506,0.7378,1.0,35.203,0.3707,0.8778,0.5442,0.7649,0.6677,1,0.7064,33,HIGH,Deepfake Detected
MED-11371,Video,0.2116,0.8067,0.7861,40.171,0.1921,0.527,0.528,1.0,0.8843,1,0.7026,29,HIGH,Deepfake Detected
MED-11372,Image,0.3928,0.1548,0.0357,5.848,0.5142,0.0641,0.207,0.0,0.0,0,0.1184,85,LOW,Authentic Content
MED-11373,Image,0.6786,0.1242,0.3072,13.955,0.4519,0.0823,0.2032,0.0,0.0,0,0.0474,99,LOW,Authentic Content
MED-11374,Image,0.3273,0.8157,0.5937,59.608,0.1075,0.9147,0.621,0.0,0.0,1,0.7898,16,CRITICAL,Deepfake Detected
MED-11375,Image,0.2083,0.4827,0.9672,35.534,0.1702,0.8437,0.5691,0.0,0.0,1,0.99,11,HIGH,Deepfake Detected
MED-11376,Image,0.3299,0.5917,0.6693,37.721,0.2679,0.5622,0.5769,0.0,0.0,1,0.99,5,CRITICAL,Deepfake Detected
MED-11377,Image,0.1958,0.5041,0.8206,22.474,0.2808,0.7658,0.5659,0.0,0.0,1,0.6475,34,CRITICAL,Deepfake Detected
MED-11378,Image,0.1717,0.6612,0.923,38.349,0.1347,0.5927,0.6569,0.0,0.0,1,0.8392,22,CRITICAL,Deepfake Detected
MED-11379,Image,0.9259,0.1351,0.2455,0.479,0.432,0.0765,0.295,0.0,0.0,0,0.0132,99,LOW,Authentic Content
MED-11380,Video,0.1683,1.0,0.7943,19.602,0.0813,0.6904,0.6207,0.4417,0.6139,1,0.6664,31,HIGH,Deepfake Detected
MED-11381,Image,0.518,0.4252,0.673,14.119,0.2355,0.4922,0.4893,0.0,0.0,1,0.9432,8,CRITICAL,Deepfake Detected
MED-11382,Image,0.9064,0.062,0.0452,16.39,0.4987,0.1352,0.1446,0.0,0.0,0,0.1094,92,LOW,Authentic Content
MED-11383,Video,0.739,0.0911,0.0644,9.294,0.4751,0.0851,0.2026,0.0519,0.0519,0,0.01,99,LOW,Authentic Content
MED-11384,Image,0.8693,0.1428,0.0,5.65,0.6059,0.1765,0.2514,0.0,0.0,0,0.0895,96,LOW,Authentic Content
MED-11385,Video,0.5978,0.0557,0.1132,4.584,0.6056,0.1397,0.277,0.1256,0.0748,0,0.0846,92,LOW,Authentic Content
MED-11386,Image,0.8572,0.2752,0.26,11.359,0.6343,0.1433,0.3102,0.0,0.0,0,0.1027,96,LOW,Authentic Content
MED-11387,Video,0.5396,0.2104,0.0459,5.91,0.2801,0.2135,0.1815,0.2083,0.1682,0,0.1069,86,LOW,Authentic Content
MED-11388,Video,0.4367,0.0547,0.3792,8.917,0.5379,0.0998,0.1252,0.1688,0.2324,0,0.0264,97,LOW,Authentic Content
MED-11389,Image,0.194,0.4752,0.845,40.272,0.2774,0.4064,0.5381,0.0,0.0,1,0.8428,23,CRITICAL,Deepfake Detected
MED-11390,Image,0.6219,0.0206,0.0765,2.977,0.5534,0.1154,0.2528,0.0,0.0,0,0.0468,91,LOW,Authentic Content
MED-11391,Image,0.4183,0.6006,0.6775,23.521,0.3,0.5787,0.7636,0.0,0.0,1,0.8868,11,CRITICAL,Deepfake Detected
MED-11392,Image,0.1065,0.8011,0.685,36.56,0.202,0.557,0.2327,0.0,0.0,1,0.9693,5,CRITICAL,Deepfake Detected
MED-11393,Video,0.8674,0.0866,0.2574,5.952,0.6615,0.1999,0.2401,0.0957,0.1536,0,0.01,99,LOW,Authentic Content
MED-11394,Image,0.947,0.0868,0.0947,10.44,0.3113,0.2052,0.2094,0.0,0.0,0,0.1648,80,LOW,Authentic Content
MED-11395,Video,0.671,0.133,0.0683,10.165,0.3289,0.2065,0.2147,0.0555,0.1887,0,0.1498,85,LOW,Authentic Content
MED-11396,Video,0.443,0.9461,0.6245,28.625,0.1897,0.6815,0.3866,0.6819,0.6624,1,0.9898,5,HIGH,Deepfake Detected
MED-11397,Image,0.5619,0.4973,0.6577,17.667,0.2895,0.5269,0.7783,0.0,0.0,1,0.9614,5,HIGH,Deepfake Detected
MED-11398,Video,0.6774,0.0879,0.1261,7.255,0.6165,0.1091,0.2571,0.1451,0.1812,0,0.0853,86,LOW,Authentic Content
MED-11399,Image,0.1866,0.5361,0.844,27.283,0.2923,0.7182,0.481,0.0,0.0,1,0.9362,5,HIGH,Deepfake Detected
MED-11400,Image,0.7856,0.0648,0.1955,12.556,0.2386,0.0893,0.169,0.0,0.0,0,0.0598,93,LOW,Authentic Content
MED-11401,Video,0.7844,0.7601,0.7704,38.881,0.1632,0.591,0.8214,0.4719,0.8392,1,0.8502,16,CRITICAL,Deepfake Detected
MED-11402,Image,0.1523,0.7346,0.5932,38.981,0.1403,0.4999,0.4754,0.0,0.0,1,0.9041,5,CRITICAL,Deepfake Detected
MED-11403,Image,0.4423,0.6921,0.6949,37.972,0.2115,0.5399,0.5222,0.0,0.0,1,0.7522,18,CRITICAL,Deepfake Detected
MED-11404,Image,0.2468,0.6806,0.7957,28.341,0.1305,0.7066,0.8071,0.0,0.0,1,0.99,5,CRITICAL,Deepfake Detected
MED-11405,Video,0.3858,0.129,0.0796,3.959,0.3602,0.096,0.1145,0.0924,0.1322,0,0.01,95,LOW,Authentic Content
MED-11406,Image,0.1911,0.6164,0.6259,38.253,0.2954,0.4171,0.7158,0.0,0.0,1,0.6866,33,HIGH,Deepfake Detected
MED-11407,Image,0.342,0.646,0.6317,51.863,0.3457,0.6716,0.6927,0.0,0.0,1,0.8843,15,HIGH,Deepfake Detected
MED-11408,Video,0.4038,0.0972,0.1567,7.462,0.6123,0.0517,0.1533,0.0908,0.1355,0,0.132,88,LOW,Authentic Content
MED-11409,Video,0.941,0.1184,0.2149,12.323,0.4728,0.1436,0.1748,0.0,0.1177,0,0.01,99,LOW,Authentic Content
MED-11410,Video,0.7872,0.4226,0.1522,8.52,0.7518,0.1372,0.113,0.1171,0.1623,0,0.0595,97,LOW,Authentic Content
MED-11411,Video,0.9236,0.0146,0.2123,14.953,0.5135,0.0304,0.2178,0.0591,0.1832,0,0.0663,86,LOW,Authentic Content
MED-11412,Video,0.2701,0.9484,0.6567,49.265,0.1429,0.7589,0.5864,0.625,0.576,1,0.9028,16,HIGH,Deepfake Detected
MED-11413,Image,0.3761,0.5055,0.4305,10.569,0.2416,0.551,0.5254,0.0,0.0,1,0.8988,7,CRITICAL,Deepfake Detected
MED-11414,Image,0.2882,0.7667,0.6266,43.595,0.0104,0.8954,0.7637,0.0,0.0,1,0.9389,12,HIGH,Deepfake Detected
MED-11415,Video,0.8571,0.2839,0.1995,11.601,0.4842,0.0516,0.0952,0.0546,0.1409,0,0.1112,91,LOW,Authentic Content
MED-11416,Image,0.0902,0.8252,1.0,48.518,0.167,0.5994,0.5549,0.0,0.0,1,0.7739,23,HIGH,Deepfake Detected
MED-11417,Image,0.7416,0.019,0.1696,10.725,0.7872,0.0996,0.1052,0.0,0.0,0,0.0993,89,LOW,Authentic Content
MED-11418,Video,0.2315,0.9254,0.6793,23.807,0.2051,0.445,0.4454,0.472,0.5124,1,0.9669,5,CRITICAL,Deepfake Detected
MED-11419,Video,0.0658,0.692,0.6999,44.736,0.1687,0.8524,0.5415,0.4431,0.5405,1,0.9235,7,CRITICAL,Deepfake Detected
MED-11420,Image,0.1033,0.5526,0.8642,26.157,0.0334,0.719,0.5633,0.0,0.0,1,0.954,8,CRITICAL,Deepfake Detected
MED-11421,Image,0.5441,0.2411,0.1524,8.812,0.3836,0.054,0.258,0.0,0.0,0,0.1329,86,LOW,Authentic Content
MED-11422,Image,0.262,0.6325,0.4876,48.584,0.1579,0.8009,0.6137,0.0,0.0,1,0.7617,24,CRITICAL,Deepfake Detected
MED-11423,Image,0.2394,0.6204,0.6386,26.805,0.3046,0.7461,0.8431,0.0,0.0,1,0.6895,32,CRITICAL,Deepfake Detected
MED-11424,Image,0.6027,0.1337,0.1283,15.474,0.4557,0.1465,0.2116,0.0,0.0,0,0.1012,91,LOW,Authentic Content
MED-11425,Image,0.3277,0.6592,0.5923,37.77,0.1993,0.7143,0.6016,0.0,0.0,1,0.8267,17,HIGH,Deepfake Detected
MED-11426,Video,0.2593,0.7006,0.9316,38.202,0.228,0.668,0.824,0.5952,0.7904,1,0.7781,16,CRITICAL,Deepfake Detected
MED-11427,Image,0.0934,0.9127,0.8277,56.94,0.1351,0.6271,0.4547,0.0,0.0,1,0.7816,17,CRITICAL,Deepfake Detected
MED-11428,Image,0.7174,0.1623,0.1285,6.1,0.6529,0.1913,0.166,0.0,0.0,0,0.0564,93,LOW,Authentic Content
MED-11429,Video,0.3787,0.7969,0.6099,33.862,0.2327,0.6115,0.5326,0.5646,0.597,1,0.8949,10,HIGH,Deepfake Detected
MED-11430,Image,0.806,0.1505,0.1916,0.848,0.5983,0.1026,0.3546,0.0,0.0,0,0.01,95,LOW,Authentic Content
MED-11431,Image,0.0495,0.7687,0.5873,54.94,0.1437,0.5061,0.6532,0.0,0.0,1,0.99,5,CRITICAL,Deepfake Detected
MED-11432,Video,0.2275,0.7758,0.652,65.014,0.156,0.6811,0.5974,0.4954,0.7686,1,0.8842,16,CRITICAL,Deepfake Detected
MED-11433,Image,0.4028,0.5675,1.0,52.566,0.2121,0.7397,0.4699,0.0,0.0,1,0.8235,24,HIGH,Deepfake Detected
MED-11434,Video,0.8831,0.23,0.247,13.868,0.392,0.0619,0.2842,0.1564,0.2009,0,0.1492,85,LOW,Authentic Content
MED-11435,Video,0.1304,0.6227,0.7573,53.405,0.152,0.5698,0.5673,0.4078,0.7996,1,0.8617,13,HIGH,Deepfake Detected
MED-11436,Image,0.2669,0.4197,0.7738,42.019,0.0415,0.7075,0.532,0.0,0.0,1,0.7693,21,CRITICAL,Deepfake Detected
MED-11437,Video,0.9791,0.1256,0.2447,2.965,0.5743,0.1575,0.2542,0.1518,0.0503,0,0.1125,95,LOW,Authentic Content
MED-11438,Image,0.3136,0.6012,0.6717,28.999,0.2072,0.6812,0.5849,0.0,0.0,1,0.9285,5,CRITICAL,Deepfake Detected
MED-11439,Image,0.3148,0.5058,0.5843,35.696,0.2661,0.8197,0.3822,0.0,0.0,1,0.7807,18,CRITICAL,Deepfake Detected
MED-11440,Image,0.8592,0.1926,0.0528,7.235,0.6491,0.0797,0.1349,0.0,0.0,0,0.0507,92,LOW,Authentic Content
MED-11441,Video,0.2939,0.756,0.7409,37.37,0.1542,0.522,0.3547,0.9129,0.7031,1,0.6889,25,CRITICAL,Deepfake Detected
MED-11442,Image,0.4153,0.4803,0.6892,34.949,0.0791,0.7534,0.638,0.0,0.0,1,0.9196,5,CRITICAL,Deepfake Detected
MED-11443,Image,0.7681,0.2431,0.0819,10.482,0.5407,0.0,0.253,0.0,0.0,0,0.2077,68,LOW,Authentic Content
MED-11444,Image,0.0762,0.8064,0.9583,52.423,0.1478,0.6607,0.4758,0.0,0.0,1,0.8269,15,HIGH,Deepfake Detected
MED-11445,Image,0.3598,0.4695,0.4177,28.254,0.0,0.5899,0.5472,0.0,0.0,1,0.8026,21,HIGH,Deepfake Detected
MED-11446,Image,0.3121,0.7208,0.8915,26.611,0.0881,0.7329,0.4191,0.0,0.0,1,0.821,19,CRITICAL,Deepfake Detected
MED-11447,Image,0.1437,0.519,0.5416,28.988,0.1356,0.5777,0.7,0.0,0.0,1,0.8246,21,CRITICAL,Deepfake Detected
MED-11448,Image,0.1929,0.8032,0.684,33.702,0.0551,0.7558,0.5673,0.0,0.0,1,0.901,11,CRITICAL,Deepfake Detected
MED-11449,Image,0.8367,0.2129,0.1978,7.387,0.5021,0.1555,0.1509,0.0,0.0,0,0.1743,87,LOW,Authentic Content
MED-11450,Image,0.599,0.041,0.0369,10.611,0.4155,0.1447,0.2646,0.0,0.0,0,0.1584,88,LOW,Authentic Content
MED-11451,Image,0.8941,0.0656,0.3267,7.508,0.5194,0.2086,0.1813,0.0,0.0,0,0.0323,99,LOW,Authentic Content
MED-11452,Video,0.079,0.6565,0.7398,34.654,0.2917,0.4803,0.7569,0.6913,0.7934,1,0.8171,11,CRITICAL,Deepfake Detected
MED-11453,Image,0.2569,0.7187,0.7723,52.01,0.1199,0.9193,0.5427,0.0,0.0,1,0.8017,16,HIGH,Deepfake Detected
MED-11454,Image,0.3077,0.6638,0.7396,49.273,0.2543,0.2196,0.5473,0.0,0.0,1,0.8276,20,CRITICAL,Deepfake Detected
MED-11455,Video,0.7563,0.115,0.1105,13.2,0.6136,0.1223,0.155,0.0605,0.1273,0,0.1906,80,LOW,Authentic Content
MED-11456,Video,0.8152,0.1342,0.1052,9.266,0.4908,0.1416,0.1212,0.1228,0.1301,0,0.0882,92,LOW,Authentic Content
MED-11457,Image,0.6448,0.1083,0.2656,4.959,0.4825,0.2418,0.218,0.0,0.0,0,0.0696,89,LOW,Authentic Content
MED-11458,Video,0.2716,0.5155,0.6102,7.948,0.2037,0.7778,0.4493,0.6184,0.6604,1,0.8604,9,CRITICAL,Deepfake Detected
MED-11459,Image,0.1294,0.8287,0.6217,10.964,0.2071,0.861,0.3875,0.0,0.0,1,0.8126,12,HIGH,Deepfake Detected
MED-11460,Image,0.8779,0.0,0.2349,8.769,0.187,0.2275,0.2547,0.0,0.0,0,0.0339,96,LOW,Authentic Content
MED-11461,Video,0.5362,0.1021,0.341,6.804,0.5654,0.1249,0.1215,0.2211,0.2018,0,0.0913,97,LOW,Authentic Content
MED-11462,Video,0.3046,0.8724,0.9543,35.799,0.302,0.6492,0.6205,0.6138,0.6202,1,0.823,7,CRITICAL,Deepfake Detected
MED-11463,Video,0.6484,0.1974,0.2766,1.302,0.648,0.1113,0.1728,0.1413,0.1776,0,0.01,93,LOW,Authentic Content
MED-11464,Video,0.3714,0.5059,0.6704,49.025,0.3284,0.4182,0.7959,0.6561,0.7112,1,0.7958,25,HIGH,Deepfake Detected
MED-11465,Image,0.7738,0.1705,0.1401,5.993,0.4027,0.1139,0.246,0.0,0.0,0,0.1094,89,LOW,Authentic Content
MED-11466,Video,0.2963,0.675,0.5314,42.948,0.1311,0.6864,0.6817,0.449,0.7138,1,0.669,39,CRITICAL,Deepfake Detected
MED-11467,Image,0.7222,0.2052,0.1548,10.163,0.5157,0.0722,0.1446,0.0,0.0,0,0.01,94,LOW,Authentic Content
MED-11468,Video,0.6635,0.0502,0.0494,10.003,0.5862,0.174,0.2121,0.0625,0.0957,0,0.1506,86,LOW,Authentic Content
MED-11469,Image,0.0511,0.9294,0.59,42.46,0.2283,0.4349,0.4393,0.0,0.0,1,0.9243,5,CRITICAL,Deepfake Detected
MED-11470,Video,0.8347,0.1581,0.0712,5.875,0.4357,0.1516,0.1663,0.0226,0.1735,0,0.01,94,LOW,Authentic Content
MED-11471,Video,0.0503,0.8406,0.9218,41.963,0.1018,0.6705,0.6511,0.7467,0.6291,1,0.8989,10,HIGH,Deepfake Detected
MED-11472,Image,0.4189,0.0677,0.1848,6.858,0.6442,0.174,0.1911,0.0,0.0,0,0.1613,83,LOW,Authentic Content
MED-11473,Image,0.8564,0.1141,0.231,14.475,0.4408,0.077,0.2006,0.0,0.0,0,0.1627,81,LOW,Authentic Content
MED-11474,Video,0.8927,0.0691,0.1608,9.146,0.6689,0.078,0.2337,0.033,0.1806,0,0.1586,88,LOW,Authentic Content
MED-11475,Image,0.361,0.6169,0.7785,50.324,0.2114,0.791,0.4907,0.0,0.0,1,0.99,6,HIGH,Deepfake Detected
MED-11476,Image,0.7568,0.0,0.2022,9.587,0.5467,0.151,0.1542,0.0,0.0,0,0.0235,99,LOW,Authentic Content
MED-11477,Image,0.2031,0.8399,0.5802,23.594,0.3074,0.4839,0.5767,0.0,0.0,1,0.7523,21,CRITICAL,Deepfake Detected
MED-11478,Image,0.0547,0.7437,0.9103,32.173,0.1966,0.7817,0.5643,0.0,0.0,1,0.7933,18,HIGH,Deepfake Detected
MED-11479,Image,0.8022,0.2635,0.0893,3.459,0.4957,0.2653,0.2368,0.0,0.0,0,0.1817,80,LOW,Authentic Content
MED-11480,Video,0.2884,0.4693,1.0,22.96,0.1848,0.3597,0.5288,0.6761,0.7769,1,0.9089,6,CRITICAL,Deepfake Detected
MED-11481,Image,0.2863,0.8681,0.5926,29.444,0.2046,0.7794,0.6181,0.0,0.0,1,0.99,5,CRITICAL,Deepfake Detected
MED-11482,Video,0.2813,0.6301,0.8849,32.98,0.1044,0.5303,0.6698,1.0,0.5668,1,0.9145,9,CRITICAL,Deepfake Detected
MED-11483,Image,0.1248,0.8416,0.8901,11.388,0.1321,0.4869,0.598,0.0,0.0,1,0.6484,24,CRITICAL,Deepfake Detected
MED-11484,Video,0.3134,0.4043,0.9166,40.938,0.2925,0.5993,0.4525,0.3948,0.8592,1,0.9297,5,CRITICAL,Deepfake Detected
MED-11485,Image,0.7275,0.7993,0.8765,38.017,0.1867,0.6618,0.4859,0.0,0.0,1,0.8932,9,CRITICAL,Deepfake Detected
MED-11486,Image,0.3176,0.8812,0.6436,36.36,0.0958,0.5271,0.7772,0.0,0.0,1,0.8638,12,CRITICAL,Deepfake Detected
MED-11487,Video,0.7978,0.266,0.164,9.247,0.4838,0.0426,0.2963,0.1266,0.1211,0,0.0799,85,LOW,Authentic Content
MED-11488,Image,0.172,0.6643,0.6245,26.885,0.051,0.6266,0.6542,0.0,0.0,1,0.6856,31,HIGH,Deepfake Detected
MED-11489,Image,0.2861,0.6016,0.7531,31.138,0.142,0.6655,0.5192,0.0,0.0,1,0.7445,16,HIGH,Deepfake Detected
MED-11490,Video,0.1181,0.7807,0.5728,33.949,0.1666,0.5127,0.3791,0.5281,0.9031,1,0.8559,21,HIGH,Deepfake Detected
MED-11491,Image,0.3408,0.5369,0.8552,51.35,0.2631,0.7766,0.6336,0.0,0.0,1,0.8931,11,CRITICAL,Deepfake Detected
MED-11492,Video,0.2159,0.5067,0.7147,34.543,0.2429,0.4781,0.7024,0.8637,0.7,1,0.8561,10,CRITICAL,Deepfake Detected
MED-11493,Image,0.357,0.7224,0.9146,37.817,0.0703,0.6814,0.6647,0.0,0.0,1,0.7582,30,HIGH,Deepfake Detected
MED-11494,Image,0.9601,0.1904,0.1192,8.796,0.4584,0.0582,0.1729,0.0,0.0,0,0.1219,87,LOW,Authentic Content
MED-11495,Video,0.5033,0.6525,0.6229,33.969,0.2649,0.726,0.7009,0.3319,0.7087,1,0.9467,12,CRITICAL,Deepfake Detected
MED-11496,Image,0.7096,0.1369,0.2183,11.066,0.4969,0.2754,0.2833,0.0,0.0,0,0.0797,86,LOW,Authentic Content
MED-11497,Image,0.5632,0.9046,0.7373,11.089,0.2095,0.338,0.634,0.0,0.0,1,0.99,7,HIGH,Deepfake Detected
MED-11498,Video,0.1858,0.7407,0.6041,36.438,0.1433,0.7197,0.646,0.7804,0.7522,1,0.8672,22,CRITICAL,Deepfake Detected
MED-11499,Video,0.3675,0.6549,0.7018,49.869,0.1379,0.4861,0.6363,0.6239,0.9222,1,0.6243,38,CRITICAL,Deepfake Detected
