text,category,is_scam,urgency_score,threat_level
Part-time Online Job Offer: Earn $300-$800 daily by rating hotels/apps on your phone for 1 hour. No experience required. WhatsApp: +1-424-778-8729,Fake Job Offer,1,0.763,CRITICAL
URGENT: Your Chase account has been suspended due to suspicious activity. Verify immediately at https://bank-security-center.ru to avoid permanent deactivation.,Banking Phishing,1,0.833,CRITICAL
Google Calendar: Standup meeting starts in 10 minutes (10:00 AM - 10:15 AM).,Legitimate Calendar,0,0.288,LOW
Zoom meeting invitation: Weekly Engineering Sync on Thursday at 3:00 PM EST. Join with meeting ID 5877.,Legitimate Work,0,0.167,LOW
Netflix Member Alert: We could not process your latest payment. Update billing details at http://claim-crypto-giveaway.net to avoid service cancellation.,Subscription Phishing,1,0.839,CRITICAL
"WINNER! You have won the Nigeria Mega Millions International Draw of $12,000,000! Call +1-858-977-3165 immediately with code WIN3927 to claim.",Lottery / Prize Fraud,1,0.848,CRITICAL
"Walmart Reward: You have a pending voucher worth $1,000. Complete this short survey at http://claim-crypto-giveaway.net before expiration.",Lottery / Prize Fraud,1,0.92,CRITICAL
Guaranteed 450% return in 48 hours! Join our automated crypto arbitrage pool today. Send 2.21 ETH to 0x184ce8b and start earning.,Crypto Investment Scam,1,0.947,HIGH
Amazon Notification: Your mobile number was selected for an iPhone 15 Pro giveaway. Claim within 10 minutes at https://login-update-online-service.top.,Lottery / Prize Fraud,1,0.764,HIGH
Your order #ORD-379684 has been shipped via FedEx. Expected delivery is Friday by 5:00 PM. Track at official app.,Legitimate E-commerce,0,0.304,LOW
Google Calendar: Standup meeting starts in 10 minutes (10:00 AM - 10:15 AM).,Legitimate Calendar,0,0.3,LOW
"Hi team, please find the quarterly performance slide deck attached for tomorrow's review meeting.",Legitimate Business,0,0.124,LOW
Tesla & Elon Musk 100M Crypto Giveaway! Send 0.1 BTC to receive 0.5 BTC back immediately: http://kyc-urgent-support.info,Crypto Investment Scam,1,0.972,CRITICAL
"Walmart Reward: You have a pending voucher worth $1,000. Complete this short survey at http://claim-crypto-giveaway.net before expiration.",Lottery / Prize Fraud,1,0.872,HIGH
"WINNER! You have won the Singapore Mega Millions International Draw of $6,000,000! Call +1-629-898-5687 immediately with code WIN1760 to claim.",Lottery / Prize Fraud,1,0.763,CRITICAL
Package Delivery Failed: USPS tracking #US45415220P is held at terminal due to unpaid duty fees of $2.30. Pay at http://claim-crypto-giveaway.net.,Delivery Phishing,1,0.846,CRITICAL
Thanks for reaching out to customer support. Your ticket #93610 has been resolved. Please rate our service.,Legitimate Support,0,0.349,LOW
"Hey, are we still meeting for lunch at the cafeteria around 1:00 PM today?",Legitimate Personal,0,0.294,LOW
Amazon Notification: Your mobile number was selected for an iPhone 15 Pro giveaway. Claim within 10 minutes at http://claim-crypto-giveaway.net.,Lottery / Prize Fraud,1,0.902,CRITICAL
Zoom meeting invitation: Weekly Engineering Sync on Thursday at 3:00 PM EST. Join with meeting ID 8646.,Legitimate Work,0,0.052,LOW
Your order #ORD-555719 has been shipped via FedEx. Expected delivery is Friday by 5:00 PM. Track at official app.,Legitimate E-commerce,0,0.245,LOW
Payment received: You paid $42.50 at Trader Joe's using Apple Pay on Aug 25.,Legitimate Transaction,0,0.09,LOW
Payment received: You paid $42.50 at Trader Joe's using Apple Pay on Aug 25.,Legitimate Transaction,0,0.156,LOW
"Hi team, please find the quarterly performance slide deck attached for tomorrow's review meeting.",Legitimate Business,0,0.263,LOW
"Hey, are we still meeting for lunch at the cafeteria around 1:00 PM today?",Legitimate Personal,0,0.264,LOW
Payment received: You paid $42.50 at Trader Joe's using Apple Pay on Aug 25.,Legitimate Transaction,0,0.283,LOW
"Reminder: Your dentist appointment with Dr. Smith is scheduled for tomorrow at 2:30 PM. Reply 1 to confirm, 2 to reschedule.",Legitimate Service,0,0.07,LOW
Package Delivery Failed: USPS tracking #US40201736P is held at terminal due to unpaid duty fees of $2.30. Pay at http://usps-delivery-portal.cc.,Delivery Phishing,1,0.852,HIGH
Tesla & Elon Musk 100M Crypto Giveaway! Send 0.1 BTC to receive 0.5 BTC back immediately: https://login-update-online-service.top,Crypto Investment Scam,1,0.855,CRITICAL
Here is the updated recipe for the chocolate cake we discussed last weekend. Let me know if you need vanilla extract.,Legitimate Personal,0,0.163,LOW
Your monthly bank statement for account ending in 8249 is now ready to view in the official mobile banking app.,Legitimate Banking,0,0.26,LOW
Your verification code for Microsoft is 256536. This code will expire in 10 minutes. Do not share it with anyone.,Legitimate OTP,0,0.235,LOW
"ALERT: An unauthorized transaction of $2478 was attempted on your account. If this was not you, cancel it now at http://usps-delivery-portal.cc.",Banking Phishing,1,0.919,HIGH
Your order #ORD-450474 has been shipped via FedEx. Expected delivery is Friday by 5:00 PM. Track at official app.,Legitimate E-commerce,0,0.263,LOW
"Reminder: Your dentist appointment with Dr. Smith is scheduled for tomorrow at 2:30 PM. Reply 1 to confirm, 2 to reschedule.",Legitimate Service,0,0.314,LOW
Wells Fargo Security: Unusual login from Singapore. Confirm your identity now at https://bank-security-center.ru to prevent account freeze.,Banking Phishing,1,0.86,HIGH
HR Global Recruiter: You have been shortlisted for Remote Data Entry role paying $65/hr. Pay registration fee $49 at http://claim-crypto-giveaway.net to get started.,Fake Job Offer,1,0.893,CRITICAL
"ALERT: An unauthorized transaction of $5079 was attempted on your account. If this was not you, cancel it now at https://bank-security-center.ru.",Banking Phishing,1,0.815,CRITICAL
HSBC Security: Unusual login from United States. Confirm your identity now at https://bank-security-center.ru to prevent account freeze.,Banking Phishing,1,0.9,CRITICAL
Immediate hiring for Amazon Product Reviewer. Daily payout $500. Message Telegram @CryptoProf_340 for instant onboarding.,Fake Job Offer,1,0.947,CRITICAL
Package Delivery Failed: USPS tracking #US63172006P is held at terminal due to unpaid duty fees of $2.30. Pay at http://secure-verify-auth2.xyz.,Delivery Phishing,1,0.777,CRITICAL
Your monthly bank statement for account ending in 7830 is now ready to view in the official mobile banking app.,Legitimate Banking,0,0.317,LOW
Your verification code for Microsoft is 478299. This code will expire in 10 minutes. Do not share it with anyone.,Legitimate OTP,0,0.111,LOW
Your verification code for Google is 799449. This code will expire in 10 minutes. Do not share it with anyone.,Legitimate OTP,0,0.104,LOW
"Congratulations! You've been whitelisted for the Exclusive Ethereum Airdrop. Claim your free $5,000 token grant at http://kyc-urgent-support.info.",Crypto Investment Scam,1,0.79,CRITICAL
Google Calendar: Standup meeting starts in 10 minutes (10:00 AM - 10:15 AM).,Legitimate Calendar,0,0.084,LOW
Amazon Notification: Your mobile number was selected for an iPhone 15 Pro giveaway. Claim within 10 minutes at http://claim-crypto-giveaway.net.,Lottery / Prize Fraud,1,0.83,HIGH
Netflix Member Alert: We could not process your latest payment. Update billing details at https://bank-security-center.ru to avoid service cancellation.,Subscription Phishing,1,0.819,HIGH
"Congratulations! You've been whitelisted for the Exclusive Ethereum Airdrop. Claim your free $5,000 token grant at http://claim-crypto-giveaway.net.",Crypto Investment Scam,1,0.895,CRITICAL
"ALERT: An unauthorized transaction of $909 was attempted on your account. If this was not you, cancel it now at http://usps-delivery-portal.cc.",Banking Phishing,1,0.75,HIGH
Google Calendar: Standup meeting starts in 10 minutes (10:00 AM - 10:15 AM).,Legitimate Calendar,0,0.34,LOW
IRS / Tax Notice: A federal warrant is issued for tax evasion. Call +1-472-326-2344 immediately or law enforcement will be dispatched.,Impersonation / Extortion,1,0.975,CRITICAL
Thanks for reaching out to customer support. Your ticket #30405 has been resolved. Please rate our service.,Legitimate Support,0,0.237,LOW
"Hi team, please find the quarterly performance slide deck attached for tomorrow's review meeting.",Legitimate Business,0,0.185,LOW
Here is the updated recipe for the chocolate cake we discussed last weekend. Let me know if you need vanilla extract.,Legitimate Personal,0,0.347,LOW
IRS / Tax Notice: A federal warrant is issued for tax evasion. Call +1-468-479-4048 immediately or law enforcement will be dispatched.,Impersonation / Extortion,1,0.869,CRITICAL
Bank of America Security: Unusual login from Russia. Confirm your identity now at http://kyc-urgent-support.info to prevent account freeze.,Banking Phishing,1,0.762,CRITICAL
Immediate hiring for Amazon Product Reviewer. Daily payout $500. Message Telegram @CryptoProf_450 for instant onboarding.,Fake Job Offer,1,0.817,HIGH
"Reminder: Your dentist appointment with Dr. Smith is scheduled for tomorrow at 2:30 PM. Reply 1 to confirm, 2 to reschedule.",Legitimate Service,0,0.327,LOW
Here is the updated recipe for the chocolate cake we discussed last weekend. Let me know if you need vanilla extract.,Legitimate Personal,0,0.304,LOW
"WINNER! You have won the Germany Mega Millions International Draw of $11,000,000! Call +1-248-545-4218 immediately with code WIN2852 to claim.",Lottery / Prize Fraud,1,0.923,CRITICAL
"Walmart Reward: You have a pending voucher worth $1,000. Complete this short survey at https://bank-security-center.ru before expiration.",Lottery / Prize Fraud,1,0.863,HIGH
HR Global Recruiter: You have been shortlisted for Remote Data Entry role paying $65/hr. Pay registration fee $49 at http://secure-verify-auth2.xyz to get started.,Fake Job Offer,1,0.969,CRITICAL
Payment received: You paid $42.50 at Trader Joe's using Apple Pay on Aug 25.,Legitimate Transaction,0,0.06,LOW
This is the Chief Financial Officer. I am in an urgent meeting and need you to purchase 5x $100 Apple Gift Cards and email the codes.,Executive Impersonation,1,0.942,CRITICAL
Tesla & Elon Musk 100M Crypto Giveaway! Send 0.1 BTC to receive 0.5 BTC back immediately: http://claim-crypto-giveaway.net,Crypto Investment Scam,1,0.93,CRITICAL
Here is the updated recipe for the chocolate cake we discussed last weekend. Let me know if you need vanilla extract.,Legitimate Personal,0,0.165,LOW
Amazon Notification: Your mobile number was selected for an iPhone 15 Pro giveaway. Claim within 10 minutes at http://claim-crypto-giveaway.net.,Lottery / Prize Fraud,1,0.761,HIGH
HR Global Recruiter: You have been shortlisted for Remote Data Entry role paying $65/hr. Pay registration fee $49 at http://claim-crypto-giveaway.net to get started.,Fake Job Offer,1,0.988,HIGH
Zoom meeting invitation: Weekly Engineering Sync on Thursday at 3:00 PM EST. Join with meeting ID 4688.,Legitimate Work,0,0.246,LOW
HR Global Recruiter: You have been shortlisted for Remote Data Entry role paying $65/hr. Pay registration fee $49 at http://kyc-urgent-support.info to get started.,Fake Job Offer,1,0.918,CRITICAL
"ALERT: An unauthorized transaction of $6122 was attempted on your account. If this was not you, cancel it now at http://secure-verify-auth2.xyz.",Banking Phishing,1,0.795,CRITICAL
"WINNER! You have won the Singapore Mega Millions International Draw of $15,000,000! Call +1-582-309-5328 immediately with code WIN8184 to claim.",Lottery / Prize Fraud,1,0.88,CRITICAL
Payment received: You paid $42.50 at Trader Joe's using Apple Pay on Aug 25.,Legitimate Transaction,0,0.26,LOW
HR Global Recruiter: You have been shortlisted for Remote Data Entry role paying $65/hr. Pay registration fee $49 at http://claim-crypto-giveaway.net to get started.,Fake Job Offer,1,0.953,CRITICAL
Here is the updated recipe for the chocolate cake we discussed last weekend. Let me know if you need vanilla extract.,Legitimate Personal,0,0.109,LOW
Here is the updated recipe for the chocolate cake we discussed last weekend. Let me know if you need vanilla extract.,Legitimate Personal,0,0.224,LOW
"Congratulations! You've been whitelisted for the Exclusive Bitcoin Airdrop. Claim your free $5,000 token grant at https://login-update-online-service.top.",Crypto Investment Scam,1,0.844,CRITICAL
"Hi team, please find the quarterly performance slide deck attached for tomorrow's review meeting.",Legitimate Business,0,0.134,LOW
Part-time Online Job Offer: Earn $300-$800 daily by rating hotels/apps on your phone for 1 hour. No experience required. WhatsApp: +1-677-359-4569,Fake Job Offer,1,0.8,CRITICAL
Payment received: You paid $42.50 at Trader Joe's using Apple Pay on Aug 25.,Legitimate Transaction,0,0.235,LOW
"Hey, are we still meeting for lunch at the cafeteria around 1:00 PM today?",Legitimate Personal,0,0.255,LOW
Your verification code for Apple ID is 780853. This code will expire in 10 minutes. Do not share it with anyone.,Legitimate OTP,0,0.206,LOW
Your order #ORD-276255 has been shipped via FedEx. Expected delivery is Friday by 5:00 PM. Track at official app.,Legitimate E-commerce,0,0.331,LOW
Thanks for reaching out to customer support. Your ticket #49251 has been resolved. Please rate our service.,Legitimate Support,0,0.159,LOW
"ALERT: An unauthorized transaction of $1724 was attempted on your account. If this was not you, cancel it now at https://login-update-online-service.top.",Banking Phishing,1,0.886,CRITICAL
"Reminder: Your dentist appointment with Dr. Smith is scheduled for tomorrow at 2:30 PM. Reply 1 to confirm, 2 to reschedule.",Legitimate Service,0,0.146,LOW
Package Delivery Failed: USPS tracking #US32286348P is held at terminal due to unpaid duty fees of $2.30. Pay at https://bank-security-center.ru.,Delivery Phishing,1,0.934,CRITICAL
Your order #ORD-367226 has been shipped via FedEx. Expected delivery is Friday by 5:00 PM. Track at official app.,Legitimate E-commerce,0,0.274,LOW
Your verification code for Apple ID is 610255. This code will expire in 10 minutes. Do not share it with anyone.,Legitimate OTP,0,0.251,LOW
HR Global Recruiter: You have been shortlisted for Remote Data Entry role paying $65/hr. Pay registration fee $49 at https://login-update-online-service.top to get started.,Fake Job Offer,1,0.953,HIGH
Package Delivery Failed: USPS tracking #US46844175P is held at terminal due to unpaid duty fees of $2.30. Pay at http://secure-verify-auth2.xyz.,Delivery Phishing,1,0.841,CRITICAL
Thanks for reaching out to customer support. Your ticket #67068 has been resolved. Please rate our service.,Legitimate Support,0,0.164,LOW
"Walmart Reward: You have a pending voucher worth $1,000. Complete this short survey at http://usps-delivery-portal.cc before expiration.",Lottery / Prize Fraud,1,0.751,CRITICAL
"Reminder: Your dentist appointment with Dr. Smith is scheduled for tomorrow at 2:30 PM. Reply 1 to confirm, 2 to reschedule.",Legitimate Service,0,0.224,LOW
"Dear Customer, Your debit card ending in 8503 is locked. Click http://usps-delivery-portal.cc to update KYC within 24 hours.",Banking Phishing,1,0.8,HIGH
Your monthly bank statement for account ending in 5468 is now ready to view in the official mobile banking app.,Legitimate Banking,0,0.34,LOW
Zoom meeting invitation: Weekly Engineering Sync on Thursday at 3:00 PM EST. Join with meeting ID 3822.,Legitimate Work,0,0.32,LOW
"Reminder: Your dentist appointment with Dr. Smith is scheduled for tomorrow at 2:30 PM. Reply 1 to confirm, 2 to reschedule.",Legitimate Service,0,0.227,LOW
Thanks for reaching out to customer support. Your ticket #82924 has been resolved. Please rate our service.,Legitimate Support,0,0.062,LOW
Thanks for reaching out to customer support. Your ticket #73661 has been resolved. Please rate our service.,Legitimate Support,0,0.22,LOW
Payment received: You paid $42.50 at Trader Joe's using Apple Pay on Aug 25.,Legitimate Transaction,0,0.309,LOW
Your order #ORD-649105 has been shipped via FedEx. Expected delivery is Friday by 5:00 PM. Track at official app.,Legitimate E-commerce,0,0.124,LOW
Google Calendar: Standup meeting starts in 10 minutes (10:00 AM - 10:15 AM).,Legitimate Calendar,0,0.219,LOW
GitHub: A new security advisory was published for your repository. Check security tab for details.,Legitimate Notification,0,0.123,LOW
Part-time Online Job Offer: Earn $300-$800 daily by rating hotels/apps on your phone for 1 hour. No experience required. WhatsApp: +1-985-335-3574,Fake Job Offer,1,0.756,HIGH
Your monthly bank statement for account ending in 4300 is now ready to view in the official mobile banking app.,Legitimate Banking,0,0.09,LOW
"Dear Customer, Your debit card ending in 3547 is locked. Click https://bank-security-center.ru to update KYC within 24 hours.",Banking Phishing,1,0.831,CRITICAL
Your monthly bank statement for account ending in 1897 is now ready to view in the official mobile banking app.,Legitimate Banking,0,0.127,LOW
Thanks for reaching out to customer support. Your ticket #23886 has been resolved. Please rate our service.,Legitimate Support,0,0.258,LOW
Here is the updated recipe for the chocolate cake we discussed last weekend. Let me know if you need vanilla extract.,Legitimate Personal,0,0.198,LOW
Your monthly bank statement for account ending in 3410 is now ready to view in the official mobile banking app.,Legitimate Banking,0,0.088,LOW
Here is the updated recipe for the chocolate cake we discussed last weekend. Let me know if you need vanilla extract.,Legitimate Personal,0,0.102,LOW
Your order #ORD-196973 has been shipped via FedEx. Expected delivery is Friday by 5:00 PM. Track at official app.,Legitimate E-commerce,0,0.203,LOW
"Hi team, please find the quarterly performance slide deck attached for tomorrow's review meeting.",Legitimate Business,0,0.271,LOW
Netflix Member Alert: We could not process your latest payment. Update billing details at http://claim-crypto-giveaway.net to avoid service cancellation.,Subscription Phishing,1,0.757,HIGH
This is the Chief Financial Officer. I am in an urgent meeting and need you to purchase 5x $100 Apple Gift Cards and email the codes.,Executive Impersonation,1,0.841,HIGH
Immediate hiring for Amazon Product Reviewer. Daily payout $500. Message Telegram @CryptoProf_958 for instant onboarding.,Fake Job Offer,1,0.768,HIGH
Google Calendar: Standup meeting starts in 10 minutes (10:00 AM - 10:15 AM).,Legitimate Calendar,0,0.144,LOW
"Hey, are we still meeting for lunch at the cafeteria around 1:00 PM today?",Legitimate Personal,0,0.081,LOW
Payment received: You paid $42.50 at Trader Joe's using Apple Pay on Aug 25.,Legitimate Transaction,0,0.248,LOW
"WINNER! You have won the United Kingdom Mega Millions International Draw of $13,000,000! Call +1-552-769-6669 immediately with code WIN2225 to claim.",Lottery / Prize Fraud,1,0.898,HIGH
"Walmart Reward: You have a pending voucher worth $1,000. Complete this short survey at http://secure-verify-auth2.xyz before expiration.",Lottery / Prize Fraud,1,0.976,CRITICAL
Amazon Notification: Your mobile number was selected for an iPhone 15 Pro giveaway. Claim within 10 minutes at http://claim-crypto-giveaway.net.,Lottery / Prize Fraud,1,0.878,CRITICAL
Netflix Member Alert: We could not process your latest payment. Update billing details at https://bank-security-center.ru to avoid service cancellation.,Subscription Phishing,1,0.921,HIGH
"ALERT: An unauthorized transaction of $3265 was attempted on your account. If this was not you, cancel it now at http://kyc-urgent-support.info.",Banking Phishing,1,0.754,CRITICAL
"Reminder: Your dentist appointment with Dr. Smith is scheduled for tomorrow at 2:30 PM. Reply 1 to confirm, 2 to reschedule.",Legitimate Service,0,0.059,LOW
Part-time Online Job Offer: Earn $300-$800 daily by rating hotels/apps on your phone for 1 hour. No experience required. WhatsApp: +1-850-743-8825,Fake Job Offer,1,0.872,HIGH
"ALERT: An unauthorized transaction of $7619 was attempted on your account. If this was not you, cancel it now at https://bank-security-center.ru.",Banking Phishing,1,0.899,HIGH
Package Delivery Failed: USPS tracking #US52170181P is held at terminal due to unpaid duty fees of $2.30. Pay at http://secure-verify-auth2.xyz.,Delivery Phishing,1,0.808,HIGH
"Reminder: Your dentist appointment with Dr. Smith is scheduled for tomorrow at 2:30 PM. Reply 1 to confirm, 2 to reschedule.",Legitimate Service,0,0.174,LOW
"Hi team, please find the quarterly performance slide deck attached for tomorrow's review meeting.",Legitimate Business,0,0.282,LOW
Amazon Notification: Your mobile number was selected for an iPhone 15 Pro giveaway. Claim within 10 minutes at https://bank-security-center.ru.,Lottery / Prize Fraud,1,0.984,CRITICAL
URGENT: Your Bank of America account has been suspended due to suspicious activity. Verify immediately at http://usps-delivery-portal.cc to avoid permanent deactivation.,Banking Phishing,1,0.752,CRITICAL
Your verification code for Microsoft is 502107. This code will expire in 10 minutes. Do not share it with anyone.,Legitimate OTP,0,0.144,LOW
"Hey, are we still meeting for lunch at the cafeteria around 1:00 PM today?",Legitimate Personal,0,0.238,LOW
GitHub: A new security advisory was published for your repository. Check security tab for details.,Legitimate Notification,0,0.105,LOW
Guaranteed 450% return in 48 hours! Join our automated crypto arbitrage pool today. Send 4.22 ETH to 0x22f8d09 and start earning.,Crypto Investment Scam,1,0.872,HIGH
HR Global Recruiter: You have been shortlisted for Remote Data Entry role paying $65/hr. Pay registration fee $49 at http://claim-crypto-giveaway.net to get started.,Fake Job Offer,1,0.917,HIGH
Payment received: You paid $42.50 at Trader Joe's using Apple Pay on Aug 25.,Legitimate Transaction,0,0.281,LOW
"Dear Customer, Your debit card ending in 7654 is locked. Click http://usps-delivery-portal.cc to update KYC within 24 hours.",Banking Phishing,1,0.853,CRITICAL
Zoom meeting invitation: Weekly Engineering Sync on Thursday at 3:00 PM EST. Join with meeting ID 9508.,Legitimate Work,0,0.069,LOW
"WINNER! You have won the Germany Mega Millions International Draw of $9,000,000! Call +1-444-544-7637 immediately with code WIN2421 to claim.",Lottery / Prize Fraud,1,0.927,HIGH
Thanks for reaching out to customer support. Your ticket #39380 has been resolved. Please rate our service.,Legitimate Support,0,0.309,LOW
Immediate hiring for Amazon Product Reviewer. Daily payout $500. Message Telegram @CryptoProf_917 for instant onboarding.,Fake Job Offer,1,0.887,CRITICAL
Thanks for reaching out to customer support. Your ticket #33837 has been resolved. Please rate our service.,Legitimate Support,0,0.225,LOW
Chase Security: Unusual login from Singapore. Confirm your identity now at https://bank-security-center.ru to prevent account freeze.,Banking Phishing,1,0.921,HIGH
Google Calendar: Standup meeting starts in 10 minutes (10:00 AM - 10:15 AM).,Legitimate Calendar,0,0.183,LOW
Zoom meeting invitation: Weekly Engineering Sync on Thursday at 3:00 PM EST. Join with meeting ID 2538.,Legitimate Work,0,0.132,LOW
Your verification code for Amazon is 944207. This code will expire in 10 minutes. Do not share it with anyone.,Legitimate OTP,0,0.244,LOW
"WINNER! You have won the United Kingdom Mega Millions International Draw of $9,000,000! Call +1-996-779-7824 immediately with code WIN8676 to claim.",Lottery / Prize Fraud,1,0.757,CRITICAL
"Invest $200 today and receive $3,500 daily guaranteed passive income! Contact our VIP forex manager on Telegram @CryptoProf_259.",Crypto Investment Scam,1,0.837,HIGH
"Dear Customer, Your debit card ending in 4179 is locked. Click http://secure-verify-auth2.xyz to update KYC within 24 hours.",Banking Phishing,1,0.984,CRITICAL
"Congratulations! You've been whitelisted for the Exclusive Bitcoin Airdrop. Claim your free $5,000 token grant at http://usps-delivery-portal.cc.",Crypto Investment Scam,1,0.975,HIGH
Google Calendar: Standup meeting starts in 10 minutes (10:00 AM - 10:15 AM).,Legitimate Calendar,0,0.067,LOW
URGENT: Your Chase account has been suspended due to suspicious activity. Verify immediately at http://secure-verify-auth2.xyz to avoid permanent deactivation.,Banking Phishing,1,0.935,CRITICAL
Package Delivery Failed: USPS tracking #US71233307P is held at terminal due to unpaid duty fees of $2.30. Pay at http://usps-delivery-portal.cc.,Delivery Phishing,1,0.766,HIGH
HR Global Recruiter: You have been shortlisted for Remote Data Entry role paying $65/hr. Pay registration fee $49 at http://claim-crypto-giveaway.net to get started.,Fake Job Offer,1,0.964,CRITICAL
GitHub: A new security advisory was published for your repository. Check security tab for details.,Legitimate Notification,0,0.272,LOW
This is the Chief Financial Officer. I am in an urgent meeting and need you to purchase 5x $100 Apple Gift Cards and email the codes.,Executive Impersonation,1,0.882,CRITICAL
Bank of America Security: Unusual login from Russia. Confirm your identity now at http://secure-verify-auth2.xyz to prevent account freeze.,Banking Phishing,1,0.82,CRITICAL
"Hey, are we still meeting for lunch at the cafeteria around 1:00 PM today?",Legitimate Personal,0,0.098,LOW
Your order #ORD-432025 has been shipped via FedEx. Expected delivery is Friday by 5:00 PM. Track at official app.,Legitimate E-commerce,0,0.253,LOW
"Walmart Reward: You have a pending voucher worth $1,000. Complete this short survey at http://secure-verify-auth2.xyz before expiration.",Lottery / Prize Fraud,1,0.963,HIGH
Zoom meeting invitation: Weekly Engineering Sync on Thursday at 3:00 PM EST. Join with meeting ID 1737.,Legitimate Work,0,0.344,LOW
Payment received: You paid $42.50 at Trader Joe's using Apple Pay on Aug 25.,Legitimate Transaction,0,0.251,LOW
Amazon Notification: Your mobile number was selected for an iPhone 15 Pro giveaway. Claim within 10 minutes at https://bank-security-center.ru.,Lottery / Prize Fraud,1,0.898,HIGH
Google Calendar: Standup meeting starts in 10 minutes (10:00 AM - 10:15 AM).,Legitimate Calendar,0,0.346,LOW
HR Global Recruiter: You have been shortlisted for Remote Data Entry role paying $65/hr. Pay registration fee $49 at http://secure-verify-auth2.xyz to get started.,Fake Job Offer,1,0.797,CRITICAL
Your monthly bank statement for account ending in 7983 is now ready to view in the official mobile banking app.,Legitimate Banking,0,0.13,LOW
Immediate hiring for Amazon Product Reviewer. Daily payout $500. Message Telegram @CryptoProf_619 for instant onboarding.,Fake Job Offer,1,0.894,CRITICAL
Zoom meeting invitation: Weekly Engineering Sync on Thursday at 3:00 PM EST. Join with meeting ID 6002.,Legitimate Work,0,0.273,LOW
Capital One Security: Unusual login from United States. Confirm your identity now at https://login-update-online-service.top to prevent account freeze.,Banking Phishing,1,0.792,CRITICAL
HR Global Recruiter: You have been shortlisted for Remote Data Entry role paying $65/hr. Pay registration fee $49 at https://login-update-online-service.top to get started.,Fake Job Offer,1,0.894,HIGH
Netflix Member Alert: We could not process your latest payment. Update billing details at http://kyc-urgent-support.info to avoid service cancellation.,Subscription Phishing,1,0.98,HIGH
Google Calendar: Standup meeting starts in 10 minutes (10:00 AM - 10:15 AM).,Legitimate Calendar,0,0.238,LOW
"Walmart Reward: You have a pending voucher worth $1,000. Complete this short survey at https://bank-security-center.ru before expiration.",Lottery / Prize Fraud,1,0.988,CRITICAL
Your verification code for Apple ID is 813255. This code will expire in 10 minutes. Do not share it with anyone.,Legitimate OTP,0,0.098,LOW
GitHub: A new security advisory was published for your repository. Check security tab for details.,Legitimate Notification,0,0.108,LOW
Thanks for reaching out to customer support. Your ticket #93899 has been resolved. Please rate our service.,Legitimate Support,0,0.321,LOW
"Hi team, please find the quarterly performance slide deck attached for tomorrow's review meeting.",Legitimate Business,0,0.341,LOW
URGENT: Your State Bank account has been suspended due to suspicious activity. Verify immediately at http://claim-crypto-giveaway.net to avoid permanent deactivation.,Banking Phishing,1,0.842,HIGH
GitHub: A new security advisory was published for your repository. Check security tab for details.,Legitimate Notification,0,0.139,LOW
Part-time Online Job Offer: Earn $300-$800 daily by rating hotels/apps on your phone for 1 hour. No experience required. WhatsApp: +1-935-168-4352,Fake Job Offer,1,0.866,CRITICAL
Zoom meeting invitation: Weekly Engineering Sync on Thursday at 3:00 PM EST. Join with meeting ID 6500.,Legitimate Work,0,0.341,LOW
"Walmart Reward: You have a pending voucher worth $1,000. Complete this short survey at http://usps-delivery-portal.cc before expiration.",Lottery / Prize Fraud,1,0.984,HIGH
Your verification code for Microsoft is 551107. This code will expire in 10 minutes. Do not share it with anyone.,Legitimate OTP,0,0.285,LOW
"Reminder: Your dentist appointment with Dr. Smith is scheduled for tomorrow at 2:30 PM. Reply 1 to confirm, 2 to reschedule.",Legitimate Service,0,0.306,LOW
Payment received: You paid $42.50 at Trader Joe's using Apple Pay on Aug 25.,Legitimate Transaction,0,0.179,LOW
"Invest $200 today and receive $3,500 daily guaranteed passive income! Contact our VIP forex manager on Telegram @CryptoProf_201.",Crypto Investment Scam,1,0.83,CRITICAL
Your order #ORD-486995 has been shipped via FedEx. Expected delivery is Friday by 5:00 PM. Track at official app.,Legitimate E-commerce,0,0.166,LOW
Payment received: You paid $42.50 at Trader Joe's using Apple Pay on Aug 25.,Legitimate Transaction,0,0.064,LOW
Package Delivery Failed: USPS tracking #US20343038P is held at terminal due to unpaid duty fees of $2.30. Pay at https://login-update-online-service.top.,Delivery Phishing,1,0.955,HIGH
Google Calendar: Standup meeting starts in 10 minutes (10:00 AM - 10:15 AM).,Legitimate Calendar,0,0.303,LOW
Capital One Security: Unusual login from Germany. Confirm your identity now at http://claim-crypto-giveaway.net to prevent account freeze.,Banking Phishing,1,0.879,CRITICAL
Your verification code for Instagram is 847197. This code will expire in 10 minutes. Do not share it with anyone.,Legitimate OTP,0,0.056,LOW
Your order #ORD-930741 has been shipped via FedEx. Expected delivery is Friday by 5:00 PM. Track at official app.,Legitimate E-commerce,0,0.126,LOW
Your verification code for Amazon is 742285. This code will expire in 10 minutes. Do not share it with anyone.,Legitimate OTP,0,0.084,LOW
Your order #ORD-868873 has been shipped via FedEx. Expected delivery is Friday by 5:00 PM. Track at official app.,Legitimate E-commerce,0,0.342,LOW
"Dear Customer, Your debit card ending in 9173 is locked. Click http://kyc-urgent-support.info to update KYC within 24 hours.",Banking Phishing,1,0.904,CRITICAL
Thanks for reaching out to customer support. Your ticket #29328 has been resolved. Please rate our service.,Legitimate Support,0,0.188,LOW
Immediate hiring for Amazon Product Reviewer. Daily payout $500. Message Telegram @CryptoProf_610 for instant onboarding.,Fake Job Offer,1,0.898,HIGH
URGENT: Your Barclays account has been suspended due to suspicious activity. Verify immediately at http://kyc-urgent-support.info to avoid permanent deactivation.,Banking Phishing,1,0.867,CRITICAL
Part-time Online Job Offer: Earn $300-$800 daily by rating hotels/apps on your phone for 1 hour. No experience required. WhatsApp: +1-353-689-3045,Fake Job Offer,1,0.936,CRITICAL
"Invest $200 today and receive $3,500 daily guaranteed passive income! Contact our VIP forex manager on Telegram @CryptoProf_115.",Crypto Investment Scam,1,0.937,HIGH
Google Calendar: Standup meeting starts in 10 minutes (10:00 AM - 10:15 AM).,Legitimate Calendar,0,0.1,LOW
Here is the updated recipe for the chocolate cake we discussed last weekend. Let me know if you need vanilla extract.,Legitimate Personal,0,0.056,LOW
URGENT: Your HSBC account has been suspended due to suspicious activity. Verify immediately at https://bank-security-center.ru to avoid permanent deactivation.,Banking Phishing,1,0.89,CRITICAL
"Hi team, please find the quarterly performance slide deck attached for tomorrow's review meeting.",Legitimate Business,0,0.248,LOW
"WINNER! You have won the United States Mega Millions International Draw of $13,000,000! Call +1-891-114-7988 immediately with code WIN6836 to claim.",Lottery / Prize Fraud,1,0.868,CRITICAL
Guaranteed 450% return in 48 hours! Join our automated crypto arbitrage pool today. Send 4.91 ETH to 0x16aa3af and start earning.,Crypto Investment Scam,1,0.96,HIGH
"ALERT: An unauthorized transaction of $5299 was attempted on your account. If this was not you, cancel it now at http://usps-delivery-portal.cc.",Banking Phishing,1,0.874,CRITICAL
HR Global Recruiter: You have been shortlisted for Remote Data Entry role paying $65/hr. Pay registration fee $49 at http://usps-delivery-portal.cc to get started.,Fake Job Offer,1,0.979,HIGH
HR Global Recruiter: You have been shortlisted for Remote Data Entry role paying $65/hr. Pay registration fee $49 at http://kyc-urgent-support.info to get started.,Fake Job Offer,1,0.779,HIGH
"Hey, are we still meeting for lunch at the cafeteria around 1:00 PM today?",Legitimate Personal,0,0.141,LOW
"Hey, are we still meeting for lunch at the cafeteria around 1:00 PM today?",Legitimate Personal,0,0.234,LOW
Zoom meeting invitation: Weekly Engineering Sync on Thursday at 3:00 PM EST. Join with meeting ID 4823.,Legitimate Work,0,0.208,LOW
GitHub: A new security advisory was published for your repository. Check security tab for details.,Legitimate Notification,0,0.053,LOW
Your verification code for PayPal is 167001. This code will expire in 10 minutes. Do not share it with anyone.,Legitimate OTP,0,0.283,LOW
Guaranteed 450% return in 48 hours! Join our automated crypto arbitrage pool today. Send 2.1 ETH to 0x3d03097 and start earning.,Crypto Investment Scam,1,0.788,HIGH
Your order #ORD-564761 has been shipped via FedEx. Expected delivery is Friday by 5:00 PM. Track at official app.,Legitimate E-commerce,0,0.168,LOW
Your monthly bank statement for account ending in 9109 is now ready to view in the official mobile banking app.,Legitimate Banking,0,0.126,LOW
Your verification code for Google is 926238. This code will expire in 10 minutes. Do not share it with anyone.,Legitimate OTP,0,0.315,LOW
"Hi team, please find the quarterly performance slide deck attached for tomorrow's review meeting.",Legitimate Business,0,0.331,LOW
Netflix Member Alert: We could not process your latest payment. Update billing details at https://login-update-online-service.top to avoid service cancellation.,Subscription Phishing,1,0.899,CRITICAL
URGENT: Your Barclays account has been suspended due to suspicious activity. Verify immediately at http://kyc-urgent-support.info to avoid permanent deactivation.,Banking Phishing,1,0.891,HIGH
Zoom meeting invitation: Weekly Engineering Sync on Thursday at 3:00 PM EST. Join with meeting ID 7255.,Legitimate Work,0,0.251,LOW
HR Global Recruiter: You have been shortlisted for Remote Data Entry role paying $65/hr. Pay registration fee $49 at http://secure-verify-auth2.xyz to get started.,Fake Job Offer,1,0.961,CRITICAL
"Congratulations! You've been whitelisted for the Exclusive Ethereum Airdrop. Claim your free $5,000 token grant at http://secure-verify-auth2.xyz.",Crypto Investment Scam,1,0.769,HIGH
Tesla & Elon Musk 100M Crypto Giveaway! Send 0.1 BTC to receive 0.5 BTC back immediately: https://bank-security-center.ru,Crypto Investment Scam,1,0.933,HIGH
"Hey, are we still meeting for lunch at the cafeteria around 1:00 PM today?",Legitimate Personal,0,0.221,LOW
This is the Chief Financial Officer. I am in an urgent meeting and need you to purchase 5x $100 Apple Gift Cards and email the codes.,Executive Impersonation,1,0.984,HIGH
Thanks for reaching out to customer support. Your ticket #96606 has been resolved. Please rate our service.,Legitimate Support,0,0.167,LOW
Payment received: You paid $42.50 at Trader Joe's using Apple Pay on Aug 25.,Legitimate Transaction,0,0.31,LOW
Your order #ORD-394257 has been shipped via FedEx. Expected delivery is Friday by 5:00 PM. Track at official app.,Legitimate E-commerce,0,0.179,LOW
Thanks for reaching out to customer support. Your ticket #49910 has been resolved. Please rate our service.,Legitimate Support,0,0.128,LOW
Here is the updated recipe for the chocolate cake we discussed last weekend. Let me know if you need vanilla extract.,Legitimate Personal,0,0.281,LOW
"WINNER! You have won the Germany Mega Millions International Draw of $1,000,000! Call +1-279-143-6305 immediately with code WIN8548 to claim.",Lottery / Prize Fraud,1,0.843,HIGH
Tesla & Elon Musk 100M Crypto Giveaway! Send 0.1 BTC to receive 0.5 BTC back immediately: http://secure-verify-auth2.xyz,Crypto Investment Scam,1,0.861,CRITICAL
"Reminder: Your dentist appointment with Dr. Smith is scheduled for tomorrow at 2:30 PM. Reply 1 to confirm, 2 to reschedule.",Legitimate Service,0,0.335,LOW
Here is the updated recipe for the chocolate cake we discussed last weekend. Let me know if you need vanilla extract.,Legitimate Personal,0,0.174,LOW
"Dear Customer, Your debit card ending in 8527 is locked. Click http://claim-crypto-giveaway.net to update KYC within 24 hours.",Banking Phishing,1,0.75,HIGH
Part-time Online Job Offer: Earn $300-$800 daily by rating hotels/apps on your phone for 1 hour. No experience required. WhatsApp: +1-523-962-2684,Fake Job Offer,1,0.85,HIGH
Payment received: You paid $42.50 at Trader Joe's using Apple Pay on Aug 25.,Legitimate Transaction,0,0.11,LOW
"WINNER! You have won the United Kingdom Mega Millions International Draw of $10,000,000! Call +1-694-648-3548 immediately with code WIN3290 to claim.",Lottery / Prize Fraud,1,0.9,CRITICAL
Tesla & Elon Musk 100M Crypto Giveaway! Send 0.1 BTC to receive 0.5 BTC back immediately: http://secure-verify-auth2.xyz,Crypto Investment Scam,1,0.846,CRITICAL
Google Calendar: Standup meeting starts in 10 minutes (10:00 AM - 10:15 AM).,Legitimate Calendar,0,0.267,LOW
Immediate hiring for Amazon Product Reviewer. Daily payout $500. Message Telegram @CryptoProf_185 for instant onboarding.,Fake Job Offer,1,0.942,CRITICAL
Google Calendar: Standup meeting starts in 10 minutes (10:00 AM - 10:15 AM).,Legitimate Calendar,0,0.13,LOW
"WINNER! You have won the Russia Mega Millions International Draw of $10,000,000! Call +1-928-963-8848 immediately with code WIN4464 to claim.",Lottery / Prize Fraud,1,0.893,HIGH
"ALERT: An unauthorized transaction of $836 was attempted on your account. If this was not you, cancel it now at http://usps-delivery-portal.cc.",Banking Phishing,1,0.942,CRITICAL
Immediate hiring for Amazon Product Reviewer. Daily payout $500. Message Telegram @CryptoProf_410 for instant onboarding.,Fake Job Offer,1,0.851,HIGH
"Dear Customer, Your debit card ending in 6206 is locked. Click http://secure-verify-auth2.xyz to update KYC within 24 hours.",Banking Phishing,1,0.795,CRITICAL
GitHub: A new security advisory was published for your repository. Check security tab for details.,Legitimate Notification,0,0.251,LOW
"Dear Customer, Your debit card ending in 1336 is locked. Click http://kyc-urgent-support.info to update KYC within 24 hours.",Banking Phishing,1,0.753,CRITICAL
Thanks for reaching out to customer support. Your ticket #80956 has been resolved. Please rate our service.,Legitimate Support,0,0.153,LOW
"Hi team, please find the quarterly performance slide deck attached for tomorrow's review meeting.",Legitimate Business,0,0.193,LOW
"Hi team, please find the quarterly performance slide deck attached for tomorrow's review meeting.",Legitimate Business,0,0.295,LOW
"Hi team, please find the quarterly performance slide deck attached for tomorrow's review meeting.",Legitimate Business,0,0.106,LOW
Your order #ORD-767527 has been shipped via FedEx. Expected delivery is Friday by 5:00 PM. Track at official app.,Legitimate E-commerce,0,0.129,LOW
"WINNER! You have won the Nigeria Mega Millions International Draw of $9,000,000! Call +1-521-566-4068 immediately with code WIN1543 to claim.",Lottery / Prize Fraud,1,0.776,HIGH
Your verification code for Uber is 182881. This code will expire in 10 minutes. Do not share it with anyone.,Legitimate OTP,0,0.324,LOW
"Walmart Reward: You have a pending voucher worth $1,000. Complete this short survey at https://login-update-online-service.top before expiration.",Lottery / Prize Fraud,1,0.849,HIGH
Your monthly bank statement for account ending in 3289 is now ready to view in the official mobile banking app.,Legitimate Banking,0,0.292,LOW
Payment received: You paid $42.50 at Trader Joe's using Apple Pay on Aug 25.,Legitimate Transaction,0,0.269,LOW
Google Calendar: Standup meeting starts in 10 minutes (10:00 AM - 10:15 AM).,Legitimate Calendar,0,0.216,LOW
"ALERT: An unauthorized transaction of $3467 was attempted on your account. If this was not you, cancel it now at http://usps-delivery-portal.cc.",Banking Phishing,1,0.828,CRITICAL
Thanks for reaching out to customer support. Your ticket #42388 has been resolved. Please rate our service.,Legitimate Support,0,0.27,LOW
Your verification code for Google is 775439. This code will expire in 10 minutes. Do not share it with anyone.,Legitimate OTP,0,0.205,LOW
This is the Chief Financial Officer. I am in an urgent meeting and need you to purchase 5x $100 Apple Gift Cards and email the codes.,Executive Impersonation,1,0.949,CRITICAL
Barclays Security: Unusual login from United Kingdom. Confirm your identity now at http://usps-delivery-portal.cc to prevent account freeze.,Banking Phishing,1,0.763,CRITICAL
Your verification code for Apple ID is 426263. This code will expire in 10 minutes. Do not share it with anyone.,Legitimate OTP,0,0.231,LOW
"Hi team, please find the quarterly performance slide deck attached for tomorrow's review meeting.",Legitimate Business,0,0.115,LOW
Thanks for reaching out to customer support. Your ticket #30855 has been resolved. Please rate our service.,Legitimate Support,0,0.095,LOW
Tesla & Elon Musk 100M Crypto Giveaway! Send 0.1 BTC to receive 0.5 BTC back immediately: http://kyc-urgent-support.info,Crypto Investment Scam,1,0.867,CRITICAL
Google Calendar: Standup meeting starts in 10 minutes (10:00 AM - 10:15 AM).,Legitimate Calendar,0,0.135,LOW
"Dear Customer, Your debit card ending in 4967 is locked. Click https://login-update-online-service.top to update KYC within 24 hours.",Banking Phishing,1,0.751,HIGH
HDFC Security: Unusual login from Singapore. Confirm your identity now at http://kyc-urgent-support.info to prevent account freeze.,Banking Phishing,1,0.929,HIGH
"Hey, are we still meeting for lunch at the cafeteria around 1:00 PM today?",Legitimate Personal,0,0.117,LOW
Guaranteed 450% return in 48 hours! Join our automated crypto arbitrage pool today. Send 4.13 ETH to 0x4a6cc12 and start earning.,Crypto Investment Scam,1,0.849,CRITICAL
"Hi team, please find the quarterly performance slide deck attached for tomorrow's review meeting.",Legitimate Business,0,0.13,LOW
Zoom meeting invitation: Weekly Engineering Sync on Thursday at 3:00 PM EST. Join with meeting ID 6309.,Legitimate Work,0,0.181,LOW
GitHub: A new security advisory was published for your repository. Check security tab for details.,Legitimate Notification,0,0.288,LOW
Your verification code for Amazon is 613135. This code will expire in 10 minutes. Do not share it with anyone.,Legitimate OTP,0,0.322,LOW
Payment received: You paid $42.50 at Trader Joe's using Apple Pay on Aug 25.,Legitimate Transaction,0,0.145,LOW
Zoom meeting invitation: Weekly Engineering Sync on Thursday at 3:00 PM EST. Join with meeting ID 9039.,Legitimate Work,0,0.284,LOW
This is the Chief Financial Officer. I am in an urgent meeting and need you to purchase 5x $100 Apple Gift Cards and email the codes.,Executive Impersonation,1,0.856,CRITICAL
"Invest $200 today and receive $3,500 daily guaranteed passive income! Contact our VIP forex manager on Telegram @CryptoProf_108.",Crypto Investment Scam,1,0.891,CRITICAL
GitHub: A new security advisory was published for your repository. Check security tab for details.,Legitimate Notification,0,0.243,LOW
"Hey, are we still meeting for lunch at the cafeteria around 1:00 PM today?",Legitimate Personal,0,0.246,LOW
"Hey, are we still meeting for lunch at the cafeteria around 1:00 PM today?",Legitimate Personal,0,0.085,LOW
Here is the updated recipe for the chocolate cake we discussed last weekend. Let me know if you need vanilla extract.,Legitimate Personal,0,0.186,LOW
"Congratulations! You've been whitelisted for the Exclusive Ripple Airdrop. Claim your free $5,000 token grant at http://secure-verify-auth2.xyz.",Crypto Investment Scam,1,0.753,HIGH
Your monthly bank statement for account ending in 1455 is now ready to view in the official mobile banking app.,Legitimate Banking,0,0.056,LOW
HR Global Recruiter: You have been shortlisted for Remote Data Entry role paying $65/hr. Pay registration fee $49 at http://secure-verify-auth2.xyz to get started.,Fake Job Offer,1,0.966,CRITICAL
"Congratulations! You've been whitelisted for the Exclusive Solana Airdrop. Claim your free $5,000 token grant at http://kyc-urgent-support.info.",Crypto Investment Scam,1,0.765,HIGH
Thanks for reaching out to customer support. Your ticket #12683 has been resolved. Please rate our service.,Legitimate Support,0,0.082,LOW
Netflix Member Alert: We could not process your latest payment. Update billing details at http://kyc-urgent-support.info to avoid service cancellation.,Subscription Phishing,1,0.751,CRITICAL
Your monthly bank statement for account ending in 2706 is now ready to view in the official mobile banking app.,Legitimate Banking,0,0.291,LOW
Your verification code for Amazon is 127266. This code will expire in 10 minutes. Do not share it with anyone.,Legitimate OTP,0,0.163,LOW
Immediate hiring for Amazon Product Reviewer. Daily payout $500. Message Telegram @CryptoProf_530 for instant onboarding.,Fake Job Offer,1,0.904,HIGH
Immediate hiring for Amazon Product Reviewer. Daily payout $500. Message Telegram @CryptoProf_321 for instant onboarding.,Fake Job Offer,1,0.762,CRITICAL
Your monthly bank statement for account ending in 1095 is now ready to view in the official mobile banking app.,Legitimate Banking,0,0.227,LOW
Chase Security: Unusual login from United States. Confirm your identity now at http://secure-verify-auth2.xyz to prevent account freeze.,Banking Phishing,1,0.835,HIGH
"WINNER! You have won the Singapore Mega Millions International Draw of $13,000,000! Call +1-647-428-9064 immediately with code WIN4176 to claim.",Lottery / Prize Fraud,1,0.792,CRITICAL
Google Calendar: Standup meeting starts in 10 minutes (10:00 AM - 10:15 AM).,Legitimate Calendar,0,0.333,LOW
"Hey, are we still meeting for lunch at the cafeteria around 1:00 PM today?",Legitimate Personal,0,0.209,LOW
Your order #ORD-321548 has been shipped via FedEx. Expected delivery is Friday by 5:00 PM. Track at official app.,Legitimate E-commerce,0,0.167,LOW
IRS / Tax Notice: A federal warrant is issued for tax evasion. Call +1-998-932-7889 immediately or law enforcement will be dispatched.,Impersonation / Extortion,1,0.902,CRITICAL
Zoom meeting invitation: Weekly Engineering Sync on Thursday at 3:00 PM EST. Join with meeting ID 3802.,Legitimate Work,0,0.181,LOW
"ALERT: An unauthorized transaction of $3229 was attempted on your account. If this was not you, cancel it now at https://login-update-online-service.top.",Banking Phishing,1,0.878,HIGH
Google Calendar: Standup meeting starts in 10 minutes (10:00 AM - 10:15 AM).,Legitimate Calendar,0,0.165,LOW
"Invest $200 today and receive $3,500 daily guaranteed passive income! Contact our VIP forex manager on Telegram @CryptoProf_976.",Crypto Investment Scam,1,0.914,HIGH
"Dear Customer, Your debit card ending in 6653 is locked. Click http://kyc-urgent-support.info to update KYC within 24 hours.",Banking Phishing,1,0.815,CRITICAL
"Reminder: Your dentist appointment with Dr. Smith is scheduled for tomorrow at 2:30 PM. Reply 1 to confirm, 2 to reschedule.",Legitimate Service,0,0.053,LOW
"Reminder: Your dentist appointment with Dr. Smith is scheduled for tomorrow at 2:30 PM. Reply 1 to confirm, 2 to reschedule.",Legitimate Service,0,0.212,LOW
Your monthly bank statement for account ending in 9933 is now ready to view in the official mobile banking app.,Legitimate Banking,0,0.108,LOW
Payment received: You paid $42.50 at Trader Joe's using Apple Pay on Aug 25.,Legitimate Transaction,0,0.212,LOW
Thanks for reaching out to customer support. Your ticket #72395 has been resolved. Please rate our service.,Legitimate Support,0,0.313,LOW
This is the Chief Financial Officer. I am in an urgent meeting and need you to purchase 5x $100 Apple Gift Cards and email the codes.,Executive Impersonation,1,0.938,HIGH
Here is the updated recipe for the chocolate cake we discussed last weekend. Let me know if you need vanilla extract.,Legitimate Personal,0,0.329,LOW
URGENT: Your Barclays account has been suspended due to suspicious activity. Verify immediately at https://login-update-online-service.top to avoid permanent deactivation.,Banking Phishing,1,0.935,HIGH
"Hey, are we still meeting for lunch at the cafeteria around 1:00 PM today?",Legitimate Personal,0,0.246,LOW
Package Delivery Failed: USPS tracking #US50685316P is held at terminal due to unpaid duty fees of $2.30. Pay at https://bank-security-center.ru.,Delivery Phishing,1,0.984,CRITICAL
Google Calendar: Standup meeting starts in 10 minutes (10:00 AM - 10:15 AM).,Legitimate Calendar,0,0.139,LOW
"Reminder: Your dentist appointment with Dr. Smith is scheduled for tomorrow at 2:30 PM. Reply 1 to confirm, 2 to reschedule.",Legitimate Service,0,0.305,LOW
Thanks for reaching out to customer support. Your ticket #96398 has been resolved. Please rate our service.,Legitimate Support,0,0.18,LOW
"Dear Customer, Your debit card ending in 4247 is locked. Click http://secure-verify-auth2.xyz to update KYC within 24 hours.",Banking Phishing,1,0.986,HIGH
Chase Security: Unusual login from Nigeria. Confirm your identity now at http://secure-verify-auth2.xyz to prevent account freeze.,Banking Phishing,1,0.765,CRITICAL
Package Delivery Failed: USPS tracking #US51630047P is held at terminal due to unpaid duty fees of $2.30. Pay at http://kyc-urgent-support.info.,Delivery Phishing,1,0.947,CRITICAL
Thanks for reaching out to customer support. Your ticket #81503 has been resolved. Please rate our service.,Legitimate Support,0,0.072,LOW
"Hi team, please find the quarterly performance slide deck attached for tomorrow's review meeting.",Legitimate Business,0,0.167,LOW
Thanks for reaching out to customer support. Your ticket #61975 has been resolved. Please rate our service.,Legitimate Support,0,0.136,LOW
Here is the updated recipe for the chocolate cake we discussed last weekend. Let me know if you need vanilla extract.,Legitimate Personal,0,0.146,LOW
"Walmart Reward: You have a pending voucher worth $1,000. Complete this short survey at https://login-update-online-service.top before expiration.",Lottery / Prize Fraud,1,0.777,HIGH
Your order #ORD-178703 has been shipped via FedEx. Expected delivery is Friday by 5:00 PM. Track at official app.,Legitimate E-commerce,0,0.151,LOW
Immediate hiring for Amazon Product Reviewer. Daily payout $500. Message Telegram @CryptoProf_625 for instant onboarding.,Fake Job Offer,1,0.866,CRITICAL
Part-time Online Job Offer: Earn $300-$800 daily by rating hotels/apps on your phone for 1 hour. No experience required. WhatsApp: +1-705-763-4812,Fake Job Offer,1,0.848,CRITICAL
This is the Chief Financial Officer. I am in an urgent meeting and need you to purchase 5x $100 Apple Gift Cards and email the codes.,Executive Impersonation,1,0.898,CRITICAL
Thanks for reaching out to customer support. Your ticket #93921 has been resolved. Please rate our service.,Legitimate Support,0,0.27,LOW
Amazon Notification: Your mobile number was selected for an iPhone 15 Pro giveaway. Claim within 10 minutes at http://secure-verify-auth2.xyz.,Lottery / Prize Fraud,1,0.878,HIGH
"ALERT: An unauthorized transaction of $1875 was attempted on your account. If this was not you, cancel it now at http://claim-crypto-giveaway.net.",Banking Phishing,1,0.78,HIGH
Your order #ORD-107995 has been shipped via FedEx. Expected delivery is Friday by 5:00 PM. Track at official app.,Legitimate E-commerce,0,0.167,LOW
"Congratulations! You've been whitelisted for the Exclusive Ethereum Airdrop. Claim your free $5,000 token grant at http://claim-crypto-giveaway.net.",Crypto Investment Scam,1,0.863,CRITICAL
Thanks for reaching out to customer support. Your ticket #32100 has been resolved. Please rate our service.,Legitimate Support,0,0.237,LOW
Google Calendar: Standup meeting starts in 10 minutes (10:00 AM - 10:15 AM).,Legitimate Calendar,0,0.327,LOW
Immediate hiring for Amazon Product Reviewer. Daily payout $500. Message Telegram @CryptoProf_193 for instant onboarding.,Fake Job Offer,1,0.86,HIGH
"Dear Customer, Your debit card ending in 1063 is locked. Click http://usps-delivery-portal.cc to update KYC within 24 hours.",Banking Phishing,1,0.939,HIGH
"Congratulations! You've been whitelisted for the Exclusive Bitcoin Airdrop. Claim your free $5,000 token grant at http://kyc-urgent-support.info.",Crypto Investment Scam,1,0.983,HIGH
Netflix Member Alert: We could not process your latest payment. Update billing details at http://kyc-urgent-support.info to avoid service cancellation.,Subscription Phishing,1,0.856,HIGH
Guaranteed 450% return in 48 hours! Join our automated crypto arbitrage pool today. Send 0.69 ETH to 0x210aaa9 and start earning.,Crypto Investment Scam,1,0.984,HIGH
Tesla & Elon Musk 100M Crypto Giveaway! Send 0.1 BTC to receive 0.5 BTC back immediately: http://claim-crypto-giveaway.net,Crypto Investment Scam,1,0.971,CRITICAL
"WINNER! You have won the United Kingdom Mega Millions International Draw of $4,000,000! Call +1-751-266-9705 immediately with code WIN9006 to claim.",Lottery / Prize Fraud,1,0.89,HIGH
Zoom meeting invitation: Weekly Engineering Sync on Thursday at 3:00 PM EST. Join with meeting ID 7132.,Legitimate Work,0,0.256,LOW
Thanks for reaching out to customer support. Your ticket #58005 has been resolved. Please rate our service.,Legitimate Support,0,0.087,LOW
Amazon Notification: Your mobile number was selected for an iPhone 15 Pro giveaway. Claim within 10 minutes at http://kyc-urgent-support.info.,Lottery / Prize Fraud,1,0.847,HIGH
Your verification code for Microsoft is 734719. This code will expire in 10 minutes. Do not share it with anyone.,Legitimate OTP,0,0.101,LOW
Netflix Member Alert: We could not process your latest payment. Update billing details at https://login-update-online-service.top to avoid service cancellation.,Subscription Phishing,1,0.966,HIGH
"Congratulations! You've been whitelisted for the Exclusive Bitcoin Airdrop. Claim your free $5,000 token grant at https://bank-security-center.ru.",Crypto Investment Scam,1,0.97,HIGH
Zoom meeting invitation: Weekly Engineering Sync on Thursday at 3:00 PM EST. Join with meeting ID 3598.,Legitimate Work,0,0.322,LOW
URGENT: Your Capital One account has been suspended due to suspicious activity. Verify immediately at http://kyc-urgent-support.info to avoid permanent deactivation.,Banking Phishing,1,0.807,CRITICAL
Here is the updated recipe for the chocolate cake we discussed last weekend. Let me know if you need vanilla extract.,Legitimate Personal,0,0.156,LOW
"Dear Customer, Your debit card ending in 1511 is locked. Click https://login-update-online-service.top to update KYC within 24 hours.",Banking Phishing,1,0.937,HIGH
Payment received: You paid $42.50 at Trader Joe's using Apple Pay on Aug 25.,Legitimate Transaction,0,0.267,LOW
Payment received: You paid $42.50 at Trader Joe's using Apple Pay on Aug 25.,Legitimate Transaction,0,0.229,LOW
"Invest $200 today and receive $3,500 daily guaranteed passive income! Contact our VIP forex manager on Telegram @CryptoProf_702.",Crypto Investment Scam,1,0.847,CRITICAL
GitHub: A new security advisory was published for your repository. Check security tab for details.,Legitimate Notification,0,0.299,LOW
Here is the updated recipe for the chocolate cake we discussed last weekend. Let me know if you need vanilla extract.,Legitimate Personal,0,0.317,LOW
HR Global Recruiter: You have been shortlisted for Remote Data Entry role paying $65/hr. Pay registration fee $49 at https://bank-security-center.ru to get started.,Fake Job Offer,1,0.795,CRITICAL
State Bank Security: Unusual login from Nigeria. Confirm your identity now at https://login-update-online-service.top to prevent account freeze.,Banking Phishing,1,0.836,HIGH
"Hi team, please find the quarterly performance slide deck attached for tomorrow's review meeting.",Legitimate Business,0,0.149,LOW
Payment received: You paid $42.50 at Trader Joe's using Apple Pay on Aug 25.,Legitimate Transaction,0,0.137,LOW
"Dear Customer, Your debit card ending in 7805 is locked. Click https://login-update-online-service.top to update KYC within 24 hours.",Banking Phishing,1,0.842,CRITICAL
"WINNER! You have won the Singapore Mega Millions International Draw of $3,000,000! Call +1-523-455-2917 immediately with code WIN3281 to claim.",Lottery / Prize Fraud,1,0.863,CRITICAL
"ALERT: An unauthorized transaction of $6827 was attempted on your account. If this was not you, cancel it now at http://usps-delivery-portal.cc.",Banking Phishing,1,0.778,HIGH
Google Calendar: Standup meeting starts in 10 minutes (10:00 AM - 10:15 AM).,Legitimate Calendar,0,0.277,LOW
"ALERT: An unauthorized transaction of $5622 was attempted on your account. If this was not you, cancel it now at https://bank-security-center.ru.",Banking Phishing,1,0.793,CRITICAL
Your verification code for Apple ID is 863755. This code will expire in 10 minutes. Do not share it with anyone.,Legitimate OTP,0,0.324,LOW
Tesla & Elon Musk 100M Crypto Giveaway! Send 0.1 BTC to receive 0.5 BTC back immediately: http://usps-delivery-portal.cc,Crypto Investment Scam,1,0.87,HIGH
Tesla & Elon Musk 100M Crypto Giveaway! Send 0.1 BTC to receive 0.5 BTC back immediately: http://kyc-urgent-support.info,Crypto Investment Scam,1,0.96,CRITICAL
Immediate hiring for Amazon Product Reviewer. Daily payout $500. Message Telegram @CryptoProf_277 for instant onboarding.,Fake Job Offer,1,0.931,CRITICAL
"Walmart Reward: You have a pending voucher worth $1,000. Complete this short survey at http://kyc-urgent-support.info before expiration.",Lottery / Prize Fraud,1,0.903,CRITICAL
HR Global Recruiter: You have been shortlisted for Remote Data Entry role paying $65/hr. Pay registration fee $49 at https://bank-security-center.ru to get started.,Fake Job Offer,1,0.962,HIGH
"Hi team, please find the quarterly performance slide deck attached for tomorrow's review meeting.",Legitimate Business,0,0.058,LOW
"Reminder: Your dentist appointment with Dr. Smith is scheduled for tomorrow at 2:30 PM. Reply 1 to confirm, 2 to reschedule.",Legitimate Service,0,0.102,LOW
"Congratulations! You've been whitelisted for the Exclusive Solana Airdrop. Claim your free $5,000 token grant at https://bank-security-center.ru.",Crypto Investment Scam,1,0.978,HIGH
Here is the updated recipe for the chocolate cake we discussed last weekend. Let me know if you need vanilla extract.,Legitimate Personal,0,0.079,LOW
"Walmart Reward: You have a pending voucher worth $1,000. Complete this short survey at https://login-update-online-service.top before expiration.",Lottery / Prize Fraud,1,0.933,CRITICAL
HR Global Recruiter: You have been shortlisted for Remote Data Entry role paying $65/hr. Pay registration fee $49 at http://usps-delivery-portal.cc to get started.,Fake Job Offer,1,0.833,HIGH
Payment received: You paid $42.50 at Trader Joe's using Apple Pay on Aug 25.,Legitimate Transaction,0,0.088,LOW
GitHub: A new security advisory was published for your repository. Check security tab for details.,Legitimate Notification,0,0.197,LOW
"ALERT: An unauthorized transaction of $2800 was attempted on your account. If this was not you, cancel it now at https://bank-security-center.ru.",Banking Phishing,1,0.814,HIGH
"ALERT: An unauthorized transaction of $1147 was attempted on your account. If this was not you, cancel it now at http://secure-verify-auth2.xyz.",Banking Phishing,1,0.834,CRITICAL
IRS / Tax Notice: A federal warrant is issued for tax evasion. Call +1-790-212-7713 immediately or law enforcement will be dispatched.,Impersonation / Extortion,1,0.833,HIGH
Your verification code for PayPal is 387887. This code will expire in 10 minutes. Do not share it with anyone.,Legitimate OTP,0,0.142,LOW
Google Calendar: Standup meeting starts in 10 minutes (10:00 AM - 10:15 AM).,Legitimate Calendar,0,0.281,LOW
Zoom meeting invitation: Weekly Engineering Sync on Thursday at 3:00 PM EST. Join with meeting ID 7466.,Legitimate Work,0,0.315,LOW
Package Delivery Failed: USPS tracking #US72440450P is held at terminal due to unpaid duty fees of $2.30. Pay at http://claim-crypto-giveaway.net.,Delivery Phishing,1,0.979,CRITICAL
"Hey, are we still meeting for lunch at the cafeteria around 1:00 PM today?",Legitimate Personal,0,0.158,LOW
GitHub: A new security advisory was published for your repository. Check security tab for details.,Legitimate Notification,0,0.157,LOW
"Hi team, please find the quarterly performance slide deck attached for tomorrow's review meeting.",Legitimate Business,0,0.227,LOW
Zoom meeting invitation: Weekly Engineering Sync on Thursday at 3:00 PM EST. Join with meeting ID 7518.,Legitimate Work,0,0.201,LOW
Package Delivery Failed: USPS tracking #US54984690P is held at terminal due to unpaid duty fees of $2.30. Pay at http://claim-crypto-giveaway.net.,Delivery Phishing,1,0.873,HIGH
"Dear Customer, Your debit card ending in 1947 is locked. Click https://login-update-online-service.top to update KYC within 24 hours.",Banking Phishing,1,0.784,HIGH
HR Global Recruiter: You have been shortlisted for Remote Data Entry role paying $65/hr. Pay registration fee $49 at http://secure-verify-auth2.xyz to get started.,Fake Job Offer,1,0.975,CRITICAL
Your order #ORD-288626 has been shipped via FedEx. Expected delivery is Friday by 5:00 PM. Track at official app.,Legitimate E-commerce,0,0.198,LOW
"Dear Customer, Your debit card ending in 2738 is locked. Click http://secure-verify-auth2.xyz to update KYC within 24 hours.",Banking Phishing,1,0.875,HIGH
"Invest $200 today and receive $3,500 daily guaranteed passive income! Contact our VIP forex manager on Telegram @CryptoProf_914.",Crypto Investment Scam,1,0.777,CRITICAL
Your verification code for Uber is 884020. This code will expire in 10 minutes. Do not share it with anyone.,Legitimate OTP,0,0.189,LOW
"ALERT: An unauthorized transaction of $6798 was attempted on your account. If this was not you, cancel it now at http://secure-verify-auth2.xyz.",Banking Phishing,1,0.826,CRITICAL
URGENT: Your Bank of America account has been suspended due to suspicious activity. Verify immediately at https://bank-security-center.ru to avoid permanent deactivation.,Banking Phishing,1,0.78,CRITICAL
Here is the updated recipe for the chocolate cake we discussed last weekend. Let me know if you need vanilla extract.,Legitimate Personal,0,0.052,LOW
"ALERT: An unauthorized transaction of $3655 was attempted on your account. If this was not you, cancel it now at http://usps-delivery-portal.cc.",Banking Phishing,1,0.822,HIGH
Amazon Notification: Your mobile number was selected for an iPhone 15 Pro giveaway. Claim within 10 minutes at https://login-update-online-service.top.,Lottery / Prize Fraud,1,0.884,CRITICAL
"Hi team, please find the quarterly performance slide deck attached for tomorrow's review meeting.",Legitimate Business,0,0.235,LOW
Amazon Notification: Your mobile number was selected for an iPhone 15 Pro giveaway. Claim within 10 minutes at http://usps-delivery-portal.cc.,Lottery / Prize Fraud,1,0.793,CRITICAL
Amazon Notification: Your mobile number was selected for an iPhone 15 Pro giveaway. Claim within 10 minutes at https://bank-security-center.ru.,Lottery / Prize Fraud,1,0.965,CRITICAL
State Bank Security: Unusual login from Germany. Confirm your identity now at http://kyc-urgent-support.info to prevent account freeze.,Banking Phishing,1,0.969,HIGH
"Hi team, please find the quarterly performance slide deck attached for tomorrow's review meeting.",Legitimate Business,0,0.095,LOW
Your verification code for Google is 484221. This code will expire in 10 minutes. Do not share it with anyone.,Legitimate OTP,0,0.166,LOW
Here is the updated recipe for the chocolate cake we discussed last weekend. Let me know if you need vanilla extract.,Legitimate Personal,0,0.068,LOW
Your verification code for Google is 800504. This code will expire in 10 minutes. Do not share it with anyone.,Legitimate OTP,0,0.289,LOW
"Hi team, please find the quarterly performance slide deck attached for tomorrow's review meeting.",Legitimate Business,0,0.317,LOW
"Hi team, please find the quarterly performance slide deck attached for tomorrow's review meeting.",Legitimate Business,0,0.117,LOW
"ALERT: An unauthorized transaction of $7462 was attempted on your account. If this was not you, cancel it now at https://bank-security-center.ru.",Banking Phishing,1,0.782,HIGH
Your verification code for Instagram is 645603. This code will expire in 10 minutes. Do not share it with anyone.,Legitimate OTP,0,0.299,LOW
Package Delivery Failed: USPS tracking #US85128473P is held at terminal due to unpaid duty fees of $2.30. Pay at https://login-update-online-service.top.,Delivery Phishing,1,0.837,CRITICAL
"Hi team, please find the quarterly performance slide deck attached for tomorrow's review meeting.",Legitimate Business,0,0.058,LOW
URGENT: Your Capital One account has been suspended due to suspicious activity. Verify immediately at http://usps-delivery-portal.cc to avoid permanent deactivation.,Banking Phishing,1,0.94,HIGH
IRS / Tax Notice: A federal warrant is issued for tax evasion. Call +1-933-378-4404 immediately or law enforcement will be dispatched.,Impersonation / Extortion,1,0.846,CRITICAL
IRS / Tax Notice: A federal warrant is issued for tax evasion. Call +1-566-744-6582 immediately or law enforcement will be dispatched.,Impersonation / Extortion,1,0.777,HIGH
Here is the updated recipe for the chocolate cake we discussed last weekend. Let me know if you need vanilla extract.,Legitimate Personal,0,0.278,LOW
Your monthly bank statement for account ending in 6865 is now ready to view in the official mobile banking app.,Legitimate Banking,0,0.335,LOW
Zoom meeting invitation: Weekly Engineering Sync on Thursday at 3:00 PM EST. Join with meeting ID 5046.,Legitimate Work,0,0.35,LOW
Your monthly bank statement for account ending in 4952 is now ready to view in the official mobile banking app.,Legitimate Banking,0,0.166,LOW
This is the Chief Financial Officer. I am in an urgent meeting and need you to purchase 5x $100 Apple Gift Cards and email the codes.,Executive Impersonation,1,0.878,CRITICAL
Bank of America Security: Unusual login from United States. Confirm your identity now at http://kyc-urgent-support.info to prevent account freeze.,Banking Phishing,1,0.899,HIGH
HR Global Recruiter: You have been shortlisted for Remote Data Entry role paying $65/hr. Pay registration fee $49 at https://login-update-online-service.top to get started.,Fake Job Offer,1,0.985,HIGH
Payment received: You paid $42.50 at Trader Joe's using Apple Pay on Aug 25.,Legitimate Transaction,0,0.09,LOW
Your order #ORD-844996 has been shipped via FedEx. Expected delivery is Friday by 5:00 PM. Track at official app.,Legitimate E-commerce,0,0.076,LOW
Your verification code for Uber is 886411. This code will expire in 10 minutes. Do not share it with anyone.,Legitimate OTP,0,0.3,LOW
Netflix Member Alert: We could not process your latest payment. Update billing details at https://login-update-online-service.top to avoid service cancellation.,Subscription Phishing,1,0.918,HIGH
HSBC Security: Unusual login from Nigeria. Confirm your identity now at http://claim-crypto-giveaway.net to prevent account freeze.,Banking Phishing,1,0.976,HIGH
"Hey, are we still meeting for lunch at the cafeteria around 1:00 PM today?",Legitimate Personal,0,0.059,LOW
"WINNER! You have won the Russia Mega Millions International Draw of $15,000,000! Call +1-872-203-9114 immediately with code WIN2115 to claim.",Lottery / Prize Fraud,1,0.902,HIGH
Package Delivery Failed: USPS tracking #US69380394P is held at terminal due to unpaid duty fees of $2.30. Pay at http://claim-crypto-giveaway.net.,Delivery Phishing,1,0.923,CRITICAL
Zoom meeting invitation: Weekly Engineering Sync on Thursday at 3:00 PM EST. Join with meeting ID 9437.,Legitimate Work,0,0.272,LOW
"Congratulations! You've been whitelisted for the Exclusive Ripple Airdrop. Claim your free $5,000 token grant at http://usps-delivery-portal.cc.",Crypto Investment Scam,1,0.901,HIGH
IRS / Tax Notice: A federal warrant is issued for tax evasion. Call +1-815-461-1341 immediately or law enforcement will be dispatched.,Impersonation / Extortion,1,0.844,HIGH
Your order #ORD-900438 has been shipped via FedEx. Expected delivery is Friday by 5:00 PM. Track at official app.,Legitimate E-commerce,0,0.255,LOW
Immediate hiring for Amazon Product Reviewer. Daily payout $500. Message Telegram @CryptoProf_653 for instant onboarding.,Fake Job Offer,1,0.885,HIGH
"Hey, are we still meeting for lunch at the cafeteria around 1:00 PM today?",Legitimate Personal,0,0.179,LOW
Part-time Online Job Offer: Earn $300-$800 daily by rating hotels/apps on your phone for 1 hour. No experience required. WhatsApp: +1-459-905-4683,Fake Job Offer,1,0.981,HIGH
"ALERT: An unauthorized transaction of $4124 was attempted on your account. If this was not you, cancel it now at https://bank-security-center.ru.",Banking Phishing,1,0.874,CRITICAL
"Reminder: Your dentist appointment with Dr. Smith is scheduled for tomorrow at 2:30 PM. Reply 1 to confirm, 2 to reschedule.",Legitimate Service,0,0.141,LOW
"Hi team, please find the quarterly performance slide deck attached for tomorrow's review meeting.",Legitimate Business,0,0.223,LOW
"Dear Customer, Your debit card ending in 2754 is locked. Click https://login-update-online-service.top to update KYC within 24 hours.",Banking Phishing,1,0.951,CRITICAL
Your monthly bank statement for account ending in 8947 is now ready to view in the official mobile banking app.,Legitimate Banking,0,0.278,LOW
"Congratulations! You've been whitelisted for the Exclusive Bitcoin Airdrop. Claim your free $5,000 token grant at https://login-update-online-service.top.",Crypto Investment Scam,1,0.859,HIGH
Here is the updated recipe for the chocolate cake we discussed last weekend. Let me know if you need vanilla extract.,Legitimate Personal,0,0.332,LOW
IRS / Tax Notice: A federal warrant is issued for tax evasion. Call +1-545-232-7537 immediately or law enforcement will be dispatched.,Impersonation / Extortion,1,0.784,CRITICAL
Package Delivery Failed: USPS tracking #US77395720P is held at terminal due to unpaid duty fees of $2.30. Pay at http://claim-crypto-giveaway.net.,Delivery Phishing,1,0.776,CRITICAL
"Hi team, please find the quarterly performance slide deck attached for tomorrow's review meeting.",Legitimate Business,0,0.112,LOW
IRS / Tax Notice: A federal warrant is issued for tax evasion. Call +1-538-383-6118 immediately or law enforcement will be dispatched.,Impersonation / Extortion,1,0.986,HIGH
"WINNER! You have won the Singapore Mega Millions International Draw of $1,000,000! Call +1-475-863-5028 immediately with code WIN4361 to claim.",Lottery / Prize Fraud,1,0.863,HIGH
Immediate hiring for Amazon Product Reviewer. Daily payout $500. Message Telegram @CryptoProf_390 for instant onboarding.,Fake Job Offer,1,0.934,CRITICAL
IRS / Tax Notice: A federal warrant is issued for tax evasion. Call +1-639-998-8228 immediately or law enforcement will be dispatched.,Impersonation / Extortion,1,0.791,HIGH
Zoom meeting invitation: Weekly Engineering Sync on Thursday at 3:00 PM EST. Join with meeting ID 1928.,Legitimate Work,0,0.147,LOW
"Walmart Reward: You have a pending voucher worth $1,000. Complete this short survey at https://login-update-online-service.top before expiration.",Lottery / Prize Fraud,1,0.803,HIGH
"Hey, are we still meeting for lunch at the cafeteria around 1:00 PM today?",Legitimate Personal,0,0.188,LOW
Package Delivery Failed: USPS tracking #US42258591P is held at terminal due to unpaid duty fees of $2.30. Pay at http://kyc-urgent-support.info.,Delivery Phishing,1,0.792,HIGH
IRS / Tax Notice: A federal warrant is issued for tax evasion. Call +1-706-828-9588 immediately or law enforcement will be dispatched.,Impersonation / Extortion,1,0.868,CRITICAL
Your verification code for Microsoft is 572059. This code will expire in 10 minutes. Do not share it with anyone.,Legitimate OTP,0,0.332,LOW
"Hey, are we still meeting for lunch at the cafeteria around 1:00 PM today?",Legitimate Personal,0,0.316,LOW
Your order #ORD-273327 has been shipped via FedEx. Expected delivery is Friday by 5:00 PM. Track at official app.,Legitimate E-commerce,0,0.28,LOW
"ALERT: An unauthorized transaction of $7854 was attempted on your account. If this was not you, cancel it now at https://login-update-online-service.top.",Banking Phishing,1,0.873,HIGH
Tesla & Elon Musk 100M Crypto Giveaway! Send 0.1 BTC to receive 0.5 BTC back immediately: http://claim-crypto-giveaway.net,Crypto Investment Scam,1,0.931,CRITICAL
"WINNER! You have won the Nigeria Mega Millions International Draw of $7,000,000! Call +1-812-205-8505 immediately with code WIN6679 to claim.",Lottery / Prize Fraud,1,0.795,HIGH
"ALERT: An unauthorized transaction of $2972 was attempted on your account. If this was not you, cancel it now at https://login-update-online-service.top.",Banking Phishing,1,0.966,HIGH
Your order #ORD-666746 has been shipped via FedEx. Expected delivery is Friday by 5:00 PM. Track at official app.,Legitimate E-commerce,0,0.236,LOW
Guaranteed 450% return in 48 hours! Join our automated crypto arbitrage pool today. Send 3.59 ETH to 0x443bf79 and start earning.,Crypto Investment Scam,1,0.902,HIGH
"Hey, are we still meeting for lunch at the cafeteria around 1:00 PM today?",Legitimate Personal,0,0.23,LOW
"Hey, are we still meeting for lunch at the cafeteria around 1:00 PM today?",Legitimate Personal,0,0.317,LOW
Tesla & Elon Musk 100M Crypto Giveaway! Send 0.1 BTC to receive 0.5 BTC back immediately: http://usps-delivery-portal.cc,Crypto Investment Scam,1,0.831,HIGH
Tesla & Elon Musk 100M Crypto Giveaway! Send 0.1 BTC to receive 0.5 BTC back immediately: http://claim-crypto-giveaway.net,Crypto Investment Scam,1,0.906,CRITICAL
"Dear Customer, Your debit card ending in 6880 is locked. Click http://usps-delivery-portal.cc to update KYC within 24 hours.",Banking Phishing,1,0.792,HIGH
"ALERT: An unauthorized transaction of $3107 was attempted on your account. If this was not you, cancel it now at https://login-update-online-service.top.",Banking Phishing,1,0.85,HIGH
Your verification code for Microsoft is 124142. This code will expire in 10 minutes. Do not share it with anyone.,Legitimate OTP,0,0.315,LOW
"Hi team, please find the quarterly performance slide deck attached for tomorrow's review meeting.",Legitimate Business,0,0.141,LOW
Immediate hiring for Amazon Product Reviewer. Daily payout $500. Message Telegram @CryptoProf_188 for instant onboarding.,Fake Job Offer,1,0.939,HIGH
"Congratulations! You've been whitelisted for the Exclusive Solana Airdrop. Claim your free $5,000 token grant at http://claim-crypto-giveaway.net.",Crypto Investment Scam,1,0.965,HIGH
"ALERT: An unauthorized transaction of $1701 was attempted on your account. If this was not you, cancel it now at http://claim-crypto-giveaway.net.",Banking Phishing,1,0.843,CRITICAL
URGENT: Your Bank of America account has been suspended due to suspicious activity. Verify immediately at http://kyc-urgent-support.info to avoid permanent deactivation.,Banking Phishing,1,0.989,HIGH
"Reminder: Your dentist appointment with Dr. Smith is scheduled for tomorrow at 2:30 PM. Reply 1 to confirm, 2 to reschedule.",Legitimate Service,0,0.201,LOW
"WINNER! You have won the Singapore Mega Millions International Draw of $11,000,000! Call +1-492-718-3293 immediately with code WIN3192 to claim.",Lottery / Prize Fraud,1,0.893,HIGH
Part-time Online Job Offer: Earn $300-$800 daily by rating hotels/apps on your phone for 1 hour. No experience required. WhatsApp: +1-713-445-7998,Fake Job Offer,1,0.853,HIGH
Package Delivery Failed: USPS tracking #US49565645P is held at terminal due to unpaid duty fees of $2.30. Pay at https://bank-security-center.ru.,Delivery Phishing,1,0.962,CRITICAL
Your verification code for Apple ID is 855958. This code will expire in 10 minutes. Do not share it with anyone.,Legitimate OTP,0,0.288,LOW
IRS / Tax Notice: A federal warrant is issued for tax evasion. Call +1-660-823-6116 immediately or law enforcement will be dispatched.,Impersonation / Extortion,1,0.791,CRITICAL
"Hi team, please find the quarterly performance slide deck attached for tomorrow's review meeting.",Legitimate Business,0,0.077,LOW
Your verification code for Apple ID is 774606. This code will expire in 10 minutes. Do not share it with anyone.,Legitimate OTP,0,0.304,LOW
This is the Chief Financial Officer. I am in an urgent meeting and need you to purchase 5x $100 Apple Gift Cards and email the codes.,Executive Impersonation,1,0.781,HIGH
GitHub: A new security advisory was published for your repository. Check security tab for details.,Legitimate Notification,0,0.345,LOW
Tesla & Elon Musk 100M Crypto Giveaway! Send 0.1 BTC to receive 0.5 BTC back immediately: http://claim-crypto-giveaway.net,Crypto Investment Scam,1,0.919,HIGH
GitHub: A new security advisory was published for your repository. Check security tab for details.,Legitimate Notification,0,0.344,LOW
"Congratulations! You've been whitelisted for the Exclusive Ethereum Airdrop. Claim your free $5,000 token grant at http://usps-delivery-portal.cc.",Crypto Investment Scam,1,0.965,CRITICAL
"WINNER! You have won the Nigeria Mega Millions International Draw of $11,000,000! Call +1-859-228-4743 immediately with code WIN7451 to claim.",Lottery / Prize Fraud,1,0.811,CRITICAL
"Reminder: Your dentist appointment with Dr. Smith is scheduled for tomorrow at 2:30 PM. Reply 1 to confirm, 2 to reschedule.",Legitimate Service,0,0.09,LOW
Your order #ORD-598778 has been shipped via FedEx. Expected delivery is Friday by 5:00 PM. Track at official app.,Legitimate E-commerce,0,0.249,LOW
"Hey, are we still meeting for lunch at the cafeteria around 1:00 PM today?",Legitimate Personal,0,0.256,LOW
Your monthly bank statement for account ending in 4875 is now ready to view in the official mobile banking app.,Legitimate Banking,0,0.122,LOW
Tesla & Elon Musk 100M Crypto Giveaway! Send 0.1 BTC to receive 0.5 BTC back immediately: http://secure-verify-auth2.xyz,Crypto Investment Scam,1,0.815,CRITICAL
Immediate hiring for Amazon Product Reviewer. Daily payout $500. Message Telegram @CryptoProf_831 for instant onboarding.,Fake Job Offer,1,0.863,CRITICAL
Your order #ORD-698037 has been shipped via FedEx. Expected delivery is Friday by 5:00 PM. Track at official app.,Legitimate E-commerce,0,0.214,LOW
Google Calendar: Standup meeting starts in 10 minutes (10:00 AM - 10:15 AM).,Legitimate Calendar,0,0.342,LOW
"Hey, are we still meeting for lunch at the cafeteria around 1:00 PM today?",Legitimate Personal,0,0.184,LOW
IRS / Tax Notice: A federal warrant is issued for tax evasion. Call +1-640-420-4773 immediately or law enforcement will be dispatched.,Impersonation / Extortion,1,0.937,CRITICAL
Thanks for reaching out to customer support. Your ticket #34055 has been resolved. Please rate our service.,Legitimate Support,0,0.061,LOW
URGENT: Your Capital One account has been suspended due to suspicious activity. Verify immediately at https://bank-security-center.ru to avoid permanent deactivation.,Banking Phishing,1,0.76,CRITICAL
Package Delivery Failed: USPS tracking #US92398753P is held at terminal due to unpaid duty fees of $2.30. Pay at http://kyc-urgent-support.info.,Delivery Phishing,1,0.985,HIGH
"Congratulations! You've been whitelisted for the Exclusive Ripple Airdrop. Claim your free $5,000 token grant at https://bank-security-center.ru.",Crypto Investment Scam,1,0.877,HIGH
Here is the updated recipe for the chocolate cake we discussed last weekend. Let me know if you need vanilla extract.,Legitimate Personal,0,0.216,LOW
"Hey, are we still meeting for lunch at the cafeteria around 1:00 PM today?",Legitimate Personal,0,0.055,LOW
Your monthly bank statement for account ending in 8742 is now ready to view in the official mobile banking app.,Legitimate Banking,0,0.227,LOW
HR Global Recruiter: You have been shortlisted for Remote Data Entry role paying $65/hr. Pay registration fee $49 at http://claim-crypto-giveaway.net to get started.,Fake Job Offer,1,0.865,CRITICAL
"Hey, are we still meeting for lunch at the cafeteria around 1:00 PM today?",Legitimate Personal,0,0.051,LOW
"Dear Customer, Your debit card ending in 9760 is locked. Click http://claim-crypto-giveaway.net to update KYC within 24 hours.",Banking Phishing,1,0.979,HIGH
Part-time Online Job Offer: Earn $300-$800 daily by rating hotels/apps on your phone for 1 hour. No experience required. WhatsApp: +1-514-390-3858,Fake Job Offer,1,0.784,CRITICAL
This is the Chief Financial Officer. I am in an urgent meeting and need you to purchase 5x $100 Apple Gift Cards and email the codes.,Executive Impersonation,1,0.806,HIGH
Here is the updated recipe for the chocolate cake we discussed last weekend. Let me know if you need vanilla extract.,Legitimate Personal,0,0.216,LOW
Thanks for reaching out to customer support. Your ticket #50011 has been resolved. Please rate our service.,Legitimate Support,0,0.203,LOW
Your order #ORD-242906 has been shipped via FedEx. Expected delivery is Friday by 5:00 PM. Track at official app.,Legitimate E-commerce,0,0.052,LOW
Netflix Member Alert: We could not process your latest payment. Update billing details at http://usps-delivery-portal.cc to avoid service cancellation.,Subscription Phishing,1,0.883,CRITICAL
IRS / Tax Notice: A federal warrant is issued for tax evasion. Call +1-905-397-4887 immediately or law enforcement will be dispatched.,Impersonation / Extortion,1,0.833,HIGH
Tesla & Elon Musk 100M Crypto Giveaway! Send 0.1 BTC to receive 0.5 BTC back immediately: http://usps-delivery-portal.cc,Crypto Investment Scam,1,0.903,CRITICAL
"ALERT: An unauthorized transaction of $3993 was attempted on your account. If this was not you, cancel it now at http://usps-delivery-portal.cc.",Banking Phishing,1,0.887,CRITICAL
Here is the updated recipe for the chocolate cake we discussed last weekend. Let me know if you need vanilla extract.,Legitimate Personal,0,0.299,LOW
GitHub: A new security advisory was published for your repository. Check security tab for details.,Legitimate Notification,0,0.242,LOW
IRS / Tax Notice: A federal warrant is issued for tax evasion. Call +1-357-699-6020 immediately or law enforcement will be dispatched.,Impersonation / Extortion,1,0.836,CRITICAL
Tesla & Elon Musk 100M Crypto Giveaway! Send 0.1 BTC to receive 0.5 BTC back immediately: http://secure-verify-auth2.xyz,Crypto Investment Scam,1,0.761,HIGH
IRS / Tax Notice: A federal warrant is issued for tax evasion. Call +1-779-937-8259 immediately or law enforcement will be dispatched.,Impersonation / Extortion,1,0.82,HIGH
Payment received: You paid $42.50 at Trader Joe's using Apple Pay on Aug 25.,Legitimate Transaction,0,0.118,LOW
Part-time Online Job Offer: Earn $300-$800 daily by rating hotels/apps on your phone for 1 hour. No experience required. WhatsApp: +1-232-361-6004,Fake Job Offer,1,0.909,HIGH
GitHub: A new security advisory was published for your repository. Check security tab for details.,Legitimate Notification,0,0.079,LOW
Part-time Online Job Offer: Earn $300-$800 daily by rating hotels/apps on your phone for 1 hour. No experience required. WhatsApp: +1-602-346-2539,Fake Job Offer,1,0.879,HIGH
"WINNER! You have won the Germany Mega Millions International Draw of $7,000,000! Call +1-531-512-8137 immediately with code WIN8156 to claim.",Lottery / Prize Fraud,1,0.872,HIGH
"Hey, are we still meeting for lunch at the cafeteria around 1:00 PM today?",Legitimate Personal,0,0.096,LOW
"Congratulations! You've been whitelisted for the Exclusive Solana Airdrop. Claim your free $5,000 token grant at http://secure-verify-auth2.xyz.",Crypto Investment Scam,1,0.988,HIGH
Part-time Online Job Offer: Earn $300-$800 daily by rating hotels/apps on your phone for 1 hour. No experience required. WhatsApp: +1-816-208-6417,Fake Job Offer,1,0.955,CRITICAL
Part-time Online Job Offer: Earn $300-$800 daily by rating hotels/apps on your phone for 1 hour. No experience required. WhatsApp: +1-260-371-8385,Fake Job Offer,1,0.904,HIGH
Your verification code for Apple ID is 476427. This code will expire in 10 minutes. Do not share it with anyone.,Legitimate OTP,0,0.148,LOW
Thanks for reaching out to customer support. Your ticket #40168 has been resolved. Please rate our service.,Legitimate Support,0,0.124,LOW
Your verification code for Twitter is 634133. This code will expire in 10 minutes. Do not share it with anyone.,Legitimate OTP,0,0.242,LOW
"Hey, are we still meeting for lunch at the cafeteria around 1:00 PM today?",Legitimate Personal,0,0.177,LOW
Payment received: You paid $42.50 at Trader Joe's using Apple Pay on Aug 25.,Legitimate Transaction,0,0.22,LOW
Your order #ORD-430906 has been shipped via FedEx. Expected delivery is Friday by 5:00 PM. Track at official app.,Legitimate E-commerce,0,0.195,LOW
"Congratulations! You've been whitelisted for the Exclusive Ethereum Airdrop. Claim your free $5,000 token grant at http://secure-verify-auth2.xyz.",Crypto Investment Scam,1,0.939,CRITICAL
Your order #ORD-130726 has been shipped via FedEx. Expected delivery is Friday by 5:00 PM. Track at official app.,Legitimate E-commerce,0,0.078,LOW
Thanks for reaching out to customer support. Your ticket #12625 has been resolved. Please rate our service.,Legitimate Support,0,0.338,LOW
Payment received: You paid $42.50 at Trader Joe's using Apple Pay on Aug 25.,Legitimate Transaction,0,0.338,LOW
URGENT: Your Wells Fargo account has been suspended due to suspicious activity. Verify immediately at http://secure-verify-auth2.xyz to avoid permanent deactivation.,Banking Phishing,1,0.918,HIGH
Zoom meeting invitation: Weekly Engineering Sync on Thursday at 3:00 PM EST. Join with meeting ID 7077.,Legitimate Work,0,0.1,LOW
Your order #ORD-598223 has been shipped via FedEx. Expected delivery is Friday by 5:00 PM. Track at official app.,Legitimate E-commerce,0,0.152,LOW
Google Calendar: Standup meeting starts in 10 minutes (10:00 AM - 10:15 AM).,Legitimate Calendar,0,0.279,LOW
Your monthly bank statement for account ending in 9997 is now ready to view in the official mobile banking app.,Legitimate Banking,0,0.23,LOW
URGENT: Your HSBC account has been suspended due to suspicious activity. Verify immediately at http://claim-crypto-giveaway.net to avoid permanent deactivation.,Banking Phishing,1,0.938,HIGH
Guaranteed 450% return in 48 hours! Join our automated crypto arbitrage pool today. Send 2.55 ETH to 0x45a6286 and start earning.,Crypto Investment Scam,1,0.799,HIGH
Payment received: You paid $42.50 at Trader Joe's using Apple Pay on Aug 25.,Legitimate Transaction,0,0.266,LOW
"Hey, are we still meeting for lunch at the cafeteria around 1:00 PM today?",Legitimate Personal,0,0.272,LOW
"Reminder: Your dentist appointment with Dr. Smith is scheduled for tomorrow at 2:30 PM. Reply 1 to confirm, 2 to reschedule.",Legitimate Service,0,0.087,LOW
"ALERT: An unauthorized transaction of $1159 was attempted on your account. If this was not you, cancel it now at http://kyc-urgent-support.info.",Banking Phishing,1,0.817,HIGH
Netflix Member Alert: We could not process your latest payment. Update billing details at http://secure-verify-auth2.xyz to avoid service cancellation.,Subscription Phishing,1,0.785,HIGH
GitHub: A new security advisory was published for your repository. Check security tab for details.,Legitimate Notification,0,0.298,LOW
This is the Chief Financial Officer. I am in an urgent meeting and need you to purchase 5x $100 Apple Gift Cards and email the codes.,Executive Impersonation,1,0.893,CRITICAL
Here is the updated recipe for the chocolate cake we discussed last weekend. Let me know if you need vanilla extract.,Legitimate Personal,0,0.326,LOW
Your order #ORD-257943 has been shipped via FedEx. Expected delivery is Friday by 5:00 PM. Track at official app.,Legitimate E-commerce,0,0.248,LOW
Amazon Notification: Your mobile number was selected for an iPhone 15 Pro giveaway. Claim within 10 minutes at http://kyc-urgent-support.info.,Lottery / Prize Fraud,1,0.784,HIGH
Thanks for reaching out to customer support. Your ticket #11116 has been resolved. Please rate our service.,Legitimate Support,0,0.13,LOW
URGENT: Your Citibank account has been suspended due to suspicious activity. Verify immediately at http://claim-crypto-giveaway.net to avoid permanent deactivation.,Banking Phishing,1,0.829,HIGH
Zoom meeting invitation: Weekly Engineering Sync on Thursday at 3:00 PM EST. Join with meeting ID 6868.,Legitimate Work,0,0.328,LOW
IRS / Tax Notice: A federal warrant is issued for tax evasion. Call +1-332-449-7944 immediately or law enforcement will be dispatched.,Impersonation / Extortion,1,0.778,HIGH
"Reminder: Your dentist appointment with Dr. Smith is scheduled for tomorrow at 2:30 PM. Reply 1 to confirm, 2 to reschedule.",Legitimate Service,0,0.286,LOW
Here is the updated recipe for the chocolate cake we discussed last weekend. Let me know if you need vanilla extract.,Legitimate Personal,0,0.276,LOW
Guaranteed 450% return in 48 hours! Join our automated crypto arbitrage pool today. Send 4.24 ETH to 0x2e88a36 and start earning.,Crypto Investment Scam,1,0.791,HIGH
"WINNER! You have won the Russia Mega Millions International Draw of $14,000,000! Call +1-259-424-7932 immediately with code WIN7100 to claim.",Lottery / Prize Fraud,1,0.843,CRITICAL
Package Delivery Failed: USPS tracking #US44606659P is held at terminal due to unpaid duty fees of $2.30. Pay at https://bank-security-center.ru.,Delivery Phishing,1,0.823,CRITICAL
Package Delivery Failed: USPS tracking #US41009236P is held at terminal due to unpaid duty fees of $2.30. Pay at https://bank-security-center.ru.,Delivery Phishing,1,0.8,CRITICAL
Guaranteed 450% return in 48 hours! Join our automated crypto arbitrage pool today. Send 1.11 ETH to 0x45c3ef5 and start earning.,Crypto Investment Scam,1,0.976,HIGH
Citibank Security: Unusual login from Nigeria. Confirm your identity now at http://secure-verify-auth2.xyz to prevent account freeze.,Banking Phishing,1,0.864,CRITICAL
Thanks for reaching out to customer support. Your ticket #39576 has been resolved. Please rate our service.,Legitimate Support,0,0.089,LOW
"Hi team, please find the quarterly performance slide deck attached for tomorrow's review meeting.",Legitimate Business,0,0.116,LOW
Here is the updated recipe for the chocolate cake we discussed last weekend. Let me know if you need vanilla extract.,Legitimate Personal,0,0.256,LOW
"Congratulations! You've been whitelisted for the Exclusive Solana Airdrop. Claim your free $5,000 token grant at https://bank-security-center.ru.",Crypto Investment Scam,1,0.875,CRITICAL
IRS / Tax Notice: A federal warrant is issued for tax evasion. Call +1-476-373-9972 immediately or law enforcement will be dispatched.,Impersonation / Extortion,1,0.872,CRITICAL
"Hey, are we still meeting for lunch at the cafeteria around 1:00 PM today?",Legitimate Personal,0,0.061,LOW
"Hi team, please find the quarterly performance slide deck attached for tomorrow's review meeting.",Legitimate Business,0,0.313,LOW
Your order #ORD-954846 has been shipped via FedEx. Expected delivery is Friday by 5:00 PM. Track at official app.,Legitimate E-commerce,0,0.242,LOW
Tesla & Elon Musk 100M Crypto Giveaway! Send 0.1 BTC to receive 0.5 BTC back immediately: http://kyc-urgent-support.info,Crypto Investment Scam,1,0.918,CRITICAL
"ALERT: An unauthorized transaction of $5961 was attempted on your account. If this was not you, cancel it now at http://usps-delivery-portal.cc.",Banking Phishing,1,0.773,HIGH
Netflix Member Alert: We could not process your latest payment. Update billing details at http://usps-delivery-portal.cc to avoid service cancellation.,Subscription Phishing,1,0.925,HIGH
Payment received: You paid $42.50 at Trader Joe's using Apple Pay on Aug 25.,Legitimate Transaction,0,0.254,LOW
HDFC Security: Unusual login from United States. Confirm your identity now at https://bank-security-center.ru to prevent account freeze.,Banking Phishing,1,0.822,CRITICAL
Your verification code for Twitter is 510145. This code will expire in 10 minutes. Do not share it with anyone.,Legitimate OTP,0,0.185,LOW
GitHub: A new security advisory was published for your repository. Check security tab for details.,Legitimate Notification,0,0.081,LOW
Thanks for reaching out to customer support. Your ticket #26390 has been resolved. Please rate our service.,Legitimate Support,0,0.315,LOW
Payment received: You paid $42.50 at Trader Joe's using Apple Pay on Aug 25.,Legitimate Transaction,0,0.191,LOW
"WINNER! You have won the United States Mega Millions International Draw of $5,000,000! Call +1-249-259-7643 immediately with code WIN8663 to claim.",Lottery / Prize Fraud,1,0.952,CRITICAL
"Hey, are we still meeting for lunch at the cafeteria around 1:00 PM today?",Legitimate Personal,0,0.088,LOW
Package Delivery Failed: USPS tracking #US86250830P is held at terminal due to unpaid duty fees of $2.30. Pay at http://claim-crypto-giveaway.net.,Delivery Phishing,1,0.986,CRITICAL
Your order #ORD-930528 has been shipped via FedEx. Expected delivery is Friday by 5:00 PM. Track at official app.,Legitimate E-commerce,0,0.163,LOW
Thanks for reaching out to customer support. Your ticket #12234 has been resolved. Please rate our service.,Legitimate Support,0,0.328,LOW
Here is the updated recipe for the chocolate cake we discussed last weekend. Let me know if you need vanilla extract.,Legitimate Personal,0,0.23,LOW
IRS / Tax Notice: A federal warrant is issued for tax evasion. Call +1-954-407-7178 immediately or law enforcement will be dispatched.,Impersonation / Extortion,1,0.956,HIGH
Here is the updated recipe for the chocolate cake we discussed last weekend. Let me know if you need vanilla extract.,Legitimate Personal,0,0.223,LOW
This is the Chief Financial Officer. I am in an urgent meeting and need you to purchase 5x $100 Apple Gift Cards and email the codes.,Executive Impersonation,1,0.837,CRITICAL
GitHub: A new security advisory was published for your repository. Check security tab for details.,Legitimate Notification,0,0.065,LOW
IRS / Tax Notice: A federal warrant is issued for tax evasion. Call +1-374-942-7042 immediately or law enforcement will be dispatched.,Impersonation / Extortion,1,0.833,HIGH
Payment received: You paid $42.50 at Trader Joe's using Apple Pay on Aug 25.,Legitimate Transaction,0,0.318,LOW
Tesla & Elon Musk 100M Crypto Giveaway! Send 0.1 BTC to receive 0.5 BTC back immediately: http://kyc-urgent-support.info,Crypto Investment Scam,1,0.89,HIGH
Guaranteed 450% return in 48 hours! Join our automated crypto arbitrage pool today. Send 2.27 ETH to 0x4acd6dc and start earning.,Crypto Investment Scam,1,0.767,HIGH
"WINNER! You have won the Germany Mega Millions International Draw of $7,000,000! Call +1-766-995-1595 immediately with code WIN1957 to claim.",Lottery / Prize Fraud,1,0.766,HIGH
Zoom meeting invitation: Weekly Engineering Sync on Thursday at 3:00 PM EST. Join with meeting ID 5698.,Legitimate Work,0,0.252,LOW
Immediate hiring for Amazon Product Reviewer. Daily payout $500. Message Telegram @CryptoProf_337 for instant onboarding.,Fake Job Offer,1,0.928,CRITICAL
IRS / Tax Notice: A federal warrant is issued for tax evasion. Call +1-544-630-4954 immediately or law enforcement will be dispatched.,Impersonation / Extortion,1,0.986,CRITICAL
Netflix Member Alert: We could not process your latest payment. Update billing details at http://kyc-urgent-support.info to avoid service cancellation.,Subscription Phishing,1,0.96,CRITICAL
"Dear Customer, Your debit card ending in 6807 is locked. Click https://login-update-online-service.top to update KYC within 24 hours.",Banking Phishing,1,0.838,CRITICAL
Thanks for reaching out to customer support. Your ticket #42809 has been resolved. Please rate our service.,Legitimate Support,0,0.286,LOW
IRS / Tax Notice: A federal warrant is issued for tax evasion. Call +1-775-741-4280 immediately or law enforcement will be dispatched.,Impersonation / Extortion,1,0.919,CRITICAL
Netflix Member Alert: We could not process your latest payment. Update billing details at https://bank-security-center.ru to avoid service cancellation.,Subscription Phishing,1,0.772,CRITICAL
Google Calendar: Standup meeting starts in 10 minutes (10:00 AM - 10:15 AM).,Legitimate Calendar,0,0.34,LOW
"Hey, are we still meeting for lunch at the cafeteria around 1:00 PM today?",Legitimate Personal,0,0.084,LOW
Your verification code for Instagram is 519640. This code will expire in 10 minutes. Do not share it with anyone.,Legitimate OTP,0,0.215,LOW
GitHub: A new security advisory was published for your repository. Check security tab for details.,Legitimate Notification,0,0.239,LOW
Immediate hiring for Amazon Product Reviewer. Daily payout $500. Message Telegram @CryptoProf_610 for instant onboarding.,Fake Job Offer,1,0.803,HIGH
"Reminder: Your dentist appointment with Dr. Smith is scheduled for tomorrow at 2:30 PM. Reply 1 to confirm, 2 to reschedule.",Legitimate Service,0,0.063,LOW
"Invest $200 today and receive $3,500 daily guaranteed passive income! Contact our VIP forex manager on Telegram @CryptoProf_574.",Crypto Investment Scam,1,0.881,HIGH
Your order #ORD-566014 has been shipped via FedEx. Expected delivery is Friday by 5:00 PM. Track at official app.,Legitimate E-commerce,0,0.196,LOW
Package Delivery Failed: USPS tracking #US14699417P is held at terminal due to unpaid duty fees of $2.30. Pay at http://claim-crypto-giveaway.net.,Delivery Phishing,1,0.82,HIGH
Payment received: You paid $42.50 at Trader Joe's using Apple Pay on Aug 25.,Legitimate Transaction,0,0.144,LOW
"Reminder: Your dentist appointment with Dr. Smith is scheduled for tomorrow at 2:30 PM. Reply 1 to confirm, 2 to reschedule.",Legitimate Service,0,0.2,LOW
GitHub: A new security advisory was published for your repository. Check security tab for details.,Legitimate Notification,0,0.335,LOW
"Hi team, please find the quarterly performance slide deck attached for tomorrow's review meeting.",Legitimate Business,0,0.143,LOW
IRS / Tax Notice: A federal warrant is issued for tax evasion. Call +1-217-260-4207 immediately or law enforcement will be dispatched.,Impersonation / Extortion,1,0.804,HIGH
"Hi team, please find the quarterly performance slide deck attached for tomorrow's review meeting.",Legitimate Business,0,0.335,LOW
Here is the updated recipe for the chocolate cake we discussed last weekend. Let me know if you need vanilla extract.,Legitimate Personal,0,0.305,LOW
Netflix Member Alert: We could not process your latest payment. Update billing details at https://login-update-online-service.top to avoid service cancellation.,Subscription Phishing,1,0.971,CRITICAL
Tesla & Elon Musk 100M Crypto Giveaway! Send 0.1 BTC to receive 0.5 BTC back immediately: https://bank-security-center.ru,Crypto Investment Scam,1,0.987,HIGH
Netflix Member Alert: We could not process your latest payment. Update billing details at http://claim-crypto-giveaway.net to avoid service cancellation.,Subscription Phishing,1,0.928,CRITICAL
"Congratulations! You've been whitelisted for the Exclusive Solana Airdrop. Claim your free $5,000 token grant at http://usps-delivery-portal.cc.",Crypto Investment Scam,1,0.778,CRITICAL
"Walmart Reward: You have a pending voucher worth $1,000. Complete this short survey at http://usps-delivery-portal.cc before expiration.",Lottery / Prize Fraud,1,0.837,CRITICAL
Netflix Member Alert: We could not process your latest payment. Update billing details at https://bank-security-center.ru to avoid service cancellation.,Subscription Phishing,1,0.832,HIGH
Chase Security: Unusual login from Nigeria. Confirm your identity now at http://secure-verify-auth2.xyz to prevent account freeze.,Banking Phishing,1,0.941,HIGH
This is the Chief Financial Officer. I am in an urgent meeting and need you to purchase 5x $100 Apple Gift Cards and email the codes.,Executive Impersonation,1,0.913,HIGH
GitHub: A new security advisory was published for your repository. Check security tab for details.,Legitimate Notification,0,0.206,LOW
Your monthly bank statement for account ending in 4136 is now ready to view in the official mobile banking app.,Legitimate Banking,0,0.293,LOW
"Reminder: Your dentist appointment with Dr. Smith is scheduled for tomorrow at 2:30 PM. Reply 1 to confirm, 2 to reschedule.",Legitimate Service,0,0.11,LOW
Immediate hiring for Amazon Product Reviewer. Daily payout $500. Message Telegram @CryptoProf_343 for instant onboarding.,Fake Job Offer,1,0.952,CRITICAL
Zoom meeting invitation: Weekly Engineering Sync on Thursday at 3:00 PM EST. Join with meeting ID 5356.,Legitimate Work,0,0.279,LOW
Package Delivery Failed: USPS tracking #US19469323P is held at terminal due to unpaid duty fees of $2.30. Pay at https://login-update-online-service.top.,Delivery Phishing,1,0.94,CRITICAL
"Hey, are we still meeting for lunch at the cafeteria around 1:00 PM today?",Legitimate Personal,0,0.244,LOW
"Congratulations! You've been whitelisted for the Exclusive Ripple Airdrop. Claim your free $5,000 token grant at http://kyc-urgent-support.info.",Crypto Investment Scam,1,0.964,HIGH
"Congratulations! You've been whitelisted for the Exclusive Ripple Airdrop. Claim your free $5,000 token grant at http://secure-verify-auth2.xyz.",Crypto Investment Scam,1,0.914,HIGH
Your monthly bank statement for account ending in 4428 is now ready to view in the official mobile banking app.,Legitimate Banking,0,0.229,LOW
Your verification code for Uber is 610760. This code will expire in 10 minutes. Do not share it with anyone.,Legitimate OTP,0,0.136,LOW
Immediate hiring for Amazon Product Reviewer. Daily payout $500. Message Telegram @CryptoProf_964 for instant onboarding.,Fake Job Offer,1,0.918,CRITICAL
Your monthly bank statement for account ending in 5596 is now ready to view in the official mobile banking app.,Legitimate Banking,0,0.297,LOW
Your order #ORD-128102 has been shipped via FedEx. Expected delivery is Friday by 5:00 PM. Track at official app.,Legitimate E-commerce,0,0.208,LOW
This is the Chief Financial Officer. I am in an urgent meeting and need you to purchase 5x $100 Apple Gift Cards and email the codes.,Executive Impersonation,1,0.784,HIGH
"Reminder: Your dentist appointment with Dr. Smith is scheduled for tomorrow at 2:30 PM. Reply 1 to confirm, 2 to reschedule.",Legitimate Service,0,0.139,LOW
This is the Chief Financial Officer. I am in an urgent meeting and need you to purchase 5x $100 Apple Gift Cards and email the codes.,Executive Impersonation,1,0.904,HIGH
"Congratulations! You've been whitelisted for the Exclusive Ethereum Airdrop. Claim your free $5,000 token grant at http://claim-crypto-giveaway.net.",Crypto Investment Scam,1,0.981,HIGH
Amazon Notification: Your mobile number was selected for an iPhone 15 Pro giveaway. Claim within 10 minutes at https://login-update-online-service.top.,Lottery / Prize Fraud,1,0.976,CRITICAL
"Congratulations! You've been whitelisted for the Exclusive Bitcoin Airdrop. Claim your free $5,000 token grant at http://secure-verify-auth2.xyz.",Crypto Investment Scam,1,0.819,HIGH
Netflix Member Alert: We could not process your latest payment. Update billing details at https://login-update-online-service.top to avoid service cancellation.,Subscription Phishing,1,0.891,CRITICAL
Thanks for reaching out to customer support. Your ticket #73689 has been resolved. Please rate our service.,Legitimate Support,0,0.081,LOW
Your monthly bank statement for account ending in 6268 is now ready to view in the official mobile banking app.,Legitimate Banking,0,0.099,LOW
Part-time Online Job Offer: Earn $300-$800 daily by rating hotels/apps on your phone for 1 hour. No experience required. WhatsApp: +1-888-893-1691,Fake Job Offer,1,0.773,CRITICAL
"Dear Customer, Your debit card ending in 1208 is locked. Click http://usps-delivery-portal.cc to update KYC within 24 hours.",Banking Phishing,1,0.782,CRITICAL
IRS / Tax Notice: A federal warrant is issued for tax evasion. Call +1-889-559-2709 immediately or law enforcement will be dispatched.,Impersonation / Extortion,1,0.812,CRITICAL
Your order #ORD-306790 has been shipped via FedEx. Expected delivery is Friday by 5:00 PM. Track at official app.,Legitimate E-commerce,0,0.289,LOW
"Invest $200 today and receive $3,500 daily guaranteed passive income! Contact our VIP forex manager on Telegram @CryptoProf_708.",Crypto Investment Scam,1,0.945,HIGH
Guaranteed 450% return in 48 hours! Join our automated crypto arbitrage pool today. Send 0.92 ETH to 0x25602ae and start earning.,Crypto Investment Scam,1,0.899,HIGH
"Hey, are we still meeting for lunch at the cafeteria around 1:00 PM today?",Legitimate Personal,0,0.176,LOW
Payment received: You paid $42.50 at Trader Joe's using Apple Pay on Aug 25.,Legitimate Transaction,0,0.191,LOW
HDFC Security: Unusual login from United States. Confirm your identity now at http://usps-delivery-portal.cc to prevent account freeze.,Banking Phishing,1,0.776,HIGH
Google Calendar: Standup meeting starts in 10 minutes (10:00 AM - 10:15 AM).,Legitimate Calendar,0,0.144,LOW
Part-time Online Job Offer: Earn $300-$800 daily by rating hotels/apps on your phone for 1 hour. No experience required. WhatsApp: +1-990-483-8413,Fake Job Offer,1,0.85,HIGH
Thanks for reaching out to customer support. Your ticket #30678 has been resolved. Please rate our service.,Legitimate Support,0,0.092,LOW
"WINNER! You have won the United States Mega Millions International Draw of $3,000,000! Call +1-784-275-6112 immediately with code WIN4658 to claim.",Lottery / Prize Fraud,1,0.781,CRITICAL
URGENT: Your Chase account has been suspended due to suspicious activity. Verify immediately at https://login-update-online-service.top to avoid permanent deactivation.,Banking Phishing,1,0.935,HIGH
"ALERT: An unauthorized transaction of $7748 was attempted on your account. If this was not you, cancel it now at http://kyc-urgent-support.info.",Banking Phishing,1,0.923,CRITICAL
"Hi team, please find the quarterly performance slide deck attached for tomorrow's review meeting.",Legitimate Business,0,0.291,LOW
Zoom meeting invitation: Weekly Engineering Sync on Thursday at 3:00 PM EST. Join with meeting ID 6699.,Legitimate Work,0,0.102,LOW
"Hi team, please find the quarterly performance slide deck attached for tomorrow's review meeting.",Legitimate Business,0,0.151,LOW
Guaranteed 450% return in 48 hours! Join our automated crypto arbitrage pool today. Send 1.06 ETH to 0x9c42a4 and start earning.,Crypto Investment Scam,1,0.934,HIGH
IRS / Tax Notice: A federal warrant is issued for tax evasion. Call +1-888-808-3755 immediately or law enforcement will be dispatched.,Impersonation / Extortion,1,0.876,HIGH
Zoom meeting invitation: Weekly Engineering Sync on Thursday at 3:00 PM EST. Join with meeting ID 7485.,Legitimate Work,0,0.211,LOW
HR Global Recruiter: You have been shortlisted for Remote Data Entry role paying $65/hr. Pay registration fee $49 at https://login-update-online-service.top to get started.,Fake Job Offer,1,0.78,CRITICAL
Payment received: You paid $42.50 at Trader Joe's using Apple Pay on Aug 25.,Legitimate Transaction,0,0.074,LOW
"Hi team, please find the quarterly performance slide deck attached for tomorrow's review meeting.",Legitimate Business,0,0.188,LOW
GitHub: A new security advisory was published for your repository. Check security tab for details.,Legitimate Notification,0,0.198,LOW
Capital One Security: Unusual login from Russia. Confirm your identity now at http://kyc-urgent-support.info to prevent account freeze.,Banking Phishing,1,0.777,HIGH
Tesla & Elon Musk 100M Crypto Giveaway! Send 0.1 BTC to receive 0.5 BTC back immediately: http://claim-crypto-giveaway.net,Crypto Investment Scam,1,0.799,HIGH
Here is the updated recipe for the chocolate cake we discussed last weekend. Let me know if you need vanilla extract.,Legitimate Personal,0,0.128,LOW
Part-time Online Job Offer: Earn $300-$800 daily by rating hotels/apps on your phone for 1 hour. No experience required. WhatsApp: +1-224-631-3655,Fake Job Offer,1,0.865,HIGH
"Congratulations! You've been whitelisted for the Exclusive Bitcoin Airdrop. Claim your free $5,000 token grant at https://bank-security-center.ru.",Crypto Investment Scam,1,0.827,CRITICAL
Part-time Online Job Offer: Earn $300-$800 daily by rating hotels/apps on your phone for 1 hour. No experience required. WhatsApp: +1-900-390-6165,Fake Job Offer,1,0.893,CRITICAL
Part-time Online Job Offer: Earn $300-$800 daily by rating hotels/apps on your phone for 1 hour. No experience required. WhatsApp: +1-396-408-2182,Fake Job Offer,1,0.856,HIGH
Part-time Online Job Offer: Earn $300-$800 daily by rating hotels/apps on your phone for 1 hour. No experience required. WhatsApp: +1-863-851-8194,Fake Job Offer,1,0.873,CRITICAL
Google Calendar: Standup meeting starts in 10 minutes (10:00 AM - 10:15 AM).,Legitimate Calendar,0,0.182,LOW
"Congratulations! You've been whitelisted for the Exclusive Solana Airdrop. Claim your free $5,000 token grant at http://kyc-urgent-support.info.",Crypto Investment Scam,1,0.93,HIGH
"Invest $200 today and receive $3,500 daily guaranteed passive income! Contact our VIP forex manager on Telegram @CryptoProf_601.",Crypto Investment Scam,1,0.9,CRITICAL
Netflix Member Alert: We could not process your latest payment. Update billing details at https://bank-security-center.ru to avoid service cancellation.,Subscription Phishing,1,0.972,HIGH
"Reminder: Your dentist appointment with Dr. Smith is scheduled for tomorrow at 2:30 PM. Reply 1 to confirm, 2 to reschedule.",Legitimate Service,0,0.168,LOW
"Reminder: Your dentist appointment with Dr. Smith is scheduled for tomorrow at 2:30 PM. Reply 1 to confirm, 2 to reschedule.",Legitimate Service,0,0.233,LOW
Your verification code for Uber is 367378. This code will expire in 10 minutes. Do not share it with anyone.,Legitimate OTP,0,0.332,LOW
GitHub: A new security advisory was published for your repository. Check security tab for details.,Legitimate Notification,0,0.153,LOW
Google Calendar: Standup meeting starts in 10 minutes (10:00 AM - 10:15 AM).,Legitimate Calendar,0,0.099,LOW
HR Global Recruiter: You have been shortlisted for Remote Data Entry role paying $65/hr. Pay registration fee $49 at http://kyc-urgent-support.info to get started.,Fake Job Offer,1,0.834,CRITICAL
Payment received: You paid $42.50 at Trader Joe's using Apple Pay on Aug 25.,Legitimate Transaction,0,0.188,LOW
"Dear Customer, Your debit card ending in 7481 is locked. Click http://kyc-urgent-support.info to update KYC within 24 hours.",Banking Phishing,1,0.888,CRITICAL
Google Calendar: Standup meeting starts in 10 minutes (10:00 AM - 10:15 AM).,Legitimate Calendar,0,0.121,LOW
"Hey, are we still meeting for lunch at the cafeteria around 1:00 PM today?",Legitimate Personal,0,0.307,LOW
"Walmart Reward: You have a pending voucher worth $1,000. Complete this short survey at https://login-update-online-service.top before expiration.",Lottery / Prize Fraud,1,0.855,CRITICAL
Package Delivery Failed: USPS tracking #US23454777P is held at terminal due to unpaid duty fees of $2.30. Pay at http://kyc-urgent-support.info.,Delivery Phishing,1,0.978,HIGH
GitHub: A new security advisory was published for your repository. Check security tab for details.,Legitimate Notification,0,0.242,LOW
"Dear Customer, Your debit card ending in 1089 is locked. Click https://bank-security-center.ru to update KYC within 24 hours.",Banking Phishing,1,0.861,HIGH
Your verification code for Uber is 598156. This code will expire in 10 minutes. Do not share it with anyone.,Legitimate OTP,0,0.087,LOW
URGENT: Your Citibank account has been suspended due to suspicious activity. Verify immediately at http://usps-delivery-portal.cc to avoid permanent deactivation.,Banking Phishing,1,0.853,HIGH
Zoom meeting invitation: Weekly Engineering Sync on Thursday at 3:00 PM EST. Join with meeting ID 8711.,Legitimate Work,0,0.307,LOW
Immediate hiring for Amazon Product Reviewer. Daily payout $500. Message Telegram @CryptoProf_161 for instant onboarding.,Fake Job Offer,1,0.927,CRITICAL
Immediate hiring for Amazon Product Reviewer. Daily payout $500. Message Telegram @CryptoProf_999 for instant onboarding.,Fake Job Offer,1,0.964,CRITICAL
Your order #ORD-409190 has been shipped via FedEx. Expected delivery is Friday by 5:00 PM. Track at official app.,Legitimate E-commerce,0,0.31,LOW
"Reminder: Your dentist appointment with Dr. Smith is scheduled for tomorrow at 2:30 PM. Reply 1 to confirm, 2 to reschedule.",Legitimate Service,0,0.118,LOW
Amazon Notification: Your mobile number was selected for an iPhone 15 Pro giveaway. Claim within 10 minutes at http://secure-verify-auth2.xyz.,Lottery / Prize Fraud,1,0.79,CRITICAL
Amazon Notification: Your mobile number was selected for an iPhone 15 Pro giveaway. Claim within 10 minutes at http://kyc-urgent-support.info.,Lottery / Prize Fraud,1,0.822,HIGH
Google Calendar: Standup meeting starts in 10 minutes (10:00 AM - 10:15 AM).,Legitimate Calendar,0,0.081,LOW
GitHub: A new security advisory was published for your repository. Check security tab for details.,Legitimate Notification,0,0.216,LOW
Zoom meeting invitation: Weekly Engineering Sync on Thursday at 3:00 PM EST. Join with meeting ID 1760.,Legitimate Work,0,0.267,LOW
Tesla & Elon Musk 100M Crypto Giveaway! Send 0.1 BTC to receive 0.5 BTC back immediately: http://claim-crypto-giveaway.net,Crypto Investment Scam,1,0.819,HIGH
Your order #ORD-918997 has been shipped via FedEx. Expected delivery is Friday by 5:00 PM. Track at official app.,Legitimate E-commerce,0,0.278,LOW
Zoom meeting invitation: Weekly Engineering Sync on Thursday at 3:00 PM EST. Join with meeting ID 4822.,Legitimate Work,0,0.263,LOW
"Hi team, please find the quarterly performance slide deck attached for tomorrow's review meeting.",Legitimate Business,0,0.088,LOW
"Hey, are we still meeting for lunch at the cafeteria around 1:00 PM today?",Legitimate Personal,0,0.288,LOW
"Invest $200 today and receive $3,500 daily guaranteed passive income! Contact our VIP forex manager on Telegram @CryptoProf_548.",Crypto Investment Scam,1,0.989,HIGH
Your verification code for Google is 954093. This code will expire in 10 minutes. Do not share it with anyone.,Legitimate OTP,0,0.104,LOW
Here is the updated recipe for the chocolate cake we discussed last weekend. Let me know if you need vanilla extract.,Legitimate Personal,0,0.245,LOW
GitHub: A new security advisory was published for your repository. Check security tab for details.,Legitimate Notification,0,0.276,LOW
"Walmart Reward: You have a pending voucher worth $1,000. Complete this short survey at https://bank-security-center.ru before expiration.",Lottery / Prize Fraud,1,0.887,CRITICAL
Thanks for reaching out to customer support. Your ticket #66250 has been resolved. Please rate our service.,Legitimate Support,0,0.273,LOW
Google Calendar: Standup meeting starts in 10 minutes (10:00 AM - 10:15 AM).,Legitimate Calendar,0,0.279,LOW
URGENT: Your Citibank account has been suspended due to suspicious activity. Verify immediately at https://login-update-online-service.top to avoid permanent deactivation.,Banking Phishing,1,0.826,CRITICAL
Here is the updated recipe for the chocolate cake we discussed last weekend. Let me know if you need vanilla extract.,Legitimate Personal,0,0.304,LOW
"WINNER! You have won the Nigeria Mega Millions International Draw of $12,000,000! Call +1-971-763-1073 immediately with code WIN3802 to claim.",Lottery / Prize Fraud,1,0.865,HIGH
Your order #ORD-485582 has been shipped via FedEx. Expected delivery is Friday by 5:00 PM. Track at official app.,Legitimate E-commerce,0,0.335,LOW
IRS / Tax Notice: A federal warrant is issued for tax evasion. Call +1-522-500-3631 immediately or law enforcement will be dispatched.,Impersonation / Extortion,1,0.885,HIGH
Your verification code for Uber is 895458. This code will expire in 10 minutes. Do not share it with anyone.,Legitimate OTP,0,0.229,LOW
Zoom meeting invitation: Weekly Engineering Sync on Thursday at 3:00 PM EST. Join with meeting ID 3161.,Legitimate Work,0,0.268,LOW
This is the Chief Financial Officer. I am in an urgent meeting and need you to purchase 5x $100 Apple Gift Cards and email the codes.,Executive Impersonation,1,0.868,CRITICAL
"Reminder: Your dentist appointment with Dr. Smith is scheduled for tomorrow at 2:30 PM. Reply 1 to confirm, 2 to reschedule.",Legitimate Service,0,0.163,LOW
"Reminder: Your dentist appointment with Dr. Smith is scheduled for tomorrow at 2:30 PM. Reply 1 to confirm, 2 to reschedule.",Legitimate Service,0,0.303,LOW
Payment received: You paid $42.50 at Trader Joe's using Apple Pay on Aug 25.,Legitimate Transaction,0,0.31,LOW
Google Calendar: Standup meeting starts in 10 minutes (10:00 AM - 10:15 AM).,Legitimate Calendar,0,0.289,LOW
"Walmart Reward: You have a pending voucher worth $1,000. Complete this short survey at https://bank-security-center.ru before expiration.",Lottery / Prize Fraud,1,0.811,HIGH
Immediate hiring for Amazon Product Reviewer. Daily payout $500. Message Telegram @CryptoProf_742 for instant onboarding.,Fake Job Offer,1,0.898,HIGH
Immediate hiring for Amazon Product Reviewer. Daily payout $500. Message Telegram @CryptoProf_827 for instant onboarding.,Fake Job Offer,1,0.981,CRITICAL
Your monthly bank statement for account ending in 2751 is now ready to view in the official mobile banking app.,Legitimate Banking,0,0.116,LOW
Zoom meeting invitation: Weekly Engineering Sync on Thursday at 3:00 PM EST. Join with meeting ID 4260.,Legitimate Work,0,0.174,LOW
"ALERT: An unauthorized transaction of $8687 was attempted on your account. If this was not you, cancel it now at http://secure-verify-auth2.xyz.",Banking Phishing,1,0.979,HIGH
Here is the updated recipe for the chocolate cake we discussed last weekend. Let me know if you need vanilla extract.,Legitimate Personal,0,0.13,LOW
"Hi team, please find the quarterly performance slide deck attached for tomorrow's review meeting.",Legitimate Business,0,0.253,LOW
Guaranteed 450% return in 48 hours! Join our automated crypto arbitrage pool today. Send 3.24 ETH to 0x4329c06 and start earning.,Crypto Investment Scam,1,0.894,CRITICAL
Amazon Notification: Your mobile number was selected for an iPhone 15 Pro giveaway. Claim within 10 minutes at http://kyc-urgent-support.info.,Lottery / Prize Fraud,1,0.976,CRITICAL
"WINNER! You have won the United Kingdom Mega Millions International Draw of $3,000,000! Call +1-736-593-9693 immediately with code WIN8501 to claim.",Lottery / Prize Fraud,1,0.844,HIGH
Payment received: You paid $42.50 at Trader Joe's using Apple Pay on Aug 25.,Legitimate Transaction,0,0.185,LOW
Your verification code for Uber is 172673. This code will expire in 10 minutes. Do not share it with anyone.,Legitimate OTP,0,0.076,LOW
IRS / Tax Notice: A federal warrant is issued for tax evasion. Call +1-424-879-1422 immediately or law enforcement will be dispatched.,Impersonation / Extortion,1,0.793,HIGH
Zoom meeting invitation: Weekly Engineering Sync on Thursday at 3:00 PM EST. Join with meeting ID 3136.,Legitimate Work,0,0.146,LOW
URGENT: Your Bank of America account has been suspended due to suspicious activity. Verify immediately at http://usps-delivery-portal.cc to avoid permanent deactivation.,Banking Phishing,1,0.957,CRITICAL
Your monthly bank statement for account ending in 8007 is now ready to view in the official mobile banking app.,Legitimate Banking,0,0.318,LOW
Netflix Member Alert: We could not process your latest payment. Update billing details at https://login-update-online-service.top to avoid service cancellation.,Subscription Phishing,1,0.978,HIGH
"Hey, are we still meeting for lunch at the cafeteria around 1:00 PM today?",Legitimate Personal,0,0.315,LOW
Zoom meeting invitation: Weekly Engineering Sync on Thursday at 3:00 PM EST. Join with meeting ID 4552.,Legitimate Work,0,0.162,LOW
Your verification code for Uber is 808244. This code will expire in 10 minutes. Do not share it with anyone.,Legitimate OTP,0,0.219,LOW
This is the Chief Financial Officer. I am in an urgent meeting and need you to purchase 5x $100 Apple Gift Cards and email the codes.,Executive Impersonation,1,0.793,CRITICAL
"Invest $200 today and receive $3,500 daily guaranteed passive income! Contact our VIP forex manager on Telegram @CryptoProf_899.",Crypto Investment Scam,1,0.772,HIGH
Netflix Member Alert: We could not process your latest payment. Update billing details at http://secure-verify-auth2.xyz to avoid service cancellation.,Subscription Phishing,1,0.987,CRITICAL
"Reminder: Your dentist appointment with Dr. Smith is scheduled for tomorrow at 2:30 PM. Reply 1 to confirm, 2 to reschedule.",Legitimate Service,0,0.174,LOW
State Bank Security: Unusual login from Singapore. Confirm your identity now at http://claim-crypto-giveaway.net to prevent account freeze.,Banking Phishing,1,0.941,CRITICAL
"ALERT: An unauthorized transaction of $1604 was attempted on your account. If this was not you, cancel it now at https://login-update-online-service.top.",Banking Phishing,1,0.917,CRITICAL
"Hey, are we still meeting for lunch at the cafeteria around 1:00 PM today?",Legitimate Personal,0,0.288,LOW
Payment received: You paid $42.50 at Trader Joe's using Apple Pay on Aug 25.,Legitimate Transaction,0,0.058,LOW
Amazon Notification: Your mobile number was selected for an iPhone 15 Pro giveaway. Claim within 10 minutes at http://secure-verify-auth2.xyz.,Lottery / Prize Fraud,1,0.889,CRITICAL
Payment received: You paid $42.50 at Trader Joe's using Apple Pay on Aug 25.,Legitimate Transaction,0,0.103,LOW
"ALERT: An unauthorized transaction of $8307 was attempted on your account. If this was not you, cancel it now at https://login-update-online-service.top.",Banking Phishing,1,0.77,CRITICAL
Thanks for reaching out to customer support. Your ticket #69285 has been resolved. Please rate our service.,Legitimate Support,0,0.157,LOW
"Invest $200 today and receive $3,500 daily guaranteed passive income! Contact our VIP forex manager on Telegram @CryptoProf_324.",Crypto Investment Scam,1,0.876,CRITICAL
Amazon Notification: Your mobile number was selected for an iPhone 15 Pro giveaway. Claim within 10 minutes at https://login-update-online-service.top.,Lottery / Prize Fraud,1,0.798,HIGH
"Hey, are we still meeting for lunch at the cafeteria around 1:00 PM today?",Legitimate Personal,0,0.336,LOW
Package Delivery Failed: USPS tracking #US75765186P is held at terminal due to unpaid duty fees of $2.30. Pay at https://bank-security-center.ru.,Delivery Phishing,1,0.891,HIGH
Tesla & Elon Musk 100M Crypto Giveaway! Send 0.1 BTC to receive 0.5 BTC back immediately: https://login-update-online-service.top,Crypto Investment Scam,1,0.793,HIGH
"Walmart Reward: You have a pending voucher worth $1,000. Complete this short survey at http://kyc-urgent-support.info before expiration.",Lottery / Prize Fraud,1,0.974,HIGH
Your monthly bank statement for account ending in 4619 is now ready to view in the official mobile banking app.,Legitimate Banking,0,0.259,LOW
Zoom meeting invitation: Weekly Engineering Sync on Thursday at 3:00 PM EST. Join with meeting ID 5625.,Legitimate Work,0,0.053,LOW
Guaranteed 450% return in 48 hours! Join our automated crypto arbitrage pool today. Send 2.54 ETH to 0xf471ca and start earning.,Crypto Investment Scam,1,0.877,HIGH
Here is the updated recipe for the chocolate cake we discussed last weekend. Let me know if you need vanilla extract.,Legitimate Personal,0,0.105,LOW
HR Global Recruiter: You have been shortlisted for Remote Data Entry role paying $65/hr. Pay registration fee $49 at http://claim-crypto-giveaway.net to get started.,Fake Job Offer,1,0.904,HIGH
Immediate hiring for Amazon Product Reviewer. Daily payout $500. Message Telegram @CryptoProf_228 for instant onboarding.,Fake Job Offer,1,0.926,CRITICAL
"Hey, are we still meeting for lunch at the cafeteria around 1:00 PM today?",Legitimate Personal,0,0.09,LOW
Package Delivery Failed: USPS tracking #US43525115P is held at terminal due to unpaid duty fees of $2.30. Pay at http://kyc-urgent-support.info.,Delivery Phishing,1,0.844,CRITICAL
Thanks for reaching out to customer support. Your ticket #21422 has been resolved. Please rate our service.,Legitimate Support,0,0.336,LOW
Amazon Notification: Your mobile number was selected for an iPhone 15 Pro giveaway. Claim within 10 minutes at https://bank-security-center.ru.,Lottery / Prize Fraud,1,0.804,HIGH
"Dear Customer, Your debit card ending in 3358 is locked. Click https://login-update-online-service.top to update KYC within 24 hours.",Banking Phishing,1,0.865,CRITICAL
"Congratulations! You've been whitelisted for the Exclusive Ripple Airdrop. Claim your free $5,000 token grant at http://kyc-urgent-support.info.",Crypto Investment Scam,1,0.838,CRITICAL
Your verification code for Apple ID is 576326. This code will expire in 10 minutes. Do not share it with anyone.,Legitimate OTP,0,0.134,LOW
HR Global Recruiter: You have been shortlisted for Remote Data Entry role paying $65/hr. Pay registration fee $49 at http://claim-crypto-giveaway.net to get started.,Fake Job Offer,1,0.872,HIGH
"Invest $200 today and receive $3,500 daily guaranteed passive income! Contact our VIP forex manager on Telegram @CryptoProf_484.",Crypto Investment Scam,1,0.877,HIGH
Immediate hiring for Amazon Product Reviewer. Daily payout $500. Message Telegram @CryptoProf_894 for instant onboarding.,Fake Job Offer,1,0.826,CRITICAL
"Invest $200 today and receive $3,500 daily guaranteed passive income! Contact our VIP forex manager on Telegram @CryptoProf_741.",Crypto Investment Scam,1,0.972,HIGH
GitHub: A new security advisory was published for your repository. Check security tab for details.,Legitimate Notification,0,0.066,LOW
"Congratulations! You've been whitelisted for the Exclusive Ethereum Airdrop. Claim your free $5,000 token grant at http://usps-delivery-portal.cc.",Crypto Investment Scam,1,0.948,HIGH
Google Calendar: Standup meeting starts in 10 minutes (10:00 AM - 10:15 AM).,Legitimate Calendar,0,0.096,LOW
GitHub: A new security advisory was published for your repository. Check security tab for details.,Legitimate Notification,0,0.064,LOW
GitHub: A new security advisory was published for your repository. Check security tab for details.,Legitimate Notification,0,0.219,LOW
HDFC Security: Unusual login from Nigeria. Confirm your identity now at http://secure-verify-auth2.xyz to prevent account freeze.,Banking Phishing,1,0.756,HIGH
Payment received: You paid $42.50 at Trader Joe's using Apple Pay on Aug 25.,Legitimate Transaction,0,0.071,LOW
"Reminder: Your dentist appointment with Dr. Smith is scheduled for tomorrow at 2:30 PM. Reply 1 to confirm, 2 to reschedule.",Legitimate Service,0,0.227,LOW
Netflix Member Alert: We could not process your latest payment. Update billing details at https://bank-security-center.ru to avoid service cancellation.,Subscription Phishing,1,0.789,CRITICAL
"Dear Customer, Your debit card ending in 7282 is locked. Click https://bank-security-center.ru to update KYC within 24 hours.",Banking Phishing,1,0.984,HIGH
GitHub: A new security advisory was published for your repository. Check security tab for details.,Legitimate Notification,0,0.163,LOW
Immediate hiring for Amazon Product Reviewer. Daily payout $500. Message Telegram @CryptoProf_327 for instant onboarding.,Fake Job Offer,1,0.777,CRITICAL
Netflix Member Alert: We could not process your latest payment. Update billing details at https://bank-security-center.ru to avoid service cancellation.,Subscription Phishing,1,0.766,CRITICAL
Barclays Security: Unusual login from Singapore. Confirm your identity now at http://claim-crypto-giveaway.net to prevent account freeze.,Banking Phishing,1,0.967,CRITICAL
"Walmart Reward: You have a pending voucher worth $1,000. Complete this short survey at http://kyc-urgent-support.info before expiration.",Lottery / Prize Fraud,1,0.883,CRITICAL
Your verification code for Instagram is 395281. This code will expire in 10 minutes. Do not share it with anyone.,Legitimate OTP,0,0.171,LOW
"Walmart Reward: You have a pending voucher worth $1,000. Complete this short survey at https://bank-security-center.ru before expiration.",Lottery / Prize Fraud,1,0.956,HIGH
IRS / Tax Notice: A federal warrant is issued for tax evasion. Call +1-746-230-6245 immediately or law enforcement will be dispatched.,Impersonation / Extortion,1,0.753,HIGH
Wells Fargo Security: Unusual login from Russia. Confirm your identity now at http://secure-verify-auth2.xyz to prevent account freeze.,Banking Phishing,1,0.864,HIGH
Zoom meeting invitation: Weekly Engineering Sync on Thursday at 3:00 PM EST. Join with meeting ID 9293.,Legitimate Work,0,0.262,LOW
"Hi team, please find the quarterly performance slide deck attached for tomorrow's review meeting.",Legitimate Business,0,0.306,LOW
"Dear Customer, Your debit card ending in 2588 is locked. Click http://kyc-urgent-support.info to update KYC within 24 hours.",Banking Phishing,1,0.914,HIGH
Thanks for reaching out to customer support. Your ticket #46847 has been resolved. Please rate our service.,Legitimate Support,0,0.175,LOW
Guaranteed 450% return in 48 hours! Join our automated crypto arbitrage pool today. Send 3.75 ETH to 0x3c4caee and start earning.,Crypto Investment Scam,1,0.839,CRITICAL
Google Calendar: Standup meeting starts in 10 minutes (10:00 AM - 10:15 AM).,Legitimate Calendar,0,0.081,LOW
Zoom meeting invitation: Weekly Engineering Sync on Thursday at 3:00 PM EST. Join with meeting ID 9137.,Legitimate Work,0,0.217,LOW
"Walmart Reward: You have a pending voucher worth $1,000. Complete this short survey at http://usps-delivery-portal.cc before expiration.",Lottery / Prize Fraud,1,0.988,CRITICAL
Zoom meeting invitation: Weekly Engineering Sync on Thursday at 3:00 PM EST. Join with meeting ID 6877.,Legitimate Work,0,0.25,LOW
GitHub: A new security advisory was published for your repository. Check security tab for details.,Legitimate Notification,0,0.291,LOW
"Hey, are we still meeting for lunch at the cafeteria around 1:00 PM today?",Legitimate Personal,0,0.26,LOW
"WINNER! You have won the United States Mega Millions International Draw of $4,000,000! Call +1-315-722-9234 immediately with code WIN4497 to claim.",Lottery / Prize Fraud,1,0.796,HIGH
"Hi team, please find the quarterly performance slide deck attached for tomorrow's review meeting.",Legitimate Business,0,0.101,LOW
Google Calendar: Standup meeting starts in 10 minutes (10:00 AM - 10:15 AM).,Legitimate Calendar,0,0.121,LOW
URGENT: Your HDFC account has been suspended due to suspicious activity. Verify immediately at http://secure-verify-auth2.xyz to avoid permanent deactivation.,Banking Phishing,1,0.801,CRITICAL
"Reminder: Your dentist appointment with Dr. Smith is scheduled for tomorrow at 2:30 PM. Reply 1 to confirm, 2 to reschedule.",Legitimate Service,0,0.197,LOW
URGENT: Your Chase account has been suspended due to suspicious activity. Verify immediately at https://login-update-online-service.top to avoid permanent deactivation.,Banking Phishing,1,0.882,HIGH
Google Calendar: Standup meeting starts in 10 minutes (10:00 AM - 10:15 AM).,Legitimate Calendar,0,0.254,LOW
Amazon Notification: Your mobile number was selected for an iPhone 15 Pro giveaway. Claim within 10 minutes at https://login-update-online-service.top.,Lottery / Prize Fraud,1,0.866,CRITICAL
"WINNER! You have won the Singapore Mega Millions International Draw of $1,000,000! Call +1-593-403-2194 immediately with code WIN7971 to claim.",Lottery / Prize Fraud,1,0.875,CRITICAL
Your order #ORD-934881 has been shipped via FedEx. Expected delivery is Friday by 5:00 PM. Track at official app.,Legitimate E-commerce,0,0.078,LOW
HR Global Recruiter: You have been shortlisted for Remote Data Entry role paying $65/hr. Pay registration fee $49 at https://login-update-online-service.top to get started.,Fake Job Offer,1,0.788,CRITICAL
"Dear Customer, Your debit card ending in 8561 is locked. Click http://secure-verify-auth2.xyz to update KYC within 24 hours.",Banking Phishing,1,0.83,CRITICAL
Your order #ORD-401309 has been shipped via FedEx. Expected delivery is Friday by 5:00 PM. Track at official app.,Legitimate E-commerce,0,0.167,LOW
"WINNER! You have won the Singapore Mega Millions International Draw of $11,000,000! Call +1-595-345-6868 immediately with code WIN9927 to claim.",Lottery / Prize Fraud,1,0.917,HIGH
GitHub: A new security advisory was published for your repository. Check security tab for details.,Legitimate Notification,0,0.17,LOW
Thanks for reaching out to customer support. Your ticket #53734 has been resolved. Please rate our service.,Legitimate Support,0,0.178,LOW
"Reminder: Your dentist appointment with Dr. Smith is scheduled for tomorrow at 2:30 PM. Reply 1 to confirm, 2 to reschedule.",Legitimate Service,0,0.072,LOW
Your monthly bank statement for account ending in 6066 is now ready to view in the official mobile banking app.,Legitimate Banking,0,0.323,LOW
"Walmart Reward: You have a pending voucher worth $1,000. Complete this short survey at http://secure-verify-auth2.xyz before expiration.",Lottery / Prize Fraud,1,0.972,HIGH
Thanks for reaching out to customer support. Your ticket #62611 has been resolved. Please rate our service.,Legitimate Support,0,0.244,LOW
"Walmart Reward: You have a pending voucher worth $1,000. Complete this short survey at http://kyc-urgent-support.info before expiration.",Lottery / Prize Fraud,1,0.807,HIGH
Netflix Member Alert: We could not process your latest payment. Update billing details at http://claim-crypto-giveaway.net to avoid service cancellation.,Subscription Phishing,1,0.787,CRITICAL
"Hi team, please find the quarterly performance slide deck attached for tomorrow's review meeting.",Legitimate Business,0,0.077,LOW
Your monthly bank statement for account ending in 8875 is now ready to view in the official mobile banking app.,Legitimate Banking,0,0.078,LOW
"WINNER! You have won the Germany Mega Millions International Draw of $11,000,000! Call +1-326-258-1121 immediately with code WIN7090 to claim.",Lottery / Prize Fraud,1,0.885,HIGH
GitHub: A new security advisory was published for your repository. Check security tab for details.,Legitimate Notification,0,0.128,LOW
Your monthly bank statement for account ending in 4961 is now ready to view in the official mobile banking app.,Legitimate Banking,0,0.245,LOW
"Hey, are we still meeting for lunch at the cafeteria around 1:00 PM today?",Legitimate Personal,0,0.131,LOW
"Reminder: Your dentist appointment with Dr. Smith is scheduled for tomorrow at 2:30 PM. Reply 1 to confirm, 2 to reschedule.",Legitimate Service,0,0.34,LOW
Tesla & Elon Musk 100M Crypto Giveaway! Send 0.1 BTC to receive 0.5 BTC back immediately: http://usps-delivery-portal.cc,Crypto Investment Scam,1,0.904,HIGH
"Congratulations! You've been whitelisted for the Exclusive Bitcoin Airdrop. Claim your free $5,000 token grant at https://login-update-online-service.top.",Crypto Investment Scam,1,0.915,HIGH
GitHub: A new security advisory was published for your repository. Check security tab for details.,Legitimate Notification,0,0.117,LOW
Guaranteed 450% return in 48 hours! Join our automated crypto arbitrage pool today. Send 3.34 ETH to 0x53fe8e7 and start earning.,Crypto Investment Scam,1,0.82,HIGH
Capital One Security: Unusual login from Germany. Confirm your identity now at http://kyc-urgent-support.info to prevent account freeze.,Banking Phishing,1,0.866,CRITICAL
"Hi team, please find the quarterly performance slide deck attached for tomorrow's review meeting.",Legitimate Business,0,0.225,LOW
GitHub: A new security advisory was published for your repository. Check security tab for details.,Legitimate Notification,0,0.291,LOW
Your order #ORD-393520 has been shipped via FedEx. Expected delivery is Friday by 5:00 PM. Track at official app.,Legitimate E-commerce,0,0.337,LOW
IRS / Tax Notice: A federal warrant is issued for tax evasion. Call +1-367-167-3960 immediately or law enforcement will be dispatched.,Impersonation / Extortion,1,0.78,CRITICAL
"Walmart Reward: You have a pending voucher worth $1,000. Complete this short survey at https://bank-security-center.ru before expiration.",Lottery / Prize Fraud,1,0.953,HIGH
Thanks for reaching out to customer support. Your ticket #81153 has been resolved. Please rate our service.,Legitimate Support,0,0.264,LOW
Package Delivery Failed: USPS tracking #US22994698P is held at terminal due to unpaid duty fees of $2.30. Pay at http://secure-verify-auth2.xyz.,Delivery Phishing,1,0.905,HIGH
"Congratulations! You've been whitelisted for the Exclusive Bitcoin Airdrop. Claim your free $5,000 token grant at https://bank-security-center.ru.",Crypto Investment Scam,1,0.973,HIGH
"Reminder: Your dentist appointment with Dr. Smith is scheduled for tomorrow at 2:30 PM. Reply 1 to confirm, 2 to reschedule.",Legitimate Service,0,0.15,LOW
GitHub: A new security advisory was published for your repository. Check security tab for details.,Legitimate Notification,0,0.125,LOW
Package Delivery Failed: USPS tracking #US68008964P is held at terminal due to unpaid duty fees of $2.30. Pay at http://kyc-urgent-support.info.,Delivery Phishing,1,0.768,HIGH
This is the Chief Financial Officer. I am in an urgent meeting and need you to purchase 5x $100 Apple Gift Cards and email the codes.,Executive Impersonation,1,0.837,HIGH
GitHub: A new security advisory was published for your repository. Check security tab for details.,Legitimate Notification,0,0.067,LOW
Your verification code for Apple ID is 894751. This code will expire in 10 minutes. Do not share it with anyone.,Legitimate OTP,0,0.302,LOW
Immediate hiring for Amazon Product Reviewer. Daily payout $500. Message Telegram @CryptoProf_562 for instant onboarding.,Fake Job Offer,1,0.837,HIGH
Guaranteed 450% return in 48 hours! Join our automated crypto arbitrage pool today. Send 2.74 ETH to 0x209bc34 and start earning.,Crypto Investment Scam,1,0.835,HIGH
IRS / Tax Notice: A federal warrant is issued for tax evasion. Call +1-823-998-9129 immediately or law enforcement will be dispatched.,Impersonation / Extortion,1,0.778,CRITICAL
Your monthly bank statement for account ending in 6426 is now ready to view in the official mobile banking app.,Legitimate Banking,0,0.114,LOW
URGENT: Your HSBC account has been suspended due to suspicious activity. Verify immediately at http://claim-crypto-giveaway.net to avoid permanent deactivation.,Banking Phishing,1,0.861,HIGH
"Hi team, please find the quarterly performance slide deck attached for tomorrow's review meeting.",Legitimate Business,0,0.215,LOW
This is the Chief Financial Officer. I am in an urgent meeting and need you to purchase 5x $100 Apple Gift Cards and email the codes.,Executive Impersonation,1,0.957,CRITICAL
"WINNER! You have won the United States Mega Millions International Draw of $3,000,000! Call +1-749-169-9540 immediately with code WIN8881 to claim.",Lottery / Prize Fraud,1,0.838,HIGH
HR Global Recruiter: You have been shortlisted for Remote Data Entry role paying $65/hr. Pay registration fee $49 at http://secure-verify-auth2.xyz to get started.,Fake Job Offer,1,0.753,CRITICAL
Payment received: You paid $42.50 at Trader Joe's using Apple Pay on Aug 25.,Legitimate Transaction,0,0.068,LOW
Your verification code for Instagram is 979337. This code will expire in 10 minutes. Do not share it with anyone.,Legitimate OTP,0,0.105,LOW
"Hey, are we still meeting for lunch at the cafeteria around 1:00 PM today?",Legitimate Personal,0,0.262,LOW
Here is the updated recipe for the chocolate cake we discussed last weekend. Let me know if you need vanilla extract.,Legitimate Personal,0,0.339,LOW
"Hi team, please find the quarterly performance slide deck attached for tomorrow's review meeting.",Legitimate Business,0,0.29,LOW
Google Calendar: Standup meeting starts in 10 minutes (10:00 AM - 10:15 AM).,Legitimate Calendar,0,0.097,LOW
"Hi team, please find the quarterly performance slide deck attached for tomorrow's review meeting.",Legitimate Business,0,0.284,LOW
GitHub: A new security advisory was published for your repository. Check security tab for details.,Legitimate Notification,0,0.187,LOW
Netflix Member Alert: We could not process your latest payment. Update billing details at http://kyc-urgent-support.info to avoid service cancellation.,Subscription Phishing,1,0.958,CRITICAL
Your monthly bank statement for account ending in 3289 is now ready to view in the official mobile banking app.,Legitimate Banking,0,0.189,LOW
"Hi team, please find the quarterly performance slide deck attached for tomorrow's review meeting.",Legitimate Business,0,0.223,LOW
Here is the updated recipe for the chocolate cake we discussed last weekend. Let me know if you need vanilla extract.,Legitimate Personal,0,0.245,LOW
Your monthly bank statement for account ending in 4967 is now ready to view in the official mobile banking app.,Legitimate Banking,0,0.169,LOW
Thanks for reaching out to customer support. Your ticket #82269 has been resolved. Please rate our service.,Legitimate Support,0,0.13,LOW
This is the Chief Financial Officer. I am in an urgent meeting and need you to purchase 5x $100 Apple Gift Cards and email the codes.,Executive Impersonation,1,0.891,HIGH
"Invest $200 today and receive $3,500 daily guaranteed passive income! Contact our VIP forex manager on Telegram @CryptoProf_246.",Crypto Investment Scam,1,0.785,CRITICAL
Part-time Online Job Offer: Earn $300-$800 daily by rating hotels/apps on your phone for 1 hour. No experience required. WhatsApp: +1-666-893-9094,Fake Job Offer,1,0.951,CRITICAL
Here is the updated recipe for the chocolate cake we discussed last weekend. Let me know if you need vanilla extract.,Legitimate Personal,0,0.068,LOW
HDFC Security: Unusual login from Germany. Confirm your identity now at http://secure-verify-auth2.xyz to prevent account freeze.,Banking Phishing,1,0.927,HIGH
Chase Security: Unusual login from United States. Confirm your identity now at http://kyc-urgent-support.info to prevent account freeze.,Banking Phishing,1,0.815,CRITICAL
"Hey, are we still meeting for lunch at the cafeteria around 1:00 PM today?",Legitimate Personal,0,0.086,LOW
"Invest $200 today and receive $3,500 daily guaranteed passive income! Contact our VIP forex manager on Telegram @CryptoProf_621.",Crypto Investment Scam,1,0.841,CRITICAL
"Invest $200 today and receive $3,500 daily guaranteed passive income! Contact our VIP forex manager on Telegram @CryptoProf_288.",Crypto Investment Scam,1,0.796,CRITICAL
URGENT: Your HSBC account has been suspended due to suspicious activity. Verify immediately at https://login-update-online-service.top to avoid permanent deactivation.,Banking Phishing,1,0.863,CRITICAL
Netflix Member Alert: We could not process your latest payment. Update billing details at https://bank-security-center.ru to avoid service cancellation.,Subscription Phishing,1,0.909,HIGH
"Walmart Reward: You have a pending voucher worth $1,000. Complete this short survey at http://claim-crypto-giveaway.net before expiration.",Lottery / Prize Fraud,1,0.96,CRITICAL
"Hey, are we still meeting for lunch at the cafeteria around 1:00 PM today?",Legitimate Personal,0,0.284,LOW
"Reminder: Your dentist appointment with Dr. Smith is scheduled for tomorrow at 2:30 PM. Reply 1 to confirm, 2 to reschedule.",Legitimate Service,0,0.076,LOW
Netflix Member Alert: We could not process your latest payment. Update billing details at http://secure-verify-auth2.xyz to avoid service cancellation.,Subscription Phishing,1,0.956,HIGH
Zoom meeting invitation: Weekly Engineering Sync on Thursday at 3:00 PM EST. Join with meeting ID 8002.,Legitimate Work,0,0.323,LOW
Your order #ORD-394940 has been shipped via FedEx. Expected delivery is Friday by 5:00 PM. Track at official app.,Legitimate E-commerce,0,0.177,LOW
Netflix Member Alert: We could not process your latest payment. Update billing details at http://claim-crypto-giveaway.net to avoid service cancellation.,Subscription Phishing,1,0.929,CRITICAL
GitHub: A new security advisory was published for your repository. Check security tab for details.,Legitimate Notification,0,0.158,LOW
URGENT: Your Citibank account has been suspended due to suspicious activity. Verify immediately at http://secure-verify-auth2.xyz to avoid permanent deactivation.,Banking Phishing,1,0.879,HIGH
"Congratulations! You've been whitelisted for the Exclusive Ripple Airdrop. Claim your free $5,000 token grant at http://usps-delivery-portal.cc.",Crypto Investment Scam,1,0.901,HIGH
Guaranteed 450% return in 48 hours! Join our automated crypto arbitrage pool today. Send 3.89 ETH to 0x3c38ecb and start earning.,Crypto Investment Scam,1,0.908,HIGH
Your monthly bank statement for account ending in 8545 is now ready to view in the official mobile banking app.,Legitimate Banking,0,0.073,LOW
"Congratulations! You've been whitelisted for the Exclusive Bitcoin Airdrop. Claim your free $5,000 token grant at https://login-update-online-service.top.",Crypto Investment Scam,1,0.965,HIGH
Google Calendar: Standup meeting starts in 10 minutes (10:00 AM - 10:15 AM).,Legitimate Calendar,0,0.168,LOW
Zoom meeting invitation: Weekly Engineering Sync on Thursday at 3:00 PM EST. Join with meeting ID 8809.,Legitimate Work,0,0.193,LOW
Your order #ORD-237457 has been shipped via FedEx. Expected delivery is Friday by 5:00 PM. Track at official app.,Legitimate E-commerce,0,0.299,LOW
URGENT: Your Bank of America account has been suspended due to suspicious activity. Verify immediately at http://usps-delivery-portal.cc to avoid permanent deactivation.,Banking Phishing,1,0.969,CRITICAL
"Dear Customer, Your debit card ending in 7106 is locked. Click http://claim-crypto-giveaway.net to update KYC within 24 hours.",Banking Phishing,1,0.752,HIGH
Netflix Member Alert: We could not process your latest payment. Update billing details at http://claim-crypto-giveaway.net to avoid service cancellation.,Subscription Phishing,1,0.858,HIGH
Guaranteed 450% return in 48 hours! Join our automated crypto arbitrage pool today. Send 4.47 ETH to 0x28b1ecd and start earning.,Crypto Investment Scam,1,0.819,CRITICAL
"Dear Customer, Your debit card ending in 8271 is locked. Click https://bank-security-center.ru to update KYC within 24 hours.",Banking Phishing,1,0.918,HIGH
Your order #ORD-109713 has been shipped via FedEx. Expected delivery is Friday by 5:00 PM. Track at official app.,Legitimate E-commerce,0,0.079,LOW
"Walmart Reward: You have a pending voucher worth $1,000. Complete this short survey at http://usps-delivery-portal.cc before expiration.",Lottery / Prize Fraud,1,0.907,CRITICAL
Payment received: You paid $42.50 at Trader Joe's using Apple Pay on Aug 25.,Legitimate Transaction,0,0.14,LOW
"Reminder: Your dentist appointment with Dr. Smith is scheduled for tomorrow at 2:30 PM. Reply 1 to confirm, 2 to reschedule.",Legitimate Service,0,0.328,LOW
"WINNER! You have won the United Kingdom Mega Millions International Draw of $12,000,000! Call +1-813-997-6430 immediately with code WIN4525 to claim.",Lottery / Prize Fraud,1,0.843,CRITICAL
HR Global Recruiter: You have been shortlisted for Remote Data Entry role paying $65/hr. Pay registration fee $49 at http://secure-verify-auth2.xyz to get started.,Fake Job Offer,1,0.771,HIGH
HR Global Recruiter: You have been shortlisted for Remote Data Entry role paying $65/hr. Pay registration fee $49 at http://usps-delivery-portal.cc to get started.,Fake Job Offer,1,0.813,HIGH
Tesla & Elon Musk 100M Crypto Giveaway! Send 0.1 BTC to receive 0.5 BTC back immediately: http://kyc-urgent-support.info,Crypto Investment Scam,1,0.787,HIGH
Payment received: You paid $42.50 at Trader Joe's using Apple Pay on Aug 25.,Legitimate Transaction,0,0.075,LOW
Wells Fargo Security: Unusual login from United States. Confirm your identity now at http://claim-crypto-giveaway.net to prevent account freeze.,Banking Phishing,1,0.757,HIGH
"ALERT: An unauthorized transaction of $569 was attempted on your account. If this was not you, cancel it now at https://bank-security-center.ru.",Banking Phishing,1,0.867,CRITICAL
"Congratulations! You've been whitelisted for the Exclusive Ripple Airdrop. Claim your free $5,000 token grant at https://login-update-online-service.top.",Crypto Investment Scam,1,0.768,CRITICAL
Tesla & Elon Musk 100M Crypto Giveaway! Send 0.1 BTC to receive 0.5 BTC back immediately: http://claim-crypto-giveaway.net,Crypto Investment Scam,1,0.817,HIGH
Your order #ORD-804403 has been shipped via FedEx. Expected delivery is Friday by 5:00 PM. Track at official app.,Legitimate E-commerce,0,0.189,LOW
Amazon Notification: Your mobile number was selected for an iPhone 15 Pro giveaway. Claim within 10 minutes at https://login-update-online-service.top.,Lottery / Prize Fraud,1,0.957,HIGH
Your verification code for Google is 486570. This code will expire in 10 minutes. Do not share it with anyone.,Legitimate OTP,0,0.246,LOW
Part-time Online Job Offer: Earn $300-$800 daily by rating hotels/apps on your phone for 1 hour. No experience required. WhatsApp: +1-918-946-8638,Fake Job Offer,1,0.918,CRITICAL
URGENT: Your HDFC account has been suspended due to suspicious activity. Verify immediately at http://claim-crypto-giveaway.net to avoid permanent deactivation.,Banking Phishing,1,0.853,CRITICAL
Your monthly bank statement for account ending in 3732 is now ready to view in the official mobile banking app.,Legitimate Banking,0,0.337,LOW
"Dear Customer, Your debit card ending in 9351 is locked. Click http://secure-verify-auth2.xyz to update KYC within 24 hours.",Banking Phishing,1,0.927,HIGH
"WINNER! You have won the United Kingdom Mega Millions International Draw of $11,000,000! Call +1-409-156-9140 immediately with code WIN2836 to claim.",Lottery / Prize Fraud,1,0.751,CRITICAL
Netflix Member Alert: We could not process your latest payment. Update billing details at http://claim-crypto-giveaway.net to avoid service cancellation.,Subscription Phishing,1,0.784,HIGH
Netflix Member Alert: We could not process your latest payment. Update billing details at http://kyc-urgent-support.info to avoid service cancellation.,Subscription Phishing,1,0.847,CRITICAL
Immediate hiring for Amazon Product Reviewer. Daily payout $500. Message Telegram @CryptoProf_398 for instant onboarding.,Fake Job Offer,1,0.776,CRITICAL
Thanks for reaching out to customer support. Your ticket #38738 has been resolved. Please rate our service.,Legitimate Support,0,0.144,LOW
Payment received: You paid $42.50 at Trader Joe's using Apple Pay on Aug 25.,Legitimate Transaction,0,0.163,LOW
"Hi team, please find the quarterly performance slide deck attached for tomorrow's review meeting.",Legitimate Business,0,0.129,LOW
Here is the updated recipe for the chocolate cake we discussed last weekend. Let me know if you need vanilla extract.,Legitimate Personal,0,0.256,LOW
"Hi team, please find the quarterly performance slide deck attached for tomorrow's review meeting.",Legitimate Business,0,0.088,LOW
GitHub: A new security advisory was published for your repository. Check security tab for details.,Legitimate Notification,0,0.261,LOW
"Reminder: Your dentist appointment with Dr. Smith is scheduled for tomorrow at 2:30 PM. Reply 1 to confirm, 2 to reschedule.",Legitimate Service,0,0.061,LOW
HR Global Recruiter: You have been shortlisted for Remote Data Entry role paying $65/hr. Pay registration fee $49 at http://secure-verify-auth2.xyz to get started.,Fake Job Offer,1,0.774,HIGH
"Invest $200 today and receive $3,500 daily guaranteed passive income! Contact our VIP forex manager on Telegram @CryptoProf_574.",Crypto Investment Scam,1,0.816,CRITICAL
Package Delivery Failed: USPS tracking #US57765058P is held at terminal due to unpaid duty fees of $2.30. Pay at https://bank-security-center.ru.,Delivery Phishing,1,0.96,CRITICAL
Your verification code for Google is 486133. This code will expire in 10 minutes. Do not share it with anyone.,Legitimate OTP,0,0.247,LOW
Payment received: You paid $42.50 at Trader Joe's using Apple Pay on Aug 25.,Legitimate Transaction,0,0.294,LOW
"Invest $200 today and receive $3,500 daily guaranteed passive income! Contact our VIP forex manager on Telegram @CryptoProf_515.",Crypto Investment Scam,1,0.774,HIGH
State Bank Security: Unusual login from United States. Confirm your identity now at http://kyc-urgent-support.info to prevent account freeze.,Banking Phishing,1,0.966,HIGH
Part-time Online Job Offer: Earn $300-$800 daily by rating hotels/apps on your phone for 1 hour. No experience required. WhatsApp: +1-276-791-6512,Fake Job Offer,1,0.813,HIGH
"Dear Customer, Your debit card ending in 9586 is locked. Click http://usps-delivery-portal.cc to update KYC within 24 hours.",Banking Phishing,1,0.93,CRITICAL
"Hey, are we still meeting for lunch at the cafeteria around 1:00 PM today?",Legitimate Personal,0,0.287,LOW
"Walmart Reward: You have a pending voucher worth $1,000. Complete this short survey at http://secure-verify-auth2.xyz before expiration.",Lottery / Prize Fraud,1,0.832,HIGH
"Reminder: Your dentist appointment with Dr. Smith is scheduled for tomorrow at 2:30 PM. Reply 1 to confirm, 2 to reschedule.",Legitimate Service,0,0.068,LOW
"Hey, are we still meeting for lunch at the cafeteria around 1:00 PM today?",Legitimate Personal,0,0.074,LOW
Thanks for reaching out to customer support. Your ticket #75735 has been resolved. Please rate our service.,Legitimate Support,0,0.227,LOW
Tesla & Elon Musk 100M Crypto Giveaway! Send 0.1 BTC to receive 0.5 BTC back immediately: http://secure-verify-auth2.xyz,Crypto Investment Scam,1,0.939,HIGH
"Dear Customer, Your debit card ending in 9168 is locked. Click http://secure-verify-auth2.xyz to update KYC within 24 hours.",Banking Phishing,1,0.758,CRITICAL
Here is the updated recipe for the chocolate cake we discussed last weekend. Let me know if you need vanilla extract.,Legitimate Personal,0,0.18,LOW
Payment received: You paid $42.50 at Trader Joe's using Apple Pay on Aug 25.,Legitimate Transaction,0,0.317,LOW
Your monthly bank statement for account ending in 5689 is now ready to view in the official mobile banking app.,Legitimate Banking,0,0.07,LOW
Payment received: You paid $42.50 at Trader Joe's using Apple Pay on Aug 25.,Legitimate Transaction,0,0.17,LOW
Guaranteed 450% return in 48 hours! Join our automated crypto arbitrage pool today. Send 2.27 ETH to 0x3c5ce8f and start earning.,Crypto Investment Scam,1,0.762,CRITICAL
Zoom meeting invitation: Weekly Engineering Sync on Thursday at 3:00 PM EST. Join with meeting ID 9509.,Legitimate Work,0,0.286,LOW
"Dear Customer, Your debit card ending in 4097 is locked. Click https://login-update-online-service.top to update KYC within 24 hours.",Banking Phishing,1,0.768,HIGH
Your order #ORD-579321 has been shipped via FedEx. Expected delivery is Friday by 5:00 PM. Track at official app.,Legitimate E-commerce,0,0.062,LOW
Part-time Online Job Offer: Earn $300-$800 daily by rating hotels/apps on your phone for 1 hour. No experience required. WhatsApp: +1-542-244-1651,Fake Job Offer,1,0.818,CRITICAL
Your order #ORD-143254 has been shipped via FedEx. Expected delivery is Friday by 5:00 PM. Track at official app.,Legitimate E-commerce,0,0.29,LOW
GitHub: A new security advisory was published for your repository. Check security tab for details.,Legitimate Notification,0,0.107,LOW
"Invest $200 today and receive $3,500 daily guaranteed passive income! Contact our VIP forex manager on Telegram @CryptoProf_695.",Crypto Investment Scam,1,0.885,CRITICAL
Payment received: You paid $42.50 at Trader Joe's using Apple Pay on Aug 25.,Legitimate Transaction,0,0.298,LOW
Guaranteed 450% return in 48 hours! Join our automated crypto arbitrage pool today. Send 3.8 ETH to 0x59566e8 and start earning.,Crypto Investment Scam,1,0.889,HIGH
Amazon Notification: Your mobile number was selected for an iPhone 15 Pro giveaway. Claim within 10 minutes at https://login-update-online-service.top.,Lottery / Prize Fraud,1,0.775,CRITICAL
GitHub: A new security advisory was published for your repository. Check security tab for details.,Legitimate Notification,0,0.141,LOW
Your monthly bank statement for account ending in 4106 is now ready to view in the official mobile banking app.,Legitimate Banking,0,0.096,LOW
Package Delivery Failed: USPS tracking #US32006622P is held at terminal due to unpaid duty fees of $2.30. Pay at http://kyc-urgent-support.info.,Delivery Phishing,1,0.922,HIGH
GitHub: A new security advisory was published for your repository. Check security tab for details.,Legitimate Notification,0,0.186,LOW
Payment received: You paid $42.50 at Trader Joe's using Apple Pay on Aug 25.,Legitimate Transaction,0,0.295,LOW
Your monthly bank statement for account ending in 9514 is now ready to view in the official mobile banking app.,Legitimate Banking,0,0.256,LOW
"Reminder: Your dentist appointment with Dr. Smith is scheduled for tomorrow at 2:30 PM. Reply 1 to confirm, 2 to reschedule.",Legitimate Service,0,0.295,LOW
"Reminder: Your dentist appointment with Dr. Smith is scheduled for tomorrow at 2:30 PM. Reply 1 to confirm, 2 to reschedule.",Legitimate Service,0,0.135,LOW
HR Global Recruiter: You have been shortlisted for Remote Data Entry role paying $65/hr. Pay registration fee $49 at https://login-update-online-service.top to get started.,Fake Job Offer,1,0.772,HIGH
"Hi team, please find the quarterly performance slide deck attached for tomorrow's review meeting.",Legitimate Business,0,0.083,LOW
"ALERT: An unauthorized transaction of $5126 was attempted on your account. If this was not you, cancel it now at http://kyc-urgent-support.info.",Banking Phishing,1,0.892,HIGH
Payment received: You paid $42.50 at Trader Joe's using Apple Pay on Aug 25.,Legitimate Transaction,0,0.093,LOW
"Hi team, please find the quarterly performance slide deck attached for tomorrow's review meeting.",Legitimate Business,0,0.095,LOW
This is the Chief Financial Officer. I am in an urgent meeting and need you to purchase 5x $100 Apple Gift Cards and email the codes.,Executive Impersonation,1,0.753,CRITICAL
Immediate hiring for Amazon Product Reviewer. Daily payout $500. Message Telegram @CryptoProf_155 for instant onboarding.,Fake Job Offer,1,0.903,CRITICAL
Here is the updated recipe for the chocolate cake we discussed last weekend. Let me know if you need vanilla extract.,Legitimate Personal,0,0.089,LOW
Thanks for reaching out to customer support. Your ticket #29510 has been resolved. Please rate our service.,Legitimate Support,0,0.069,LOW
Tesla & Elon Musk 100M Crypto Giveaway! Send 0.1 BTC to receive 0.5 BTC back immediately: http://claim-crypto-giveaway.net,Crypto Investment Scam,1,0.907,HIGH
"WINNER! You have won the Germany Mega Millions International Draw of $13,000,000! Call +1-980-761-9283 immediately with code WIN6067 to claim.",Lottery / Prize Fraud,1,0.811,CRITICAL
Your monthly bank statement for account ending in 3580 is now ready to view in the official mobile banking app.,Legitimate Banking,0,0.065,LOW
"Dear Customer, Your debit card ending in 7837 is locked. Click http://claim-crypto-giveaway.net to update KYC within 24 hours.",Banking Phishing,1,0.757,HIGH
Guaranteed 450% return in 48 hours! Join our automated crypto arbitrage pool today. Send 3.45 ETH to 0x33e3f46 and start earning.,Crypto Investment Scam,1,0.956,CRITICAL
"Hey, are we still meeting for lunch at the cafeteria around 1:00 PM today?",Legitimate Personal,0,0.151,LOW
IRS / Tax Notice: A federal warrant is issued for tax evasion. Call +1-424-544-4193 immediately or law enforcement will be dispatched.,Impersonation / Extortion,1,0.829,HIGH
Package Delivery Failed: USPS tracking #US43863894P is held at terminal due to unpaid duty fees of $2.30. Pay at https://login-update-online-service.top.,Delivery Phishing,1,0.981,CRITICAL
"Walmart Reward: You have a pending voucher worth $1,000. Complete this short survey at https://bank-security-center.ru before expiration.",Lottery / Prize Fraud,1,0.893,HIGH
"Invest $200 today and receive $3,500 daily guaranteed passive income! Contact our VIP forex manager on Telegram @CryptoProf_999.",Crypto Investment Scam,1,0.893,CRITICAL
"Hi team, please find the quarterly performance slide deck attached for tomorrow's review meeting.",Legitimate Business,0,0.204,LOW
Your monthly bank statement for account ending in 5180 is now ready to view in the official mobile banking app.,Legitimate Banking,0,0.179,LOW
Netflix Member Alert: We could not process your latest payment. Update billing details at http://usps-delivery-portal.cc to avoid service cancellation.,Subscription Phishing,1,0.845,HIGH
"Walmart Reward: You have a pending voucher worth $1,000. Complete this short survey at http://usps-delivery-portal.cc before expiration.",Lottery / Prize Fraud,1,0.754,CRITICAL
Payment received: You paid $42.50 at Trader Joe's using Apple Pay on Aug 25.,Legitimate Transaction,0,0.086,LOW
IRS / Tax Notice: A federal warrant is issued for tax evasion. Call +1-783-322-5776 immediately or law enforcement will be dispatched.,Impersonation / Extortion,1,0.981,CRITICAL
URGENT: Your HSBC account has been suspended due to suspicious activity. Verify immediately at http://kyc-urgent-support.info to avoid permanent deactivation.,Banking Phishing,1,0.761,HIGH
"Hey, are we still meeting for lunch at the cafeteria around 1:00 PM today?",Legitimate Personal,0,0.08,LOW
IRS / Tax Notice: A federal warrant is issued for tax evasion. Call +1-379-533-9292 immediately or law enforcement will be dispatched.,Impersonation / Extortion,1,0.958,CRITICAL
Amazon Notification: Your mobile number was selected for an iPhone 15 Pro giveaway. Claim within 10 minutes at https://login-update-online-service.top.,Lottery / Prize Fraud,1,0.887,CRITICAL
Netflix Member Alert: We could not process your latest payment. Update billing details at https://bank-security-center.ru to avoid service cancellation.,Subscription Phishing,1,0.943,HIGH
"Dear Customer, Your debit card ending in 6626 is locked. Click http://claim-crypto-giveaway.net to update KYC within 24 hours.",Banking Phishing,1,0.787,HIGH
HSBC Security: Unusual login from Germany. Confirm your identity now at https://bank-security-center.ru to prevent account freeze.,Banking Phishing,1,0.987,HIGH
Zoom meeting invitation: Weekly Engineering Sync on Thursday at 3:00 PM EST. Join with meeting ID 4595.,Legitimate Work,0,0.239,LOW
Here is the updated recipe for the chocolate cake we discussed last weekend. Let me know if you need vanilla extract.,Legitimate Personal,0,0.052,LOW
"Invest $200 today and receive $3,500 daily guaranteed passive income! Contact our VIP forex manager on Telegram @CryptoProf_539.",Crypto Investment Scam,1,0.975,HIGH
Thanks for reaching out to customer support. Your ticket #98927 has been resolved. Please rate our service.,Legitimate Support,0,0.175,LOW
Netflix Member Alert: We could not process your latest payment. Update billing details at http://secure-verify-auth2.xyz to avoid service cancellation.,Subscription Phishing,1,0.989,CRITICAL
Your order #ORD-560429 has been shipped via FedEx. Expected delivery is Friday by 5:00 PM. Track at official app.,Legitimate E-commerce,0,0.278,LOW
"Hey, are we still meeting for lunch at the cafeteria around 1:00 PM today?",Legitimate Personal,0,0.075,LOW
Here is the updated recipe for the chocolate cake we discussed last weekend. Let me know if you need vanilla extract.,Legitimate Personal,0,0.219,LOW
Your order #ORD-805917 has been shipped via FedEx. Expected delivery is Friday by 5:00 PM. Track at official app.,Legitimate E-commerce,0,0.057,LOW
Payment received: You paid $42.50 at Trader Joe's using Apple Pay on Aug 25.,Legitimate Transaction,0,0.311,LOW
Amazon Notification: Your mobile number was selected for an iPhone 15 Pro giveaway. Claim within 10 minutes at https://login-update-online-service.top.,Lottery / Prize Fraud,1,0.897,CRITICAL
Immediate hiring for Amazon Product Reviewer. Daily payout $500. Message Telegram @CryptoProf_837 for instant onboarding.,Fake Job Offer,1,0.767,CRITICAL
IRS / Tax Notice: A federal warrant is issued for tax evasion. Call +1-680-456-5248 immediately or law enforcement will be dispatched.,Impersonation / Extortion,1,0.99,CRITICAL
Package Delivery Failed: USPS tracking #US93939944P is held at terminal due to unpaid duty fees of $2.30. Pay at http://usps-delivery-portal.cc.,Delivery Phishing,1,0.803,CRITICAL
Your verification code for Microsoft is 752682. This code will expire in 10 minutes. Do not share it with anyone.,Legitimate OTP,0,0.16,LOW
Your verification code for Microsoft is 682803. This code will expire in 10 minutes. Do not share it with anyone.,Legitimate OTP,0,0.124,LOW
Tesla & Elon Musk 100M Crypto Giveaway! Send 0.1 BTC to receive 0.5 BTC back immediately: http://secure-verify-auth2.xyz,Crypto Investment Scam,1,0.897,HIGH
"Invest $200 today and receive $3,500 daily guaranteed passive income! Contact our VIP forex manager on Telegram @CryptoProf_892.",Crypto Investment Scam,1,0.827,CRITICAL
"Invest $200 today and receive $3,500 daily guaranteed passive income! Contact our VIP forex manager on Telegram @CryptoProf_801.",Crypto Investment Scam,1,0.921,CRITICAL
Package Delivery Failed: USPS tracking #US71063549P is held at terminal due to unpaid duty fees of $2.30. Pay at https://login-update-online-service.top.,Delivery Phishing,1,0.856,HIGH
Your monthly bank statement for account ending in 2660 is now ready to view in the official mobile banking app.,Legitimate Banking,0,0.29,LOW
GitHub: A new security advisory was published for your repository. Check security tab for details.,Legitimate Notification,0,0.175,LOW
"WINNER! You have won the Germany Mega Millions International Draw of $2,000,000! Call +1-257-938-1985 immediately with code WIN6261 to claim.",Lottery / Prize Fraud,1,0.836,HIGH
"Walmart Reward: You have a pending voucher worth $1,000. Complete this short survey at http://claim-crypto-giveaway.net before expiration.",Lottery / Prize Fraud,1,0.865,CRITICAL
"Walmart Reward: You have a pending voucher worth $1,000. Complete this short survey at http://secure-verify-auth2.xyz before expiration.",Lottery / Prize Fraud,1,0.981,HIGH
Amazon Notification: Your mobile number was selected for an iPhone 15 Pro giveaway. Claim within 10 minutes at http://usps-delivery-portal.cc.,Lottery / Prize Fraud,1,0.91,CRITICAL
Part-time Online Job Offer: Earn $300-$800 daily by rating hotels/apps on your phone for 1 hour. No experience required. WhatsApp: +1-586-185-8636,Fake Job Offer,1,0.813,CRITICAL
Your order #ORD-429414 has been shipped via FedEx. Expected delivery is Friday by 5:00 PM. Track at official app.,Legitimate E-commerce,0,0.067,LOW
IRS / Tax Notice: A federal warrant is issued for tax evasion. Call +1-369-254-5220 immediately or law enforcement will be dispatched.,Impersonation / Extortion,1,0.825,HIGH
Payment received: You paid $42.50 at Trader Joe's using Apple Pay on Aug 25.,Legitimate Transaction,0,0.223,LOW
Zoom meeting invitation: Weekly Engineering Sync on Thursday at 3:00 PM EST. Join with meeting ID 9267.,Legitimate Work,0,0.099,LOW
Thanks for reaching out to customer support. Your ticket #77886 has been resolved. Please rate our service.,Legitimate Support,0,0.059,LOW
GitHub: A new security advisory was published for your repository. Check security tab for details.,Legitimate Notification,0,0.261,LOW
IRS / Tax Notice: A federal warrant is issued for tax evasion. Call +1-806-891-9870 immediately or law enforcement will be dispatched.,Impersonation / Extortion,1,0.867,CRITICAL
Netflix Member Alert: We could not process your latest payment. Update billing details at https://login-update-online-service.top to avoid service cancellation.,Subscription Phishing,1,0.898,CRITICAL
"WINNER! You have won the United States Mega Millions International Draw of $3,000,000! Call +1-296-418-2425 immediately with code WIN2430 to claim.",Lottery / Prize Fraud,1,0.89,CRITICAL
HR Global Recruiter: You have been shortlisted for Remote Data Entry role paying $65/hr. Pay registration fee $49 at http://secure-verify-auth2.xyz to get started.,Fake Job Offer,1,0.778,HIGH
Your monthly bank statement for account ending in 9015 is now ready to view in the official mobile banking app.,Legitimate Banking,0,0.131,LOW
"Hi team, please find the quarterly performance slide deck attached for tomorrow's review meeting.",Legitimate Business,0,0.254,LOW
Google Calendar: Standup meeting starts in 10 minutes (10:00 AM - 10:15 AM).,Legitimate Calendar,0,0.242,LOW
"Reminder: Your dentist appointment with Dr. Smith is scheduled for tomorrow at 2:30 PM. Reply 1 to confirm, 2 to reschedule.",Legitimate Service,0,0.143,LOW
Netflix Member Alert: We could not process your latest payment. Update billing details at http://claim-crypto-giveaway.net to avoid service cancellation.,Subscription Phishing,1,0.79,HIGH
"Hi team, please find the quarterly performance slide deck attached for tomorrow's review meeting.",Legitimate Business,0,0.323,LOW
This is the Chief Financial Officer. I am in an urgent meeting and need you to purchase 5x $100 Apple Gift Cards and email the codes.,Executive Impersonation,1,0.78,HIGH
GitHub: A new security advisory was published for your repository. Check security tab for details.,Legitimate Notification,0,0.187,LOW
Your order #ORD-566388 has been shipped via FedEx. Expected delivery is Friday by 5:00 PM. Track at official app.,Legitimate E-commerce,0,0.307,LOW
Guaranteed 450% return in 48 hours! Join our automated crypto arbitrage pool today. Send 4.99 ETH to 0x2d534b3 and start earning.,Crypto Investment Scam,1,0.965,CRITICAL
Here is the updated recipe for the chocolate cake we discussed last weekend. Let me know if you need vanilla extract.,Legitimate Personal,0,0.155,LOW
Your monthly bank statement for account ending in 6611 is now ready to view in the official mobile banking app.,Legitimate Banking,0,0.089,LOW
Immediate hiring for Amazon Product Reviewer. Daily payout $500. Message Telegram @CryptoProf_802 for instant onboarding.,Fake Job Offer,1,0.758,HIGH
Tesla & Elon Musk 100M Crypto Giveaway! Send 0.1 BTC to receive 0.5 BTC back immediately: http://secure-verify-auth2.xyz,Crypto Investment Scam,1,0.935,HIGH
Amazon Notification: Your mobile number was selected for an iPhone 15 Pro giveaway. Claim within 10 minutes at http://kyc-urgent-support.info.,Lottery / Prize Fraud,1,0.846,HIGH
"Reminder: Your dentist appointment with Dr. Smith is scheduled for tomorrow at 2:30 PM. Reply 1 to confirm, 2 to reschedule.",Legitimate Service,0,0.268,LOW
Payment received: You paid $42.50 at Trader Joe's using Apple Pay on Aug 25.,Legitimate Transaction,0,0.122,LOW
Google Calendar: Standup meeting starts in 10 minutes (10:00 AM - 10:15 AM).,Legitimate Calendar,0,0.338,LOW
Guaranteed 450% return in 48 hours! Join our automated crypto arbitrage pool today. Send 2.64 ETH to 0x2596b27 and start earning.,Crypto Investment Scam,1,0.974,CRITICAL
HR Global Recruiter: You have been shortlisted for Remote Data Entry role paying $65/hr. Pay registration fee $49 at http://usps-delivery-portal.cc to get started.,Fake Job Offer,1,0.784,HIGH
Package Delivery Failed: USPS tracking #US92229970P is held at terminal due to unpaid duty fees of $2.30. Pay at http://usps-delivery-portal.cc.,Delivery Phishing,1,0.824,CRITICAL
This is the Chief Financial Officer. I am in an urgent meeting and need you to purchase 5x $100 Apple Gift Cards and email the codes.,Executive Impersonation,1,0.965,HIGH
HDFC Security: Unusual login from Nigeria. Confirm your identity now at https://bank-security-center.ru to prevent account freeze.,Banking Phishing,1,0.976,CRITICAL
"ALERT: An unauthorized transaction of $8578 was attempted on your account. If this was not you, cancel it now at http://secure-verify-auth2.xyz.",Banking Phishing,1,0.85,CRITICAL
HR Global Recruiter: You have been shortlisted for Remote Data Entry role paying $65/hr. Pay registration fee $49 at http://usps-delivery-portal.cc to get started.,Fake Job Offer,1,0.988,HIGH
"Reminder: Your dentist appointment with Dr. Smith is scheduled for tomorrow at 2:30 PM. Reply 1 to confirm, 2 to reschedule.",Legitimate Service,0,0.086,LOW
Netflix Member Alert: We could not process your latest payment. Update billing details at http://usps-delivery-portal.cc to avoid service cancellation.,Subscription Phishing,1,0.988,HIGH
HR Global Recruiter: You have been shortlisted for Remote Data Entry role paying $65/hr. Pay registration fee $49 at http://secure-verify-auth2.xyz to get started.,Fake Job Offer,1,0.857,CRITICAL
Part-time Online Job Offer: Earn $300-$800 daily by rating hotels/apps on your phone for 1 hour. No experience required. WhatsApp: +1-808-153-6077,Fake Job Offer,1,0.966,HIGH
Your monthly bank statement for account ending in 5586 is now ready to view in the official mobile banking app.,Legitimate Banking,0,0.273,LOW
Guaranteed 450% return in 48 hours! Join our automated crypto arbitrage pool today. Send 2.46 ETH to 0x124e975 and start earning.,Crypto Investment Scam,1,0.759,HIGH
Your verification code for Google is 389041. This code will expire in 10 minutes. Do not share it with anyone.,Legitimate OTP,0,0.074,LOW
"Congratulations! You've been whitelisted for the Exclusive Bitcoin Airdrop. Claim your free $5,000 token grant at http://claim-crypto-giveaway.net.",Crypto Investment Scam,1,0.849,CRITICAL
Your monthly bank statement for account ending in 3608 is now ready to view in the official mobile banking app.,Legitimate Banking,0,0.134,LOW
Tesla & Elon Musk 100M Crypto Giveaway! Send 0.1 BTC to receive 0.5 BTC back immediately: http://kyc-urgent-support.info,Crypto Investment Scam,1,0.757,CRITICAL
"Reminder: Your dentist appointment with Dr. Smith is scheduled for tomorrow at 2:30 PM. Reply 1 to confirm, 2 to reschedule.",Legitimate Service,0,0.133,LOW
Part-time Online Job Offer: Earn $300-$800 daily by rating hotels/apps on your phone for 1 hour. No experience required. WhatsApp: +1-411-885-9457,Fake Job Offer,1,0.859,HIGH
HR Global Recruiter: You have been shortlisted for Remote Data Entry role paying $65/hr. Pay registration fee $49 at http://kyc-urgent-support.info to get started.,Fake Job Offer,1,0.949,CRITICAL
"Reminder: Your dentist appointment with Dr. Smith is scheduled for tomorrow at 2:30 PM. Reply 1 to confirm, 2 to reschedule.",Legitimate Service,0,0.242,LOW
Thanks for reaching out to customer support. Your ticket #86953 has been resolved. Please rate our service.,Legitimate Support,0,0.105,LOW
"Hey, are we still meeting for lunch at the cafeteria around 1:00 PM today?",Legitimate Personal,0,0.064,LOW
Your verification code for Uber is 847410. This code will expire in 10 minutes. Do not share it with anyone.,Legitimate OTP,0,0.318,LOW
Netflix Member Alert: We could not process your latest payment. Update billing details at http://kyc-urgent-support.info to avoid service cancellation.,Subscription Phishing,1,0.758,HIGH
"WINNER! You have won the Germany Mega Millions International Draw of $5,000,000! Call +1-853-298-8955 immediately with code WIN6031 to claim.",Lottery / Prize Fraud,1,0.883,CRITICAL
"Invest $200 today and receive $3,500 daily guaranteed passive income! Contact our VIP forex manager on Telegram @CryptoProf_526.",Crypto Investment Scam,1,0.802,HIGH
Your verification code for Microsoft is 620189. This code will expire in 10 minutes. Do not share it with anyone.,Legitimate OTP,0,0.116,LOW
Netflix Member Alert: We could not process your latest payment. Update billing details at https://login-update-online-service.top to avoid service cancellation.,Subscription Phishing,1,0.867,CRITICAL
Part-time Online Job Offer: Earn $300-$800 daily by rating hotels/apps on your phone for 1 hour. No experience required. WhatsApp: +1-275-666-8502,Fake Job Offer,1,0.979,HIGH
Your order #ORD-688376 has been shipped via FedEx. Expected delivery is Friday by 5:00 PM. Track at official app.,Legitimate E-commerce,0,0.298,LOW
IRS / Tax Notice: A federal warrant is issued for tax evasion. Call +1-604-141-2976 immediately or law enforcement will be dispatched.,Impersonation / Extortion,1,0.751,HIGH
IRS / Tax Notice: A federal warrant is issued for tax evasion. Call +1-813-582-1830 immediately or law enforcement will be dispatched.,Impersonation / Extortion,1,0.787,HIGH
Payment received: You paid $42.50 at Trader Joe's using Apple Pay on Aug 25.,Legitimate Transaction,0,0.216,LOW
Amazon Notification: Your mobile number was selected for an iPhone 15 Pro giveaway. Claim within 10 minutes at https://login-update-online-service.top.,Lottery / Prize Fraud,1,0.754,HIGH
Netflix Member Alert: We could not process your latest payment. Update billing details at http://claim-crypto-giveaway.net to avoid service cancellation.,Subscription Phishing,1,0.983,CRITICAL
This is the Chief Financial Officer. I am in an urgent meeting and need you to purchase 5x $100 Apple Gift Cards and email the codes.,Executive Impersonation,1,0.959,CRITICAL
Amazon Notification: Your mobile number was selected for an iPhone 15 Pro giveaway. Claim within 10 minutes at http://claim-crypto-giveaway.net.,Lottery / Prize Fraud,1,0.803,CRITICAL
Zoom meeting invitation: Weekly Engineering Sync on Thursday at 3:00 PM EST. Join with meeting ID 8656.,Legitimate Work,0,0.185,LOW
Chase Security: Unusual login from Nigeria. Confirm your identity now at https://bank-security-center.ru to prevent account freeze.,Banking Phishing,1,0.786,HIGH
Thanks for reaching out to customer support. Your ticket #68813 has been resolved. Please rate our service.,Legitimate Support,0,0.231,LOW
State Bank Security: Unusual login from Germany. Confirm your identity now at http://kyc-urgent-support.info to prevent account freeze.,Banking Phishing,1,0.868,CRITICAL
Netflix Member Alert: We could not process your latest payment. Update billing details at https://bank-security-center.ru to avoid service cancellation.,Subscription Phishing,1,0.895,HIGH
Your order #ORD-904258 has been shipped via FedEx. Expected delivery is Friday by 5:00 PM. Track at official app.,Legitimate E-commerce,0,0.316,LOW
Here is the updated recipe for the chocolate cake we discussed last weekend. Let me know if you need vanilla extract.,Legitimate Personal,0,0.312,LOW
Your order #ORD-427968 has been shipped via FedEx. Expected delivery is Friday by 5:00 PM. Track at official app.,Legitimate E-commerce,0,0.19,LOW
Amazon Notification: Your mobile number was selected for an iPhone 15 Pro giveaway. Claim within 10 minutes at https://bank-security-center.ru.,Lottery / Prize Fraud,1,0.869,CRITICAL
Thanks for reaching out to customer support. Your ticket #46379 has been resolved. Please rate our service.,Legitimate Support,0,0.233,LOW
Your verification code for Apple ID is 232130. This code will expire in 10 minutes. Do not share it with anyone.,Legitimate OTP,0,0.12,LOW
"Walmart Reward: You have a pending voucher worth $1,000. Complete this short survey at https://bank-security-center.ru before expiration.",Lottery / Prize Fraud,1,0.842,CRITICAL
Wells Fargo Security: Unusual login from Germany. Confirm your identity now at https://login-update-online-service.top to prevent account freeze.,Banking Phishing,1,0.86,HIGH
Thanks for reaching out to customer support. Your ticket #30422 has been resolved. Please rate our service.,Legitimate Support,0,0.277,LOW
"Walmart Reward: You have a pending voucher worth $1,000. Complete this short survey at https://bank-security-center.ru before expiration.",Lottery / Prize Fraud,1,0.914,HIGH
Tesla & Elon Musk 100M Crypto Giveaway! Send 0.1 BTC to receive 0.5 BTC back immediately: https://bank-security-center.ru,Crypto Investment Scam,1,0.8,CRITICAL
Payment received: You paid $42.50 at Trader Joe's using Apple Pay on Aug 25.,Legitimate Transaction,0,0.208,LOW
GitHub: A new security advisory was published for your repository. Check security tab for details.,Legitimate Notification,0,0.213,LOW
Here is the updated recipe for the chocolate cake we discussed last weekend. Let me know if you need vanilla extract.,Legitimate Personal,0,0.203,LOW
Thanks for reaching out to customer support. Your ticket #49101 has been resolved. Please rate our service.,Legitimate Support,0,0.127,LOW
"Reminder: Your dentist appointment with Dr. Smith is scheduled for tomorrow at 2:30 PM. Reply 1 to confirm, 2 to reschedule.",Legitimate Service,0,0.166,LOW
"Reminder: Your dentist appointment with Dr. Smith is scheduled for tomorrow at 2:30 PM. Reply 1 to confirm, 2 to reschedule.",Legitimate Service,0,0.327,LOW
"Hi team, please find the quarterly performance slide deck attached for tomorrow's review meeting.",Legitimate Business,0,0.192,LOW
"Hey, are we still meeting for lunch at the cafeteria around 1:00 PM today?",Legitimate Personal,0,0.335,LOW
"Walmart Reward: You have a pending voucher worth $1,000. Complete this short survey at https://login-update-online-service.top before expiration.",Lottery / Prize Fraud,1,0.872,CRITICAL
State Bank Security: Unusual login from United States. Confirm your identity now at http://claim-crypto-giveaway.net to prevent account freeze.,Banking Phishing,1,0.906,HIGH
Guaranteed 450% return in 48 hours! Join our automated crypto arbitrage pool today. Send 1.8 ETH to 0x50c4ae6 and start earning.,Crypto Investment Scam,1,0.796,HIGH
"Invest $200 today and receive $3,500 daily guaranteed passive income! Contact our VIP forex manager on Telegram @CryptoProf_103.",Crypto Investment Scam,1,0.947,HIGH
Netflix Member Alert: We could not process your latest payment. Update billing details at http://kyc-urgent-support.info to avoid service cancellation.,Subscription Phishing,1,0.983,CRITICAL
Tesla & Elon Musk 100M Crypto Giveaway! Send 0.1 BTC to receive 0.5 BTC back immediately: https://bank-security-center.ru,Crypto Investment Scam,1,0.853,CRITICAL
"Walmart Reward: You have a pending voucher worth $1,000. Complete this short survey at http://usps-delivery-portal.cc before expiration.",Lottery / Prize Fraud,1,0.791,HIGH
Your monthly bank statement for account ending in 8291 is now ready to view in the official mobile banking app.,Legitimate Banking,0,0.298,LOW
Package Delivery Failed: USPS tracking #US79588260P is held at terminal due to unpaid duty fees of $2.30. Pay at https://bank-security-center.ru.,Delivery Phishing,1,0.844,HIGH
Thanks for reaching out to customer support. Your ticket #42253 has been resolved. Please rate our service.,Legitimate Support,0,0.072,LOW
URGENT: Your Citibank account has been suspended due to suspicious activity. Verify immediately at https://bank-security-center.ru to avoid permanent deactivation.,Banking Phishing,1,0.936,CRITICAL
Your verification code for Twitter is 538844. This code will expire in 10 minutes. Do not share it with anyone.,Legitimate OTP,0,0.061,LOW
"Invest $200 today and receive $3,500 daily guaranteed passive income! Contact our VIP forex manager on Telegram @CryptoProf_943.",Crypto Investment Scam,1,0.913,CRITICAL
Your verification code for Microsoft is 414842. This code will expire in 10 minutes. Do not share it with anyone.,Legitimate OTP,0,0.133,LOW
Zoom meeting invitation: Weekly Engineering Sync on Thursday at 3:00 PM EST. Join with meeting ID 4746.,Legitimate Work,0,0.32,LOW
Your order #ORD-622902 has been shipped via FedEx. Expected delivery is Friday by 5:00 PM. Track at official app.,Legitimate E-commerce,0,0.275,LOW
Here is the updated recipe for the chocolate cake we discussed last weekend. Let me know if you need vanilla extract.,Legitimate Personal,0,0.307,LOW
"Reminder: Your dentist appointment with Dr. Smith is scheduled for tomorrow at 2:30 PM. Reply 1 to confirm, 2 to reschedule.",Legitimate Service,0,0.295,LOW
Thanks for reaching out to customer support. Your ticket #42683 has been resolved. Please rate our service.,Legitimate Support,0,0.1,LOW
Your order #ORD-986092 has been shipped via FedEx. Expected delivery is Friday by 5:00 PM. Track at official app.,Legitimate E-commerce,0,0.114,LOW
GitHub: A new security advisory was published for your repository. Check security tab for details.,Legitimate Notification,0,0.22,LOW
Netflix Member Alert: We could not process your latest payment. Update billing details at http://usps-delivery-portal.cc to avoid service cancellation.,Subscription Phishing,1,0.929,HIGH
"ALERT: An unauthorized transaction of $1732 was attempted on your account. If this was not you, cancel it now at https://bank-security-center.ru.",Banking Phishing,1,0.804,HIGH
GitHub: A new security advisory was published for your repository. Check security tab for details.,Legitimate Notification,0,0.16,LOW
"Congratulations! You've been whitelisted for the Exclusive Solana Airdrop. Claim your free $5,000 token grant at http://kyc-urgent-support.info.",Crypto Investment Scam,1,0.988,HIGH
"Invest $200 today and receive $3,500 daily guaranteed passive income! Contact our VIP forex manager on Telegram @CryptoProf_817.",Crypto Investment Scam,1,0.845,CRITICAL
Your order #ORD-508775 has been shipped via FedEx. Expected delivery is Friday by 5:00 PM. Track at official app.,Legitimate E-commerce,0,0.181,LOW
Your verification code for Amazon is 567778. This code will expire in 10 minutes. Do not share it with anyone.,Legitimate OTP,0,0.059,LOW
"Hi team, please find the quarterly performance slide deck attached for tomorrow's review meeting.",Legitimate Business,0,0.11,LOW
